tree
version=v3
num_class=1
num_tree_per_iteration=1
label_index=0
max_feature_idx=19
objective=binary sigmoid:1
feature_names=font_size_ratio height_ratio width_frac left_frac right_gap_frac center_offset_frac y_center_frac gap_above_ratio gap_below_ratio cell_count baseline_count baseline_dispersion size_max_med_ratio italic_frac bold_frac math_frac digit_frac letter_frac char_count mean_char_width
feature_infos=[0.33333333333333331:7.9426632031287356] [0.028998233558307891:40.640892552644743] [0.002764147091535182:0.86036417219373917] [0.029732027864144518:0.87439154331980184] [0.058556450737847224:0.91043428657880798] [1.3712964026756535e-07:0.41233597549737666] [0.025895243943339648:0.96116371467860062] [-2:10] [-2:10] [1:45] [1:14] [0:0.46864771966183516] [1:2.6185387263614106] [0:1] [0:1] [0:1] [0:1] [0:1] [1:201] [0.036888849167596723:26.877852349605146]
tree_sizes=3295 3362 3355 3365 3363 3365 3395 3379 3378 3409 3385 3386 3389 3398 3391 3400 3389 3400 3407 3411 3410 3414 3401 3410 3401 3393 3391 3403 3410 3401 3406 3415 3409 3407 3401 3413 3402 3415 3411 3423 3420 3418 3405 3421 3420 3421 3419 3423 3420 3416 3402 3399 3430 3406 3413 3413 3416 3413 3432 3414 3425 3415 3423 3438 3404 3416 3414 3420 3415 3409 3421 3424 3430 3409 3423 3408 3429 3427 3417 3472 3417 3169 3460 3266 3468 3432 3256 3431 3256 3404 3478 3160 2840 3148 3044 3267 3414 3467 3449 3435 3405 3053 3256 3468 2953 3368 2846 3428 3439 2392 3439 3437 3437 3435 2959 3452 2602 3449 3443 3426 3439 3464 2834 3289 3449 2526 3314 2427 3455 3435 3009 2977 3442 2604 2815 2615 3432 3425 3426 3421 2624 2856 3458 2810 2829 3455 3428 3420 3456 3427 3416 3421 3419 3479 3430 2859 3449 3038 3383 3457 3524 3220 2279 2884 3451 3328 3444 3170 2502 2872 3442 3446 3357 3231 3113 3426 2552 2509 3440 3438 2623 3431 3420 3431 3446 3319 3436 3466 1945 2695 3424 3445 3441 2949 3226 2496 3452 3444 3439 1763 3437 2072 3447 2638 3420 3440 3444 3508 3434 3440 3441 3022 2946 3444 2485 3443 3446 2594 3244 3432 2840 3417 2006 3472 3443 3451 3145 3461 2293 2919 3425 3438 3422 3439 3437 3455 3444 2625 3439 3472 3457 3218 3419 3428 2832 3073 3447 3437 2648 2259 3457 3431 3468 2625 3453 3436 3341 3449 3441 2182 2829 3255 3441 3276 3451 2508 3471 2612 2824 3449 2923 3434 3435 2198 3443 3448 3435 3447 3429 2675 3444 3513 3453 3448 3532 1863 2799 3469 3443 3450 3439 2918 3434 3462 3436 3452 2174 3451 1668 3362

Tree=0
num_leaves=31
num_cat=0
split_feature=15 18 3 19 15 3 0 3 5 17 15 0 15 0 8 0 17 0 7 8 11 18 4 7 5 6 5 16 11 7
split_gain=8450.07 1293.17 655.345 575.816 313.292 306.919 156.105 143.445 123.666 104.459 102.751 88.1581 57.0359 52.4398 51.844 50.6224 49.8072 48.7839 46.7821 42.8795 40.0333 39.742 38.9323 41.3705 38.6139 38.4713 31.3452 31.1985 29.3718 28.3028
threshold=0.09938271604938273 6.5000000000000009 0.1834434309816049 0.55279732337973542 0.056710977701543742 0.2057335454937749 1.0033770501877992 0.50823545767590905 0.17040764859855237 0.99528301886792458 0.21498599439775914 0.65265092346082143 0.133974358974359 1.0033770501877992 -0.37018611142517455 0.66666568282841698 0.53907203907203916 2.2584466459382786 -0.25064276794164642 -0.058420368102735341 0.05584211011555356 33.500000000000007 0.69717548096102055 0.077434959587938959 0.14793236427057804 0.39345812416490017 0.27788560539623164 0.32529069767441871 0.20958659671981697 0.41430731178616836
decision_type=2 2 2 2 2 2 2 2 2 2 2 2 2 2 2 2 2 2 2 2 2 2 2 2 2 2 2 2 2 2
left_child=1 3 10 7 17 -6 11 9 12 18 14 -5 19 27 -2 29 25 -3 -1 -4 -21 -18 23 -10 -13 -7 -11 -9 -12 -14
right_child=2 4 8 6 5 16 -8 13 22 26 28 24 15 -15 -16 -17 21 -19 -20 20 -22 -23 -24 -25 -26 -27 -28 -29 -30 -31
leaf_value=-1.3139469909225951 -1.3062580575640219 -1.4738952749694643 -1.1919699956403134 -1.4041172085238225 -1.4583743587375069 -1.3307228454823468 -1.4775115704950506 -1.3502946757313867 -1.2893739080862465 -1.2215263521472657 -1.2354197157567173 -1.1917458927316869 -1.3062580575640221 -1.450250807602101 -1.4667910457794833 -1.1769424150141736 -1.2700927186843247 -1.3343925636598388 -1.4645930271696024 -1.390772778959523 -1.2462081230785134 -1.4117097287773737 -1.2078670614742821 -1.4524029730990178 -1.2919869312234162 -1.1824208302973507 -1.3880621916999514 -1.2339047479181877 -1.3980010116445769 -1.1806721443779467
leaf_weight=5.5024137943983069 6.1312610805034629 1825.0720786899328 21.538019448518753 6.1312611401081076 54.866926908493042 6.1312610954046276 6.4456848353147498 9.4327093958854711 11.162039384245878 6.4456846714019758 10.53319203853607 63.513575598597527 12.262522161006929 5.5024138689041129 27.98370486497879 311.90825198590755 10.847615718841555 6.2884729206562033 81.278513550758362 6.9173202514648464 15.563970342278479 9.118285804986952 7.2317437678575507 5.9740493446588507 11.31925120949745 15.249546602368353 5.0307783633470535 14.777911216020584 3.7730837762355796 7.0745319277048102
leaf_count=23 25 11521 55 33 335 27 41 44 43 19 33 162 50 33 174 734 39 28 503 36 51 50 20 36 44 37 26 46 20 17
internal_value=-1.41452 -1.45581 -1.21705 -1.33962 -1.4688 -1.38085 -1.2407 -1.40718 -1.196 -1.43629 -1.39077 -1.22184 -1.18892 -1.31092 -1.43794 -1.18181 -1.27798 -1.47342 -1.45504 -1.24239 -1.29069 -1.33477 -1.30515 -1.34621 -1.20691 -1.22495 -1.29453 -1.27925 -1.2783 -1.26031
internal_weight=2591.01 2142.95 448.054 215.38 1927.57 96.2136 87.4098 127.97 399.632 98.2574 48.4212 80.9641 375.265 29.713 34.115 331.245 41.3467 1831.36 86.7809 44.0193 22.4813 19.9659 24.3678 17.1361 74.8328 21.3808 11.4765 24.2106 14.3063 19.3371
internal_count=14305 13011 1294 974 12037 488 280 694 1042 571 252 239 943 123 199 801 153 11549 526 142 87 89 99 79 206 64 45 90 53 67
is_linear=0
shrinkage=1


Tree=1
num_leaves=31
num_cat=0
split_feature=15 18 19 3 15 3 3 17 15 3 3 18 9 17 8 16 16 0 7 8 7 15 19 8 19 0 11 4 16 0
split_gain=6943.3 1082.36 470.486 435.268 268.994 270.483 111.5 117.145 103.937 64.4518 63.5394 57.7201 120.223 55.6898 45.9699 45.5671 40.3464 37.0505 35.2801 35.7267 34.8663 32.983 50.5992 25.3078 24.9603 22.9401 22.2982 20.4442 20.249 19.9342
threshold=0.09938271604938273 5.5000000000000009 0.53520632357871667 0.1834434309816049 0.050316455696202543 0.2057335454937749 0.50823545767590905 0.99528301886792458 0.19538706256627789 0.22851464015985631 0.56266526592694399 9.5000000000000018 3.5000000000000004 0.84021276595744687 0.41488626332771611 0.50555555555555565 0.10557275541795667 1.0033770501877992 -0.48363472228108573 1.228222419830258 -0.24214226331986635 0.15319426336375494 0.68139360442597663 -0.31942331080583125 0.43471256101863642 2.2584466459382786 0.20958659671981697 0.7310491449692671 0.099450549450549472 0.66666568282841698
decision_type=2 2 2 2 2 2 2 2 2 2 2 2 2 2 2 2 2 2 2 2 2 2 2 2 2 2 2 2 2 2
left_child=1 2 6 8 11 -6 7 20 23 -4 15 12 -3 16 28 21 -7 24 19 -11 -1 22 -5 -2 -8 -13 -10 -9 -12 -23
right_child=3 4 9 10 5 13 17 27 26 18 14 25 -14 -15 -16 -17 -18 -19 -20 -21 -22 29 -24 -25 -26 -27 -28 -29 -30 -31
leaf_value=0.076943111628156813 0.065806082384030809 -0.040602932219236332 0.025012974140921643 0.094355171912304123 -0.043710485827122593 0.16322732842932944 0.14043900010023999 0.18616431237036757 0.15298572982796013 0.019598555807313317 0.11503426724484828 -0.058752657202016591 0.16996412524399021 -0.062882087286114594 0.19875741962353866 0.078118564327551002 0.064675049384339683 -0.033054858307717067 0.18497528568579324 0.18516922076190712 -0.055385738740315549 0.14827586819144051 0.18676589125321733 -0.049808285824416529 0.018956812465920351 0.073206740720907007 0.029046905641261507 0.056829867178600793 -0.0073351967546697169 0.19831937808821865
leaf_weight=5.3426044881343833 5.8077854514122036 35.565905168652534 8.4739527702331525 21.740690886974335 67.089258372783661 28.400231376290321 19.079540193080909 5.9783985614776594 13.806660562753679 7.1316604614257795 5.8554161339998263 1722.9088643193245 8.3749415278434736 4.2166673094034186 7.3974688798189154 9.4512996822595579 16.371800497174263 5.2318191975355139 66.061806797981262 5.9985740333795547 72.89969564974308 21.174460172653198 46.485155835747719 25.586487680673599 5.4321149587631217 3.2997820228338233 4.9230863749980918 6.2496059238910675 7.9986508637666702 330.5000316798687
leaf_count=22 25 222 41 80 423 82 60 14 40 33 20 11301 26 26 16 36 70 32 156 14 472 63 107 164 26 14 25 28 42 676
internal_value=-0.00029686 -0.0402913 0.0679885 0.166965 -0.0522247 0.0215104 0.00375291 -0.0238575 0.0271924 0.156073 0.182513 -0.0570599 -0.000469732 0.110829 0.0981201 0.18669 0.12719 0.0877352 0.170097 0.0952398 -0.04635 0.189134 0.157319 -0.0284202 0.113517 -0.0585004 0.120409 0.120063 0.0443842 0.195306
internal_weight=2594.83 2094.11 207.88 500.727 1886.23 116.078 120.214 90.4703 50.124 87.666 450.603 1770.15 43.9408 48.9887 21.2515 429.352 44.772 29.7435 79.192 13.1302 78.2423 419.9 68.2258 31.3943 24.5117 1726.21 18.7297 12.228 13.8541 351.674
internal_count=14356 13062 898 1294 12164 601 654 536 254 244 1040 11563 248 178 78 962 152 118 203 47 494 926 187 189 86 11315 65 42 62 739
is_linear=0
shrinkage=0.05


Tree=2
num_leaves=31
num_cat=0
split_feature=15 18 19 3 15 3 6 4 1 1 3 18 15 6 3 8 1 1 0 0 0 8 19 9 6 7 1 17 0 17
split_gain=5876.39 1074.05 340.207 332.082 230.214 199.702 117.506 90.133 80.941 72.28 72.2444 53.7732 52.3511 43.9536 45.1926 57.6627 36.059 35.0768 32.2074 29.816 35.6849 28.1612 44.0818 25.5991 25.0957 20.9504 20.9303 20.317 24.925 18.1212
threshold=0.09938271604938273 6.5000000000000009 0.55279732337973542 0.18773028429816754 0.055250305250305255 0.20874633041082646 0.85959538711221672 0.63518628887101725 1.7184139415223687 1.0814992030041923 0.25132760191275411 1.5000000000000002 0.19803921568627456 0.15733407427089038 0.51499126160066899 0.41488626332771611 0.64463252499111656 0.62848428248156607 2.2584466459382786 1.0033770501877992 0.99700300628816863 -0.55333107764835965 0.81431251950226835 7.5000000000000009 0.6480108511568321 -0.21417928228901681 1.7184139415223687 0.12731481481481485 0.99700300628816863 0.99528301886792458
decision_type=2 2 2 2 2 2 2 2 2 2 2 2 2 2 2 2 2 2 2 2 2 2 2 2 2 2 2 2 2 2
left_child=1 2 6 8 18 26 7 16 12 -7 19 -9 -2 -5 27 24 -1 29 21 20 -4 22 -3 -14 -16 -11 -6 28 -15 -12
right_child=3 4 10 13 5 9 -8 11 -10 25 17 -13 23 14 15 -17 -18 -19 -20 -21 -22 -23 -24 -25 -26 -27 -28 -29 -30 -31
leaf_value=0.039053578654444775 -0.040803332251745185 -0.060847220790498119 0.0027800740331911681 0.043286616786739014 -0.050199212668072583 0.004823218187253512 -0.060954239100357577 0.094864239866124134 0.15688059008712241 0.18194432232371119 0.049140754679147053 -0.039642990563171117 -0.0012825801209805662 0.053632103930250245 0.01194570962220938 0.17696873260415646 0.13045571378969356 0.17035784550649519 0.056709771524564224 -0.061818994307248444 0.1736942961338529 -0.057865345953716119 0.096809310445125682 0.12488243624246996 0.1288751938577227 0.10118063154837727 0.082807533410332604 0.16767309476525752 0.1553376453747275 0.13634997149838976
leaf_weight=18.81580026447773 28.476556003093719 10.687844112515451 6.6982693225145349 8.1373244225978834 54.827849298715591 15.107867568731306 41.5596674233675 9.5248285382986051 10.098063334822653 14.490034088492392 10.379803076386452 33.792029812932014 6.9951521754264858 8.7338023185729998 13.589569017291071 16.504623532295227 25.298856899142265 59.852519929409027 6.2287093698978415 5.2275727540254584 5.6133048385381707 1682.8135372251272 7.5771083533763877 9.4549193382263166 6.9280721247196189 18.010116562247276 3.1264608502387992 416.18162010610104 19.415697202086449 13.97838169336319
leaf_count=83 178 73 33 31 360 73 282 40 26 30 40 211 33 33 63 30 78 121 27 34 12 11450 34 29 20 61 15 810 40 35
internal_value=-0.000527091 -0.0394172 0.0621855 0.14543 -0.0523491 0.0193071 0.00826347 0.0411654 0.0289694 0.095184 0.130544 -0.0100666 0.000219094 0.158522 0.16047 0.107395 0.0914708 0.149772 -0.0567796 0.0382263 0.0807062 -0.0571951 0.00455567 0.0712326 0.0514286 0.137189 -0.0430239 0.164892 0.123782 0.0991873
internal_weight=2588.13 2043.61 230.741 544.515 1812.87 105.562 128.991 87.4315 55.0247 47.608 101.75 43.3169 44.9266 489.491 481.353 37.0223 44.1147 84.2107 1707.31 17.5391 12.3116 1701.08 18.265 16.4501 20.5176 32.5002 57.9543 444.331 28.1495 24.3582
internal_count=14385 13092 969 1293 12123 539 694 412 266 164 275 251 240 1027 996 113 161 196 11584 79 45 11557 107 62 83 91 375 883 73 75
is_linear=0
shrinkage=0.05


Tree=3
num_leaves=31
num_cat=0
split_feature=15 18 3 19 15 3 8 0 4 8 1 0 5 15 18 17 18 7 1 1 6 4 8 0 7 19 0 1 1 7
split_gain=4995.29 1021.48 387.634 258.482 135.263 131.538 121.882 118.534 107.785 90.0994 87.3603 51.0623 44.4082 40.4184 46.8835 35.2452 34.6231 34.5624 32.4031 28.4977 25.7446 25.3693 25.345 22.7565 22.4809 22.2312 20.1768 14.9286 14.3865 13.9587
threshold=0.082843137254901972 9.5000000000000018 0.1834434309816049 0.57820550178520469 0.049281521959117593 0.18773028429816754 2.0180299201632756 1.0033770501877992 0.63518628887101725 -0.10560895493855127 1.0189552450818258 0.66666568282841698 0.17040764859855237 0.15707236842105265 28.500000000000004 0.61034790365744884 1.5000000000000002 0.077434959587938959 1.0846890471706712 1.3228834719513789 0.36492905472264153 0.23108473634408191 1.2221883442437136 0.66666568282841698 0.41430731178616836 1.2958409878186468 2.2584466459382786 1.4620681573581027 0.62848428248156607 -0.029926227683874138
decision_type=2 2 2 2 2 2 2 2 2 2 2 2 2 2 2 2 2 2 2 2 2 2 2 2 2 2 2 2 2 2
left_child=1 3 9 6 26 27 8 11 17 15 -7 22 13 14 20 19 -10 -1 -16 -2 -4 -14 -5 24 -15 -12 -3 -6 -13 -23
right_child=2 4 12 7 5 10 -8 -9 16 -11 25 28 21 23 18 -17 -18 -19 -20 -21 -22 29 -24 -25 -26 -27 -28 -29 -30 -31
leaf_value=0.035795094731692068 0.048231807876517818 -0.057553846797720666 0.088803692136369822 0.018243098332745077 -0.057037159442607878 -0.048341085184111218 -0.05738342500599878 -0.048083000960430049 0.061910833658525011 -0.041588941391888359 0.092300803300824644 0.094763494861043795 -0.0030377895964455032 0.057597884728643835 -0.0067509650824549086 -0.0073005323402125268 -0.035039101062528666 0.11731782656635532 0.097232426353597023 0.17540228739524796 0.15668718242731131 0.13653082075948694 0.14364549719757849 0.15142831128070847 0.15979758798836982 0.18853719518863724 0.061791902247164222 0.038645876407598034 0.15243071740881356 0.057890609198654346
leaf_weight=20.647849202156067 7.9536203891038957 1589.7090570032597 18.992087692022324 14.186802059412004 43.193275630474091 10.194032803177832 47.415364101529121 10.843436241149901 11.941472381353377 37.874213173985481 18.893808975815777 12.836663782596586 7.1732116937637356 13.147602245211603 10.013960003852842 8.06463375687599 40.244863823056221 35.107254609465599 29.748617216944695 9.8746149688959104 52.785328298807144 13.83720993995667 5.6274927407503119 383.9278631657362 9.1088308095931989 8.7942221164703351 3.5493338108062735 4.5013431608676902 68.679989039897919 9.5285930335521645
leaf_count=88 34 11244 56 62 299 61 329 69 52 245 64 37 34 46 47 44 259 107 84 20 96 31 12 665 16 17 14 24 135 34
internal_value=-0.000361339 -0.0395392 0.124231 0.0511988 -0.0539988 0.00723909 0.00943702 0.109037 0.0387892 0.00755285 0.0767952 0.125851 0.137802 0.141258 0.114598 0.0794339 -0.0128547 0.0871274 0.0710449 0.118668 0.138725 0.0792112 0.0538589 0.148579 0.0994249 0.122867 -0.057288 -0.0480067 0.14335 0.104461
internal_weight=2558.4 1946.37 612.03 267.531 1678.84 85.5767 155.357 112.174 107.941 63.7671 37.8821 101.331 548.263 517.724 111.54 25.8929 52.1863 55.7551 39.7626 17.8282 71.7774 30.539 19.8143 406.184 22.2564 27.688 1593.26 47.6946 81.5167 23.3658
internal_count=14325 12873 1452 1150 11723 465 835 315 506 343 142 246 1109 1010 283 98 311 195 131 54 152 99 74 727 62 81 11258 323 172 65
is_linear=0
shrinkage=0.05


Tree=4
num_leaves=31
num_cat=0
split_feature=15 18 3 17 4 15 3 9 1 5 1 18 12 3 8 19 2 17 6 15 17 17 10 15 10 6 6 1 12 1
split_gain=4287.58 947.896 354.761 250.532 146.798 143.419 137.244 80.0113 76.954 56.5336 48.731 39.2345 64.3128 34.8342 46.9301 31.1339 30.116 28.0378 25.4928 25.0831 24.0407 20.8406 20.3957 19.4144 32.1192 18.8935 15.9411 14.5019 14.3227 13.9704
threshold=0.082843137254901972 5.5000000000000009 0.19343368679869413 0.32971014492753631 0.49004915025499135 0.047394429469901175 0.18773028429816754 3.5000000000000004 1.3470872676719015 0.22514169356402233 0.64463252499111656 12.500000000000002 1.0322231350674331 0.49366807625963799 0.41488626332771611 0.59139303467386528 0.0065023384842218144 0.52020408163265319 0.1701618734032217 0.19803921568627456 0.55028089887640463 0.55028089887640463 2.5000000000000004 0.14160401002506268 1.5000000000000002 0.6480108511568321 0.15733407427089038 0.9177380860800326 1.368585927421911 0.77333514006760085
decision_type=2 2 2 2 2 2 2 2 2 2 2 2 2 2 2 2 2 2 2 2 2 2 2 2 2 2 2 2 2 2
left_child=1 3 8 4 10 11 -7 -8 19 -5 -1 12 22 18 20 16 -6 -10 26 28 25 -9 -3 24 -20 -15 -4 -12 -2 -11
right_child=2 5 13 9 15 6 7 21 17 29 27 -13 -14 14 -16 -17 -18 -19 23 -21 -22 -23 -24 -25 -26 -27 -28 -29 -30 -31
leaf_value=0.0079479343335016588 -0.052660050299438758 -0.038666528566773592 0.019145542905589855 0.13293809213443375 0.028204490716378944 -0.04583949388346055 -0.021754695271814908 0.15413495087099399 0.13478480051714309 -0.023437290687643955 0.12957926108526055 -0.056939905459169729 0.1625753956293412 0.028358154291846977 0.13482959796015712 0.095431294424640795 -0.055346217300623668 0.013763091706317766 0.03590040126296682 0.037790017340031068 -0.066826846237849957 0.062689837075987326 0.07433681654574667 0.13533527656762964 0.12224224046437249 0.13535591196907243 0.11873073708216315 0.059741174200735062 0.044581198963478612 0.077948208927147322
leaf_weight=17.901861324906349 36.19179904460907 61.668195828795433 8.3530756831169146 83.962674424052238 13.167165115475653 52.662606492638588 14.183894097805021 18.832732722163204 13.099434554576876 7.3697171658277494 25.226376995444298 1499.9171282351017 4.5717569738626471 14.015027493238454 23.559475213289261 4.4898895025253287 59.625500947237015 7.5408530086278907 12.80477327108383 12.816213130950926 4.6151798814535132 9.3110555708408338 4.2694150209426871 416.44297008216381 67.821525856852531 5.846980705857276 7.7441086024045935 10.538609832525252 4.2292317301034918 6.3044756054878235
leaf_count=76 246 417 31 168 67 368 78 43 28 40 52 11020 11 56 40 12 419 35 47 50 25 36 17 698 144 13 15 37 22 25
internal_value=-0.000815141 -0.0385132 0.111612 0.0569633 0.011764 -0.0516178 0.00804185 0.0750791 0.00861422 0.117584 0.0752921 -0.0552264 -0.0187757 0.125171 0.0844555 -0.0323514 -0.0402331 0.09057 0.128982 -0.0231603 0.0359701 0.123881 -0.0313496 0.130987 0.10853 0.0598562 0.0670545 0.109001 -0.0424857 0.0233064
internal_weight=2529.08 1894 635.081 228.586 130.949 1665.42 94.9903 42.3277 73.8775 97.6369 53.6668 1570.43 70.5094 561.203 48.0367 77.2826 72.7927 20.6403 513.166 53.2372 24.4772 28.1438 65.9376 497.069 80.6263 19.862 16.0972 35.765 40.421 13.6742
internal_count=14336 12886 1450 896 663 11990 525 157 381 233 165 11465 445 1069 134 498 486 63 935 318 94 79 434 889 191 69 46 89 268 65
is_linear=0
shrinkage=0.05


Tree=5
num_leaves=31
num_cat=0
split_feature=15 18 3 17 15 4 3 9 15 5 7 18 9 1 7 16 5 7 8 1 18 15 19 4 1 9 9 4 0 19
split_gain=3924.81 846.721 263.207 237.781 125.175 123.184 116.461 72.7094 69.8395 58.0231 48.228 43.543 53.6446 40.8275 40.499 38.3318 27.2609 26.2329 22.669 22.1537 20.4759 19.7166 36.9204 18.3933 14.4566 14.0422 13.1508 12.9942 12.6837 12.0212
threshold=0.082843137254901972 5.5000000000000009 0.1834434309816049 0.32971014492753631 0.047394429469901175 0.49004915025499135 0.18773028429816754 3.5000000000000004 0.19538706256627789 0.22514169356402233 -0.24214226331986635 12.500000000000002 3.5000000000000004 0.49807773411466871 0.096880517238449995 0.50555555555555565 0.17040764859855237 1.0800707262200955 -0.35747395171466556 1.2205234094425037 14.500000000000002 0.15707236842105265 0.67254193223561287 0.33891773384158358 1.4620681573581027 8.5000000000000018 5.5000000000000009 0.21603839849334919 0.66666568282841698 0.35300020676557381
decision_type=2 2 2 2 2 2 2 2 2 2 2 2 2 2 2 2 2 2 2 2 2 2 2 2 2 2 2 2 2 2
left_child=1 3 8 5 11 13 24 -8 18 -5 -7 12 -3 -1 -15 16 21 -11 -2 25 -17 22 -4 -14 -6 -10 -9 -18 -23 -12
right_child=2 4 15 9 6 10 7 26 19 17 29 -13 23 14 -16 20 27 -19 -20 -21 -22 28 -24 -25 -26 -27 -28 -29 -30 -31
leaf_value=-0.01820825852687568 0.056507675445912703 -0.036373762660073521 0.057499019390565037 0.12198941335147127 -0.056033587389666108 0.079840539679015332 -0.030031549489914662 0.070237232388317 -0.035014017051072675 -0.033131454402609832 0.0044013681698688413 -0.056509676332273419 0.013956228622042783 0.016401398425869632 0.12030813051871009 0.086310372658837051 0.013318297208207971 0.11807636106808378 -0.047344198691303449 0.12842126586108749 -0.043146520152476608 0.085508053029433317 0.11886031938314792 0.13651276022278311 0.03739553119868852 0.084805772862703771 0.1387301414552464 0.088302649487634166 0.12475267108935013 -0.057398700754287629
leaf_weight=12.027781218290327 6.1749610453844062 56.743333518505096 35.833331257104874 89.514206200838089 43.853928491473198 8.1143752038478834 13.407124459743498 11.843378707766535 4.8578225076198596 9.6775636970996839 9.0838442295789701 1445.32046918571 5.7816087901592237 13.972538203001021 28.51695504784584 6.5812919586896879 7.5081565529108039 4.0766965597867957 35.256727561354637 11.138867750763891 5.6997974514961243 21.645089879631996 77.605177775025368 6.50702203810215 4.572060912847518 4.9234824329614639 17.165397793054581 25.066564083099365 421.79711303114891 58.831391528248787
leaf_count=54 26 392 110 168 326 27 77 40 25 54 52 11046 30 56 58 17 33 13 248 22 27 54 144 15 25 16 38 64 663 431
internal_value=-0.000664752 -0.0382885 0.103524 0.0506061 -0.051237 0.00576021 0.00577101 0.0662621 0.00573594 0.107298 -0.0353679 -0.0546567 -0.015862 0.0631173 0.0861387 0.113656 0.115478 0.0116858 -0.0318662 0.0802056 0.0262279 0.118079 0.0994773 0.0788518 -0.0472126 0.025298 0.110767 0.0710195 0.122837 -0.0491328
internal_weight=2503.1 1839.01 664.088 233.815 1605.19 130.547 90.8419 42.4159 62.3519 103.268 76.0296 1514.35 69.032 54.5173 42.4895 601.737 589.455 13.7543 41.4317 20.9202 12.2811 556.881 113.439 12.2886 48.426 9.7813 29.0088 32.5747 443.442 67.9152
internal_count=14351 12902 1449 913 11989 678 506 155 337 235 510 11483 437 168 114 1112 1068 67 274 63 44 971 254 45 351 41 78 97 717 483
is_linear=0
shrinkage=0.05


Tree=6
num_leaves=31
num_cat=0
split_feature=15 18 19 15 2 0 8 17 5 8 17 16 7 4 0 0 8 15 11 18 19 19 19 5 1 18 0 17 18 8
split_gain=3504.93 811.516 190.509 122.407 114.062 90.4483 80.9306 77.7858 73.6455 64.9865 63.005 57.6944 36.5766 34.8881 34.7094 33.6837 33.5826 33.571 31.9502 31.1753 24.7334 24.3738 22.0179 21.1655 19.9067 18.5997 14.9286 27.6623 13.1156 12.3921
threshold=0.082843137254901972 9.5000000000000018 0.53520632357871667 0.047394429469901175 0.62312725166869332 1.0033770501877992 2.0180299201632756 0.59508740204942745 0.17277127846866011 -0.34429611182886427 0.53907203907203916 0.14232409381663116 -0.029926227683874138 0.74122592202978199 0.66666568282841698 2.2584466459382786 -0.90822864495876787 0.14160401002506268 0.009299911304125873 25.500000000000004 0.49001227688314258 1.2354717755000899 0.86370314655063052 0.037513471117206654 0.89653916926452715 2.5000000000000004 0.66666568282841698 0.49666666666666676 11.500000000000002 -0.13407014732320882
decision_type=2 2 2 2 2 2 2 2 2 2 2 2 2 2 2 2 2 2 2 2 2 2 2 2 2 2 2 2 2 2
left_child=1 2 6 15 8 14 9 29 17 16 11 -5 28 -11 25 -3 -1 18 23 -20 -12 -13 -22 -2 -14 -4 27 -19 -10 -6
right_child=4 3 5 10 7 -7 -8 -9 12 13 20 21 24 -15 -16 -17 -18 26 19 -21 22 -23 -24 -25 -26 -27 -28 -29 -30 -31
leaf_value=0.087329659457118139 0.072820801340329741 -0.055624824195996049 0.075776148716285407 0.13243573095133246 0.11792064549915748 -0.048915521947860016 -0.055769864069404609 -0.048198298212090124 0.10485125993915785 0.077702776169163254 0.05147522296962858 -0.061235439243550488 0.037594122258643836 0.0006486039988066551 0.1096248646317632 0.093314265914066871 -0.056080638351282276 0.006503970333996867 0.11743891741949777 0.057538474530060384 -0.05032610691845292 0.067539574910654154 0.048139101347631212 -0.06642732298419847 -0.064427949228038392 -0.016661096840702598 0.11406080789044733 0.11203753591656894 0.026692723674809977 0.041754481623437499
leaf_weight=4.8335739076137569 5.1763593554496747 1409.1396177187562 14.914673030376436 15.167396470904352 12.448882609605791 11.670632585883139 43.377997919917107 21.880121111869812 16.661391362547878 46.67228801548481 9.074073448777197 8.5474225729703885 9.7334033697843569 21.437633827328682 99.580794468522072 3.8063982725143424 26.260415703058243 9.3906499147415179 47.440815538167953 40.066811963915825 45.370178490877151 6.4453522711992255 6.4894768148660651 5.771675780415535 9.3979087322950345 8.5682124644517881 463.26024529337883 18.329048603773117 7.9184899479150763 9.3520465046167356
leaf_count=16 15 11195 39 29 26 77 332 148 37 150 43 60 37 125 192 14 177 35 84 127 326 22 27 32 59 39 729 36 33 38
internal_value=-0.000309147 -0.0371107 0.0414825 -0.0516018 0.0965496 0.0841143 0.0011972 0.0184035 0.101941 0.0261067 0.00457549 0.0636806 0.0393209 0.0534499 0.09673 -0.0552236 -0.0337874 0.106585 0.0799378 0.0900125 -0.0246795 -0.00587542 -0.0380046 -0.000589177 -0.0125224 0.0420485 0.111928 0.0762857 0.0796722 0.0852473
internal_weight=2458.18 1781.36 277.316 1504.04 676.828 134.734 142.582 43.6811 633.147 99.2039 91.0939 30.1602 43.7112 68.1099 123.064 1412.95 31.094 589.436 98.4557 87.5076 60.9337 14.9928 51.8597 10.948 19.1313 23.4829 490.98 27.7197 24.5799 21.8009
internal_count=14299 12863 1147 11716 1436 347 800 212 1224 468 507 111 166 275 270 11209 193 1058 258 211 396 82 353 47 96 78 800 71 70 64
is_linear=0
shrinkage=0.05


Tree=7
num_leaves=31
num_cat=0
split_feature=15 18 15 17 3 3 4 15 7 18 10 1 17 0 1 7 3 3 7 1 6 18 6 11 0 17 18 7 19 0
split_gain=3103.54 771.161 208.439 182.777 166.19 148.703 105.639 53.2177 50.2271 48.2001 63.5918 48.1686 30.1727 26.6795 24.0752 25.6802 20.5617 20.9197 25.5538 18.4671 16.8115 16.3821 16.0738 14.2963 12.967 12.836 21.102 10.9025 10.7099 9.47189
threshold=0.09938271604938273 5.5000000000000009 0.047394429469901175 0.32971014492753631 0.2057335454937749 0.18773028429816754 0.49004915025499135 0.18898809523809526 -0.24214226331986635 12.500000000000002 2.5000000000000004 1.0814992030041923 0.12731481481481485 0.99700300628816863 0.49807773411466871 0.13035535793253919 0.5823991314258451 0.25132760191275411 1.2414405030374527 1.3125724938859344 0.57754794997398307 32.500000000000007 0.15733407427089038 0.010490979448642855 2.2584466459382786 0.55028089887640463 34.500000000000007 -0.14547179636930949 0.35300020676557381 2.2584466459382786
decision_type=2 2 2 2 2 2 2 2 2 2 2 2 2 2 2 2 2 2 2 2 2 2 2 2 2 2 2 2 2 2
left_child=1 3 9 6 -4 7 14 -2 -8 10 24 23 13 20 -1 -16 17 18 -5 27 -7 -13 -14 -6 -3 -24 -27 -9 -10 -11
right_child=5 2 4 16 11 12 8 19 28 29 -12 21 22 -15 15 -17 -18 -19 -20 -21 -22 -23 25 -25 -26 26 -28 -29 -30 -31
leaf_value=-0.0044247334824587077 -0.035015363519909165 -0.039092827494331399 -0.04354777139627547 -0.0026857963373251551 -0.062933564908289372 -0.050500698817503888 0.077862539158475422 0.068940858641184807 0.001167578420926697 -0.05608903466523131 0.10088296380126874 0.11379261847573703 0.032864098766715616 0.08610260060261718 0.024876660695130177 0.10475387931012244 0.03133465649970954 0.11218428542869315 0.13009878260876762 0.10720101819619166 0.065950687131001037 0.050436335718473405 0.10746388337806112 0.031983247489629489 0.057272718175291774 0.096775467667742865 0.033103895418110915 -0.022382200368425212 -0.056324345043788804 0.031632353115095435
leaf_weight=11.62725657224655 28.018365830183029 56.761375777423382 66.344023674726486 9.3760774582624418 6.3485897481441524 7.5169869363307935 9.1032620221376401 6.4515788555145264 9.5281809717416746 1324.7105682045221 10.36330661177635 33.422871500253677 8.2041458040475828 25.326326370239258 15.577422097325323 28.419969916343689 11.304884135723112 84.751813337206841 5.9053063690662375 12.778623312711714 5.2735141962766647 14.68636132776737 430.49185670912266 10.575734257698057 3.7196397185325614 110.50295828282833 14.749777778983114 6.6233392506837863 54.060829028487206 3.0844353437423697
leaf_count=49 183 408 494 46 40 36 28 20 55 10979 28 61 25 47 58 54 38 139 13 23 14 49 670 44 17 193 44 32 425 13
internal_value=-0.000589278 -0.0350222 -0.0480851 0.048375 0.0121297 0.0923082 0.0077009 0.0127217 -0.0319843 -0.0537412 -0.0135572 0.0689292 0.0994294 0.0563751 0.059563 0.0764731 0.0952518 0.102475 0.0486272 0.0644559 -0.00248788 0.0944518 0.102339 -0.0036216 -0.0331663 0.103365 0.0892775 0.0226795 -0.0477098 -0.0558853
internal_weight=2425.61 1769.67 1530.02 239.655 131.378 655.937 128.317 53.8719 72.6923 1398.64 70.8443 65.0336 602.066 38.1168 55.6246 43.9974 111.338 100.033 15.2814 25.8535 12.7905 48.1092 563.949 16.9243 60.481 555.745 125.253 13.0749 63.589 1327.8
internal_count=14325 13038 12133 905 688 1287 669 258 508 11445 453 194 1029 97 161 112 236 198 59 75 50 110 932 84 425 907 237 52 480 10992
is_linear=0
shrinkage=0.05


Tree=8
num_leaves=31
num_cat=0
split_feature=15 18 3 8 15 5 3 0 9 8 8 4 1 6 9 6 17 1 6 0 17 18 16 7 0 8 3 18 7 15
split_gain=2828.45 750.45 199.477 145.09 114.158 95.055 85.8275 83.2334 54.0893 48.0182 38.0322 28.9431 28.6179 28.2515 27.6799 24.8585 23.3269 22.1238 20.9904 19.0728 16.8242 43.5009 16.5282 16.0921 12.3221 20.8187 9.64602 8.27809 7.42896 7.31782
threshold=0.081799933087989302 9.5000000000000018 0.1834434309816049 2.4463431993412228 0.047394429469901175 0.14793236427057804 0.18773028429816754 1.0033770501877992 5.5000000000000009 -0.37734305668795159 -0.10560895493855127 0.18619599718685839 0.4514169420800534 0.65556543523615074 7.5000000000000009 0.16122369091920183 0.12731481481481485 1.0189552450818258 0.50872468466710574 2.2584466459382786 0.5300120048019209 34.500000000000007 0.10982310372554276 0.43603658890415475 0.6677596311914803 0.33146010212521754 0.17708505368700217 40.500000000000007 0.9020824090302112 0.27888888888888896
decision_type=2 2 2 2 2 2 2 2 2 2 2 2 2 2 2 2 2 2 2 2 2 2 2 2 2 2 2 2 2 2
left_child=1 3 10 5 19 7 28 12 17 -7 14 -11 -1 -9 26 -4 18 -8 22 24 -18 -22 -17 29 25 -3 -2 -16 -6 -12
right_child=2 4 15 -5 6 9 8 13 -10 11 23 -13 -14 -15 27 16 20 -19 -20 -21 21 -23 -24 -25 -26 -27 -28 -29 -30 -31
leaf_value=0.030080280358858527 -0.064532215196229523 -0.058086329126886473 0.023689065143245609 -0.051393909855946621 -0.051140607577680679 -0.054490162255621005 -0.061846109711067625 -0.053847414652094375 0.11387722781051338 0.11224392962459032 -0.059284114318445158 0.017397396797678662 0.096920245182992373 0.1059056467860266 0.12803981760775282 0.064465549683577622 0.10032644665520241 0.039103834562332955 0.086323649593120236 0.061453109461806765 0.09228309321323977 0.016060255875012749 -0.035960758729502093 0.040030087972532408 -0.055385218126548168 0.13248164719475639 0.036233835727558179 0.053213871784628303 0.02300925273286878 0.019785345885250532
leaf_weight=18.409257352352142 5.5147668272256869 3.6714807823300353 13.207837343215941 38.911792077124119 40.486411347985268 21.725452162325382 8.5557594224810618 15.103055387735369 20.198797225952148 9.4868334680795652 26.921816758811477 52.866477660834789 123.0904848203063 3.3883492499589911 6.8137606084346762 7.9321180284023312 444.99470667541027 14.843048453330992 23.45318628847599 3.5222651660442343 123.80965316295624 22.05242346227169 8.473934739828108 5.8320012688636771 1297.1794793978333 2.3507738560438156 4.1714447289705276 8.0788509845733625 3.6853859573602668 3.2830415666103354
leaf_count=61 33 31 41 314 323 155 57 95 39 19 208 254 237 9 16 17 694 54 44 13 212 73 39 32 11183 13 17 26 26 12
internal_value=-0.000657202 -0.0359671 0.083414 0.0382718 -0.0510323 0.0525671 0.0041673 0.0751873 0.0539356 0.00952387 -0.00329976 0.031828 0.0882243 -0.0245744 0.0446566 0.0915768 0.0929985 0.00219155 0.0559766 -0.0547399 0.095496 0.0807592 0.0125941 -0.0360083 -0.0550539 0.0163015 -0.0211365 0.0874487 -0.0449541 -0.0506899
internal_weight=2382.01 1677.48 704.54 282.982 1394.49 244.07 87.7694 159.991 43.5976 84.0788 60.6157 62.3533 141.5 18.4914 24.5788 643.924 630.716 23.3988 39.8592 1306.72 590.857 145.862 16.4061 36.0369 1303.2 6.02225 9.68621 14.8926 44.1718 30.2049
internal_count=14347 12883 1464 1144 11739 830 499 402 150 428 344 273 298 104 92 1120 1079 111 100 11240 979 285 56 252 11227 44 50 42 349 220
is_linear=0
shrinkage=0.05


Tree=9
num_leaves=31
num_cat=0
split_feature=15 3 3 4 5 8 6 11 15 2 8 15 3 9 3 8 7 6 11 17 3 1 3 1 7 1 17 10 4 6
split_gain=2538.24 565.613 168.112 164.345 151.881 59.0796 49.7302 47.1859 44.4586 32.7829 30.6284 30.1277 25.2721 26.7431 21.9509 30.918 19.5767 18.0619 17.7873 17.1118 16.7207 15.8473 37.3987 13.351 12.1902 12.1401 11.646 10.7423 26.8577 10.4442
threshold=0.082843137254901972 0.26036183525851841 0.19471135482289434 0.17632161558063983 0.0060965516208823217 -0.23428327387481723 0.15733407427089038 1.0000000180025095e-35 0.18898809523809526 0.066616475971695663 -0.3319247457787054 0.050316455696202543 0.18773028429816754 4.5000000000000009 0.49366807625963799 0.63774670632365427 -0.029926227683874138 0.15733407427089038 0.16909533932054996 0.99528301886792458 0.18773028429816754 0.72285972251239927 0.21538829180150251 1.2205234094425037 0.02575109396944714 1.4620681573581027 0.53907203907203916 4.5000000000000009 0.21954239988638688 0.6480108511568321
decision_type=2 2 2 2 2 2 2 2 2 2 2 2 2 2 2 2 2 2 2 2 2 2 2 2 2 2 2 2 2 2
left_child=1 9 8 26 5 -5 -6 -8 10 19 -2 21 25 -14 17 18 -10 -4 29 24 -21 22 -11 -18 -1 -13 -3 -12 -29 -16
right_child=2 3 14 4 6 -7 7 -9 16 11 27 12 13 -15 15 -17 23 -19 -20 20 -22 -23 -24 -25 -26 -27 -28 28 -30 -31
leaf_value=0.042287784306204473 0.054095723742392826 0.024521024014661739 0.0159561995458707 0.11912454614205913 -0.048816859589493451 -0.055398437571973658 0.038778797788748598 0.084765368842340996 0.089793422729494796 -0.052904693017706762 -0.059984924652169494 -0.048925485244347679 -0.042211516554319511 0.086502905075249936 0.018167094215116218 0.098340265009203037 -0.044288846204497856 0.091511710146104125 -0.049328620194060577 -0.010126867902836345 0.11604587084609251 -0.054672514942881972 0.065832788205121062 0.064141116574275431 -0.040936239965056992 0.038004666259597926 -0.057941969027021367 -0.045984169117999525 0.12469994239522256 0.09062796712024912
leaf_weight=5.3934039101004627 10.835965409874914 4.6142996847629538 8.0233490765094739 5.373513087630271 11.255088210105894 49.70084723085165 127.73776153475046 99.024040840566158 18.327905103564266 23.496390156447887 25.234195694327354 33.222418002784252 6.7072044089436558 10.130954995751379 14.233399376273161 24.213118702173233 6.0779405236244184 559.35091198980808 6.7566269636154166 5.636129401624201 4.9162237346172333 1149.5840599611402 9.2393716573715192 5.3272435516119003 23.888382434844971 4.5685517042875281 59.367667153477669 9.1189263239502889 3.0842716172337523 7.6432840526103965
leaf_count=22 39 21 26 14 82 428 512 261 38 194 193 277 40 25 48 36 31 890 32 32 17 10274 31 14 174 26 522 64 10 14
internal_value=-0.000922861 -0.035023 0.0788716 0.0206062 0.036455 -0.0383705 0.0537688 0.0588606 0.00969184 -0.0505806 -0.0199325 -0.0520183 -0.0157162 0.0352316 0.0875725 0.0567513 0.0577887 0.0904433 0.0215825 -0.00593447 0.0486556 -0.0536957 -0.0193921 0.00635767 -0.0256072 -0.0384165 -0.0519948 -0.0413594 -0.00284497 0.0434835
internal_weight=2332.08 1633.86 698.227 357.073 293.091 55.0744 238.017 226.762 78.0064 1276.78 48.2734 1236.95 54.6291 16.8382 620.221 52.8464 29.7331 567.374 28.6333 39.8341 10.5524 1182.32 32.7358 11.4052 29.2818 37.791 63.982 37.4374 12.2032 21.8767
internal_count=14387 12952 1435 1840 1297 442 855 773 389 11112 306 10867 368 65 1046 130 83 916 94 245 49 10499 225 45 196 303 543 267 74 62
is_linear=0
shrinkage=0.05


Tree=10
num_leaves=31
num_cat=0
split_feature=15 18 3 8 3 8 1 0 17 15 17 15 9 0 17 9 6 16 18 1 0 3 1 7 1 3 0 0 1 5
split_gain=2402.32 631.179 221.33 108.383 82.4379 62.822 54.1536 62.4392 43.6193 32.2289 42.5991 31.6631 37.7104 25.9375 38.0898 23.404 20.5957 21.6127 21.012 20.3799 19.1659 18.4155 13.2746 12.4258 26.8217 12.1498 11.779 17.1241 11.3015 8.92269
threshold=0.060120481927710849 9.5000000000000018 0.1834434309816049 9.529960790803079 0.26036183525851841 -0.10560895493855127 0.62848428248156607 1.0033770501877992 0.99528301886792458 0.047394429469901175 0.5300120048019209 0.15707236842105265 1.5000000000000002 0.66666568282841698 0.49666666666666676 6.5000000000000009 0.36492905472264153 0.37638888888888894 44.500000000000007 0.9177380860800326 2.2584466459382786 0.17110126221102048 1.0711115686771417 0.39664593069877219 1.151452100723225 0.17647059446845961 0.6677596311914803 0.59183024050119581 1.3338393290333801 0.16207500461325483
decision_type=2 2 2 2 2 2 2 2 2 2 2 2 2 2 2 2 2 2 2 2 2 2 2 2 2 2 2 2 2 2
left_child=1 3 5 4 19 15 8 -8 -6 20 -11 12 22 14 -13 25 17 -14 -18 21 26 -1 -4 -7 -25 -2 27 -3 -17 -15
right_child=2 9 11 -5 6 23 7 -9 -10 10 -12 13 16 29 -16 28 18 -19 -20 -21 -22 -23 -24 24 -26 -27 -28 -29 -30 -31
leaf_value=-0.061670923198940089 -0.062941017901074231 -0.057699917268820136 -0.070353454799202769 -0.057234217485181517 -0.010777238360715542 -0.052019618641397793 0.092367796520882672 -0.021991841722581697 0.074637329652028378 0.076818419762419946 -0.04140128005842228 -0.043482644764932604 0.055897124435817194 0.091174256461663286 0.077064868592112784 0.037829768641344984 0.089628653468937697 -0.034552425390698714 0.026789778771486857 -0.053456593104688012 0.064924698750939383 0.024508978281531906 0.037355262708317939 -0.058796262083908452 0.10058654386800608 0.036696414799440434 -0.054155889109350389 0.11239802540379856 0.1100954703926381 0.061348097657852978
leaf_weight=7.3908475637435904 5.4540487825870496 3.4187437668442726 6.7480302304029447 30.549288466572762 38.73017442971468 40.745236121118069 105.83544942736626 13.453000560402868 24.340816169977188 10.947988741099833 25.06839944422245 9.079200476408003 43.050912000238895 463.62305840849876 23.550089418888092 9.5485033243894595 92.623819388449192 7.8012393712997428 15.534111641347407 17.024577215313911 3.4087334871292105 38.435497306287289 4.9656238257884979 6.276639945805071 4.5553977638483047 6.9690818935632706 1192.8105337545276 2.6086213439702979 12.483197055757044 26.508737847208977
leaf_count=53 36 30 36 279 191 328 190 72 51 37 199 39 108 681 45 36 160 35 50 118 12 186 14 51 21 30 11131 14 26 61
internal_value=-0.00011789 -0.0368359 0.0711979 0.0315744 0.0426385 -0.00444444 0.0596583 0.0794707 0.0221866 -0.0520708 -0.00546575 0.080582 0.0618866 0.0866875 0.0435222 0.0478313 0.0682647 0.0420212 0.0806035 -0.00674392 -0.053467 0.0106099 -0.0246938 -0.0393658 0.00823195 -0.00704678 -0.0538036 0.0159178 0.0787756 0.0895611
internal_weight=2293.54 1514.02 779.517 275.76 245.21 86.0321 182.359 119.288 63.071 1238.26 36.0164 693.485 170.724 522.761 32.6293 34.4548 159.01 50.8522 108.158 62.8509 1202.25 45.8263 11.7137 51.5773 10.832 12.4231 1198.84 6.02737 22.0317 490.132
internal_count=14320 12563 1757 1140 861 528 504 262 242 11423 236 1229 403 826 84 128 353 143 210 357 11187 239 50 400 72 66 11175 44 62 742
is_linear=0
shrinkage=0.05


Tree=11
num_leaves=31
num_cat=0
split_feature=15 18 19 3 15 3 3 3 15 17 1 7 3 7 1 17 4 2 0 9 1 0 1 1 5 1 7 19 15 19
split_gain=2136.68 571.153 117.293 97.4899 92.6402 89.8562 81.0556 47.8948 45.605 36.8017 34.6084 30.9641 24.9663 22.643 22.3041 21.0706 20.0028 23.872 19.4133 18.2623 14.94 14.528 14.3231 14.0842 12.4847 11.9449 11.068 9.55704 8.64904 13.0042
threshold=0.09938271604938273 16.500000000000004 0.55499970541376875 0.23551761402803309 0.047394429469901175 0.1913455015693615 0.2057335454937749 0.49662977963469751 0.15831244778613202 0.99528301886792458 1.0000917539174872 0.077434959587938959 0.18773028429816754 -0.25064276794164642 0.4514169420800534 0.12731481481481485 0.32978932997759652 0.25866871877433434 2.2584466459382786 8.5000000000000018 1.3470872676719015 0.72156792546909421 1.4620681573581027 1.2007300543286352 0.15503796409158146 1.2722530919261892 -0.30287055565358506 2.1777825801545827 0.15707236842105265 0.68139360442597663
decision_type=2 2 2 2 2 2 2 2 2 2 2 2 2 2 2 2 2 2 2 2 2 2 2 2 2 2 2 2 2 2
left_child=1 2 7 26 18 8 22 9 20 13 -8 -9 -11 -1 -13 21 17 -5 -3 23 -2 -7 -6 -10 28 -12 -4 -23 29 -17
right_child=5 4 3 16 6 15 10 11 19 12 25 14 -14 -15 -16 24 -18 -19 -20 -21 -22 27 -24 -25 -26 -27 -28 -29 -30 -31
leaf_value=0.039610781886626208 -0.059739506285290359 -0.053965688041208604 0.0368950801870861 -0.038018373877449697 -0.054639205702285955 -0.0062328322333785845 -0.062729014453236545 -0.029704939441265794 -0.024581042645087134 -0.041113548434269648 0.037677491686796988 -0.025269691513187195 0.066983260074360201 -0.047432671560960336 0.074664495725518407 0.040203545419039616 0.08113748976630053 0.059458114022064815 0.067018783144399782 0.08269211967026513 0.033888840767968817 0.033023451036440679 0.020855688365163765 0.081166684691803243 0.053471990214571802 0.092378733103347044 -0.032494640569158351 0.090319582351510178 0.086880977649986618 0.081681914107713041
leaf_weight=8.2139295414090139 18.517089009284977 1105.6609555408359 7.0400561466813079 7.9964410662651053 48.446078062057495 10.474299043416975 6.5156949311494818 14.358475640416144 9.9282360821962339 8.0894839912652987 23.012238450348377 6.8166476488113394 15.72486602514982 82.649495087563992 30.860667809844017 26.140654757618904 105.8602591380477 29.278648763895035 3.3257036954164496 19.877748124301434 5.5339820384979239 14.181755751371385 7.2187804952263823 4.6110580936074248 35.946929320693016 17.622464418411255 31.281206488609314 14.95060297846794 437.22450682520866 68.187030926346779
leaf_count=31 148 10772 30 37 423 39 43 69 50 62 71 31 53 705 80 66 208 93 11 47 21 36 40 11 85 34 238 22 644 110
internal_value=-0.00117573 -0.0331766 0.0232661 0.051083 -0.0493935 0.0738279 -0.00399008 -0.00701075 0.0146283 -0.0250634 0.0442469 0.0327741 0.0302639 -0.0395641 0.0565842 0.0795292 0.0700461 0.038547 -0.0536029 0.0515428 -0.0381963 0.0442698 -0.0448488 0.00895627 0.08199 0.0614003 -0.019747 0.0624276 0.0839185 0.0701872
internal_weight=2225.55 1559.97 348.17 181.457 1211.8 665.574 102.815 166.714 58.4681 114.678 47.1504 52.0358 23.8144 90.8634 37.6773 607.106 143.135 37.2751 1108.99 34.417 24.0511 39.6067 55.6649 14.5393 567.499 40.6347 38.3213 29.1324 531.552 94.3277
internal_count=14310 13031 1637 606 11394 1279 611 1031 277 851 148 180 115 736 111 1002 338 130 10783 108 169 97 463 61 905 105 268 58 820 176
is_linear=0
shrinkage=0.05


Tree=12
num_leaves=31
num_cat=0
split_feature=15 18 3 3 8 15 3 0 1 8 1 0 18 1 1 4 16 10 1 3 8 6 3 15 15 5 4 0 17 3
split_gain=1964.7 533.748 109.919 96.4578 113.802 71.9971 65.7783 48.8409 48.1603 37.7171 26.9266 24.472 21.982 19.439 24.9424 18.4341 18.186 16.79 16.0146 15.1792 22.9714 16.5653 15.9495 17.1263 12.237 10.5288 9.11698 8.28005 8.08879 20.1357
threshold=0.090326340326340335 16.500000000000004 0.1834434309816049 0.26036183525851841 9.529960790803079 0.047394429469901175 0.20874633041082646 1.0033770501877992 0.62848428248156607 -0.089855396254323844 1.0189552450818258 1.9521215774443281 5.5000000000000009 0.66471074773163552 0.72285972251239927 0.17531570733762258 0.58017135862913116 3.5000000000000004 1.7184139415223687 0.49366807625963799 0.63774670632365427 0.6480108511568321 0.25132760191275411 0.15707236842105265 0.27888888888888896 0.06155933848504816 0.30970043606228304 2.2584466459382786 0.99528301886792458 0.19298430050120638
decision_type=2 2 2 2 2 2 2 2 2 2 2 2 2 2 2 2 2 2 2 2 2 2 2 2 2 2 2 2 2 2
left_child=1 3 9 12 7 27 18 8 -5 15 -8 -9 13 -1 -15 -2 19 -17 -7 22 21 -21 23 -4 -11 -12 -18 -3 -14 -30
right_child=2 5 16 4 -6 6 10 11 -10 24 25 -13 28 14 -16 17 26 -19 -20 20 -22 -23 -24 -25 -26 -27 -28 -29 29 -31
leaf_value=-0.036555464713203069 0.095135084137699832 -0.053514519745131807 0.028355032634918838 0.022950514599229602 -0.056571875047416176 -0.053901756107113931 -0.04228213331238953 -0.053924671157749904 0.076087092340651752 -0.058217585798495258 0.084944995617578206 0.090152945496502435 -0.04841885218813291 0.11821546032112754 0.0060896443224010884 -0.063802966890078028 -0.027333053758670831 0.0438966029557947 0.052408471328011907 -0.0074435248801527597 0.087878625240318253 0.071555334210515631 0.082050761350021817 0.073096911583215393 0.03668701639881905 0.022556460272391402 0.058635506269012733 0.029212722394526609 -0.057394571979733501 0.085563821250426164
leaf_weight=15.731248028576372 9.9185758605599421 1061.4165349975228 29.714281499385834 63.448363408446312 27.694936342537403 42.765821240842342 7.3550276756286612 15.107069753110411 130.03929517418146 21.990007303655151 20.423846721649173 3.6615924984216681 47.49656518548727 6.5574731230735805 20.357609659433365 5.3626333996653583 6.3484557569026929 11.128385394811628 3.8624097928404799 18.826042905449871 22.277877613902092 10.24813552200794 464.50678385794163 76.33155632019043 4.0170544534921637 10.110016301274298 5.9974425435066223 3.0332993119955054 6.0688793361186963 4.1457099989056587
leaf_count=100 20 10782 81 238 273 387 47 97 282 191 43 10 424 12 104 33 27 37 18 69 32 21 704 129 13 33 13 11 55 25
internal_value=-0.00120036 -0.0334615 0.0687691 0.0215392 0.0387545 -0.049752 -0.00533343 0.0511926 0.0586626 -0.000818069 0.0436002 -0.0258165 -0.0196221 0.00759977 0.0334075 0.041271 0.07452 0.00887431 -0.0450956 0.0757129 0.0496752 0.0204022 0.0780564 0.0605601 -0.0435586 0.0642876 0.0144291 -0.0532788 -0.039738 0.000626756
internal_weight=2175.94 1489.28 686.667 340.309 239.951 1148.97 84.5171 212.256 193.488 52.4167 37.8889 18.7687 100.357 42.6463 26.9151 26.4096 634.251 16.491 46.6282 621.905 51.3521 29.0742 570.553 106.046 26.0071 30.5339 12.3459 1064.45 57.7112 10.2146
internal_count=14311 12941 1370 1620 900 11321 528 627 520 294 123 107 720 216 116 90 1076 70 405 1036 122 90 914 210 204 76 40 10793 504 80
is_linear=0
shrinkage=0.05


Tree=13
num_leaves=31
num_cat=0
split_feature=15 18 15 8 2 1 0 1 8 5 18 19 0 17 17 15 18 9 0 7 17 7 5 18 4 8 16 0 6 7
split_gain=1834.44 578.221 97.7328 95.0511 84.746 57.7068 51.2769 44.6972 41.09 41.0471 35.7719 31.4064 26.6167 26.4266 25.9049 24.831 34.6112 30.1091 23.686 23.0176 22.0732 19.3088 17.5351 19.5915 16.5835 15.4237 14.4657 11.9485 9.73889 9.66558
threshold=0.061697065820777171 5.5000000000000009 0.14160401002506268 9.529960790803079 0.59502553004844527 0.62848428248156607 1.0033770501877992 1.0814992030041923 -0.55333107764835965 0.11746927149155562 12.500000000000002 0.81431251950226835 0.66666568282841698 0.99528301886792458 0.49666666666666676 0.03433539640436193 35.500000000000007 2.5000000000000004 2.2584466459382786 -0.57706482529811243 0.57223113964687011 -0.1729177256356163 0.15264646991405614 13.500000000000002 0.70604187211180058 -0.23428327387481723 0.2965856481481482 0.79623927340848721 0.52793550972986714 1.1820230933067035
decision_type=2 2 2 2 2 2 2 2 2 2 2 2 2 2 2 2 2 2 2 2 2 2 2 2 2 2 2 2 2 2
left_child=1 3 4 5 7 9 24 10 11 13 -2 -3 14 -1 -4 18 17 -17 27 -11 21 -6 -14 28 -7 -12 -9 -10 -24 -18
right_child=2 8 12 -5 20 6 -8 26 15 19 25 -13 22 -15 -16 16 29 -19 -20 -21 -22 -23 23 -25 -26 -27 -28 -29 -30 -31
leaf_value=0.010887576281009871 0.066161406684864824 -0.056611505506301778 -0.028751482195937813 -0.05625399372453669 0.087214237011021364 0.085301695507177505 -0.023627439489915802 0.075763305382414214 -0.018760505898755674 0.06244371552551601 0.03036012792868821 0.073555432120134129 0.077638532066919286 0.093242094114070487 0.060032965318774792 -0.057183109676382654 -0.047472848448759687 0.089900850228588083 0.039198054617110685 -0.04091862703305401 -0.055166596328893786 -0.042130111503208473 0.028728120743750158 -0.023352278301046379 0.027873735537079038 -0.046822949839201197 0.013068833397266409 -0.053815483155416691 0.084411549712028078 0.048751535174517219
leaf_weight=20.798939004540443 17.671786829829216 7.6059053167700794 12.083733029663561 24.532994464039803 6.1088262051343918 104.40527997910976 13.744269512593744 83.223225176334381 24.895105764269829 6.486235409975051 9.3207934498786944 11.859709888696669 497.07797953486443 18.322113290429115 25.666643723845482 5.0947406738996532 44.067400895059109 10.974208265542982 7.0139694809913626 31.756099499762058 29.972411774098873 5.4680629745125753 13.361845478415487 8.6226862594485265 14.291776470839975 21.182846389710903 10.344326160848139 1031.378149472177 19.043586246669292 2.7740247920155516
leaf_count=73 41 77 51 252 14 166 72 175 210 18 32 44 789 28 51 49 419 46 29 210 253 36 35 43 70 130 35 10846 33 20
internal_value=-0.000350836 -0.0346927 0.0620768 0.0368696 0.0302779 0.0477588 0.0678004 0.0486852 -0.0493304 0.0134489 0.00955523 0.0226946 0.0721982 0.0494578 0.0316134 -0.0505753 -0.0200525 0.0432671 -0.0523812 -0.0233875 -0.0325173 0.0261216 0.0750454 0.0436286 0.0783871 -0.0232386 0.0688321 -0.0529893 0.0614514 -0.0417743
internal_weight=2139.15 1380 759.149 234.338 183.292 209.805 132.441 141.743 1145.66 77.3634 48.1754 19.4656 575.856 39.1211 37.7504 1126.2 62.9104 16.0689 1063.29 38.2423 41.5493 11.5769 538.106 41.0281 118.697 30.5036 93.5676 1056.27 32.4054 46.8414
internal_count=14347 12629 1718 889 716 637 308 413 11740 329 203 121 1002 101 102 11619 534 95 11085 228 303 50 900 111 236 162 210 11056 68 439
is_linear=0
shrinkage=0.05


Tree=14
num_leaves=31
num_cat=0
split_feature=15 18 15 5 5 2 1 18 17 0 5 6 6 8 1 5 1 7 0 4 0 7 17 15 7 0 0 19 18 7
split_gain=1643.99 495.554 128.192 86.535 61.3044 52.8351 46.8712 45.2594 55.2024 34.2472 29.2021 23.3425 21.6162 20.4191 20.3305 19.263 19.238 17.5053 16.8163 16.7826 15.543 13.4579 17.6689 12.1213 18.4843 11.7188 17.429 11.167 13.716 10.5773
threshold=0.090326340326340335 9.5000000000000018 0.047394429469901175 0.0021256202854473502 0.15264646991405614 0.6032924963757883 1.0189552450818258 53.500000000000007 0.52020408163265319 1.0033770501877992 0.17040764859855237 0.36492905472264153 0.7387720840145845 -0.42145132816594483 0.4514169420800534 0.14793236427057804 0.92406563069292058 -0.26449678553862771 0.66666568282841698 0.22226356057559746 2.2584466459382786 0.41430731178616836 0.49666666666666676 0.15707236842105265 -0.20081903658381209 0.6677596311914803 0.60065426645021636 0.50466082282565861 79.500000000000014 1.2765936031182104
decision_type=2 2 2 2 2 2 2 2 2 2 2 2 2 2 2 2 2 2 2 2 2 2 2 2 2 2 2 2 2 2
left_child=1 3 20 -1 9 6 29 10 -9 14 18 19 -11 -13 -5 -8 -12 -18 21 -6 25 22 -2 24 -20 26 -3 28 -7 -4
right_child=7 2 5 4 11 27 15 8 -10 12 16 13 -14 -15 -16 -17 17 -19 23 -21 -22 -23 -24 -25 -26 -27 -28 -29 -30 -31
leaf_value=-0.057119419002264665 -0.035339453630889264 -0.056670060670604816 -0.059813277279345212 0.016469684488000361 0.051081975911455392 0.095197013472456349 0.066342577898459695 0.071126301741324768 -0.041445056188137777 -0.040258089396843798 0.052896199753350304 -0.036881787777743015 0.10106837969201782 0.035632761861468874 0.071004831446142752 -0.024710870345899773 0.047071937826905809 -0.056520381465141378 0.079041735626409038 -0.055115667783145139 0.050703547488738343 0.08225773519787008 0.050539027023059263 0.07572169068008372 0.038287730762740058 -0.052237754445586752 0.11913239604650994 -0.057450046172805649 -0.058452032673680078 0.049480579814856741
leaf_weight=26.517352171242237 9.9468116983771342 3.2588971480727196 13.648542150855066 19.760926574468613 4.5161350071430233 2.9194790273904792 46.255987823009491 21.487648405134678 22.081889189779758 13.410872317850592 29.557529650628567 12.225588276982306 3.3894945606589308 47.14041855931282 126.42532972246408 6.642772749066352 6.913050755858424 9.9443507790565473 52.090635515749454 21.109024032950401 3.7089504897594443 11.232614688575266 15.05387459695339 437.30074562877417 59.721451953053474 1020.2347453162074 2.484713338315486 27.857298031449318 2.8905452787876129 2.6422792896628371
leaf_count=275 43 32 111 65 13 19 120 43 149 88 76 88 9 199 251 39 21 59 90 153 12 18 31 675 161 11218 12 269 25 13
internal_value=-0.0007641 -0.0315425 -0.0461508 0.0287305 0.0379108 0.00707327 0.0320709 0.0633621 0.0140729 0.0558631 0.0667613 0.00348386 -0.0117453 0.0206994 0.063633 0.0549085 0.0285863 -0.0140382 0.0697884 -0.0363996 -0.0514675 0.0367966 0.0163713 0.0719653 0.0572741 -0.0518368 0.0193829 -0.0442992 0.0187551 -0.0420864
internal_weight=2082.37 1407.04 1132.54 274.495 247.978 102.857 69.1896 675.331 43.5695 162.987 631.761 84.9912 16.8004 59.366 146.186 52.8988 46.4149 16.8574 585.346 25.6252 1029.69 36.2333 25.0007 549.113 111.812 1025.98 5.74361 33.6673 5.81002 16.2908
internal_count=14377 13011 11870 1141 866 596 283 1366 192 413 1174 453 97 287 316 159 156 80 1018 166 11274 92 74 926 251 11262 44 313 44 124
is_linear=0
shrinkage=0.05


Tree=15
num_leaves=31
num_cat=0
split_feature=15 18 3 5 5 0 15 0 15 18 1 1 4 6 5 1 7 4 16 10 0 0 8 4 7 2 7 3 11 15
split_gain=1503.38 503.037 151.229 78.4972 58.7445 44.0477 41.3522 37.1107 29.7513 36.7556 23.1434 23.0386 21.2622 21.4866 19.5041 17.6264 17.3388 18.0621 15.1454 13.8332 13.0532 12.1536 13.8653 11.3797 10.658 15.2425 10.6035 9.13838 9.03958 8.87592
threshold=0.060120481927710849 9.5000000000000018 0.1834434309816049 0.0021256202854473502 0.15264646991405614 1.000230123974984 0.21103238866396765 1.0033770501877992 0.03433539640436193 35.500000000000007 0.4514169420800534 1.0000917539174872 0.18619599718685839 0.328871447630603 0.17040764859855237 1.9281085200795962 -0.029926227683874138 0.62572374530867048 0.58017135862913116 6.5000000000000009 2.2584466459382786 0.6677596311914803 0.34260398371135858 0.50539547789330597 0.4965401454928246 0.61329880312822571 1.1820230933067035 0.28842063355290043 0.078918554039186642 0.052289815447710192
decision_type=2 2 2 2 2 2 2 2 2 2 2 2 2 2 2 2 2 2 2 2 2 2 2 2 2 2 2 2 2 2
left_child=1 3 6 -1 7 14 15 10 20 11 -5 -10 -6 -14 18 24 -16 -18 27 26 21 22 -3 -9 -2 -26 -11 -4 -7 -13
right_child=2 8 5 4 12 28 -8 23 9 19 -12 29 13 -15 16 -17 17 -19 -20 -21 -22 -23 -24 -25 25 -27 -28 -29 -30 -31
leaf_value=-0.056781848292733056 -0.051146061455004978 -0.056707130666471317 0.058754744523844188 0.0083829895624520367 0.069746657216006536 -0.067136718535385512 0.04884938785614043 -0.040093476331060036 -0.05642518865977722 -0.053040059091313853 0.068711805189148087 0.12096394656697418 -0.054696379922259633 0.0078967350567120051 0.057323877601083255 0.064100776764525441 -0.055827491046240046 0.056345682583384453 0.01235531386055878 0.08797701866719615 0.037872872955844239 -0.052312114464624353 0.10198780905068611 0.064336555601343812 0.074751544125744612 -0.057371046550636511 0.048400568376643062 0.0729771247148817 0.016002509007539731 0.039140868481502764
leaf_weight=25.338335074484348 42.524234235286713 2.7684720605611792 151.61901838332415 18.149025544524193 10.254226028919218 6.7167534679174405 21.637631759047508 12.799099810421469 4.1939085721969631 38.732554979622364 128.11715333908796 6.3102528899908048 17.982771888375282 57.710433758795261 25.676823981106281 4.3425977230072013 8.8767843097448331 6.0239496678113928 11.889467030763624 2.0112217292189589 4.0682810842990866 944.84230975806713 2.7372951656579971 3.2764937281608573 4.4198875874280912 4.3131866455078125 2.7596490606665602 442.78396464884281 6.3702658712863922 6.9811181128025055
leaf_count=274 390 28 300 61 23 29 56 83 43 405 254 31 132 304 57 16 44 14 37 12 13 10848 14 13 25 40 19 700 18 22
internal_value=-0.000550012 -0.0331201 0.0564009 0.0270496 0.0356047 0.0641482 -0.00979649 0.0533008 -0.0493344 -0.0154774 0.0612261 0.0457481 0.00217958 -0.00697379 0.0659856 -0.0326195 0.0324256 -0.010479 0.0682317 -0.0400857 -0.0514979 -0.0518805 0.022191 -0.0188088 -0.0408138 0.00949739 -0.0462932 0.0693493 -0.0266677 0.0779874
internal_weight=2026.23 1289.03 737.195 273.628 248.289 659.957 77.2375 162.342 1015.41 60.9887 146.266 17.4853 85.9474 75.6932 646.87 55.5999 40.5776 14.9007 606.292 43.5034 954.416 950.348 5.50577 16.0756 51.2573 8.73307 41.4922 594.403 13.087 13.2914
internal_count=14305 12579 1726 1144 870 1199 527 411 11435 532 315 96 459 436 1152 471 115 58 1037 436 10903 10890 42 96 455 65 424 1000 47 53
is_linear=0
shrinkage=0.05


Tree=16
num_leaves=31
num_cat=0
split_feature=15 18 3 19 6 9 3 0 15 2 1 4 5 0 18 18 1 10 15 18 0 19 15 3 6 7 1 7 17 1
split_gain=1381.24 458.638 124.412 78.8013 43.0477 41.7292 86.2655 38.3458 34.9405 33.3466 37.0459 26.6428 25.9514 21.4496 19.4807 17.1835 25.8572 15.2515 14.6127 18.0203 13.5449 12.8831 12.8759 12.8973 12.4026 11.836 9.8382 9.48027 9.05477 21.125
threshold=0.060120481927710849 5.5000000000000009 0.1834434309816049 0.55499970541376875 0.85959538711221672 3.5000000000000004 0.26036183525851841 1.000230123974984 0.14160401002506268 0.0065023384842218144 0.64463252499111656 0.30970043606228304 0.17040764859855237 0.66666568282841698 13.500000000000002 27.500000000000004 1.1366822660910263 3.5000000000000004 0.15707236842105265 26.500000000000004 0.66666568282841698 0.21792161670724056 0.038218111002921142 0.17639968597811037 0.73197436173104802 0.69813284642938445 1.9281085200795962 0.077434959587938959 0.66506410256410264 0.66471074773163552
decision_type=2 2 2 2 2 2 2 2 2 2 2 2 2 2 2 2 2 2 2 2 2 2 2 2 2 2 2 2 2 2
left_child=1 3 8 4 9 21 22 12 15 25 -11 24 18 28 27 16 -2 -10 19 -4 -20 -3 -7 -24 -8 -1 -17 -14 29 -5
right_child=2 5 7 13 -6 6 11 -9 17 10 -12 -13 14 -15 -16 26 -18 -19 20 -21 -22 -23 23 -25 -26 -27 -28 -29 -30 -31
leaf_value=0.023215077611981612 -0.057534070093390392 0.0320338219699835 0.066159158810407653 -0.071218300467513693 -0.055751375200331646 -0.050290341353086333 -0.0077410155070676669 -0.02483549227912743 -0.030452824324060681 -0.054661227209321629 0.025183968598595813 0.12085210613520994 0.0641543976315192 0.070187548032671465 -0.04110215020794783 -0.05679214161976473 0.12650070406281128 0.049478476125176057 0.036445692208440218 0.031111525645398475 0.07176522305883945 -0.051852272627913143 -0.055738037263506582 0.021590512826417926 0.10141119827578884 0.090423159397604813 0.03931739884683149 0.0039378920330195325 0.051805828291363688 0.059050935710593493
leaf_weight=10.864414393901827 3.8706556707620612 4.601050190627574 87.856148168444633 6.8972504884004593 25.668747410178185 82.686298742890358 11.27860336750746 12.822062537074087 7.6495636925101271 22.078006036579609 42.476652763783932 10.830324769020079 18.300135821104053 93.182259768247604 9.1835696473717672 33.81717437505722 3.7653187215328217 27.146202720701694 29.00466500222683 62.958938665688038 423.30821499228477 875.59903671592474 8.714736647903921 14.142573587596415 3.3831241950392714 16.499894827604294 2.8902787864208213 10.167960107326506 9.7307035475969315 5.6708277314901352
leaf_count=41 36 26 157 35 290 957 75 46 45 168 152 27 35 166 43 339 12 81 66 170 654 10345 97 109 10 32 13 36 20 12
internal_value=-0.000850877 -0.0329216 0.05361 0.0303088 0.00149712 -0.0474948 -0.0211704 0.0607791 -0.00559885 0.017484 -0.00212348 0.0613778 0.0624922 0.0596461 0.0222197 -0.0350287 0.033214 0.0319062 0.0650063 0.0515282 0.0695004 -0.0514138 -0.0411083 -0.00789231 0.0174453 0.0637396 -0.0492246 0.0426468 0.0155957 -0.0124397
internal_weight=1977.05 1244.3 732.741 233.069 117.588 1011.24 131.036 653.602 79.1392 91.919 64.5547 25.4921 640.78 115.481 37.6517 44.3434 7.63597 34.7958 603.128 150.815 452.313 880.2 105.544 22.8573 14.6617 27.3643 36.7075 28.4681 22.2988 12.5681
internal_count=14295 12562 1733 916 683 11646 1275 1207 526 393 320 112 1161 233 114 400 48 126 1047 327 720 10371 1163 206 85 73 352 71 67 47
is_linear=0
shrinkage=0.05


Tree=17
num_leaves=31
num_cat=0
split_feature=3 19 18 1 0 17 10 8 6 18 4 0 1 18 16 17 3 9 9 4 5 7 7 19 0 10 19 17 4 8
split_gain=1270.32 332.692 80.161 79.9296 68.968 59.6287 59.3605 50.8105 40.3593 30.1964 27.9932 27.8283 22.0247 30.4575 18.2907 11.8195 24.2476 13.9716 10.5419 9.97565 11.388 9.75953 9.4937 38.7496 8.98624 8.66848 8.15043 6.60892 6.4185 5.94738
threshold=0.19929620331408934 0.54430805105576552 24.500000000000004 1.3125724938859344 1.0022412615143017 0.69268849961919277 3.5000000000000004 5.2778790569068237 0.15733407427089038 9.5000000000000018 0.11946150835822612 0.66666568282841698 0.10021843759488121 1.5000000000000002 0.19074371321562336 0.99528301886792458 0.18188103195888547 4.5000000000000009 7.5000000000000009 0.36959052383269669 0.14793236427057804 -0.25650850292636418 -0.26449678553862771 0.81431251950226835 2.2584466459382786 2.5000000000000004 0.75290332107587432 0.52020408163265319 0.11133818354815887 -0.20705789942556888
decision_type=2 2 2 2 2 2 2 2 2 2 2 2 2 2 2 2 2 2 2 2 2 2 2 2 2 2 2 2 2 2
left_child=3 2 7 9 8 14 24 12 26 15 28 -12 -2 -14 -5 17 -17 21 -16 -7 -21 -1 23 -11 -4 -6 -3 -25 -10 -28
right_child=1 4 6 5 25 19 -8 -9 10 22 11 -13 13 -15 18 16 -18 -19 -20 20 -22 -23 -24 27 -26 -27 29 -29 -30 -31
leaf_value=0.025067527065576741 -0.065875104951912455 0.034135548953166103 -0.052581837491913391 0.072913849534801761 -0.060557089999793992 -0.050971914031112155 0.068720058539642123 -0.055194864675197512 -0.057962848413102785 -0.049880137727772764 0.025923497977796525 0.062854685307195998 0.070478964404386321 0.015669005348611549 -0.06232368627506546 -0.036846995745226117 0.11035328672511723 0.067416283655547471 0.058201174141677407 0.09216125112134374 -0.055360389308968784 -0.049099464018790083 -0.052624429405393906 0.012559027061640591 0.044610196444203665 0.024889405414841637 -0.0010978207157469322 0.10492155616518228 0.018729593545579567 -0.071481562769077342
leaf_weight=5.4439762979745856 6.3119359314441672 5.1714170798659351 109.76714649051428 26.895421825349331 14.119453676044943 29.083667770028114 11.517329096794127 22.760514989495277 5.6237335726618749 40.491155013442039 55.422025918960571 640.4778361544013 34.079966209828854 98.905107222497463 4.6126036494970313 5.6815561056137067 5.5115550830960274 3.7258921712636939 2.9905648902058601 2.8248961046338072 2.4365887865424156 23.945226222276691 735.83219919353724 3.1466574817895872 2.430914193391799 3.7582760527729979 5.3256699368357667 5.0371531173586845 5.2985465452075005 6.8770957663655254
leaf_count=19 36 28 1297 66 136 333 28 275 59 469 153 1315 82 433 40 37 14 9 9 16 29 184 9079 18 7 19 24 23 25 61
internal_value=-0.0011844 0.0367685 -0.00907098 -0.0446416 0.0544213 0.00712678 -0.0393794 0.0140666 0.0568163 -0.0489417 0.0586669 0.0599135 0.0253836 0.0297151 0.0535566 -0.00878336 0.0356353 -0.0237972 -0.0149175 -0.0395105 0.0238441 -0.035361 -0.0512098 -0.0298239 -0.050476 -0.0425944 -0.0184701 0.0694084 -0.0207583 -0.0407639
internal_weight=1925.51 1027.85 285.773 897.659 742.074 68.8437 123.715 162.058 724.196 828.815 706.822 695.9 139.297 132.985 34.4986 44.3082 11.1931 33.1151 7.60317 34.3452 5.26148 29.3892 784.507 48.675 112.198 17.8777 17.3742 8.18381 10.9223 12.2028
internal_count=14323 3978 2158 10345 1820 493 1332 826 1665 9852 1552 1468 551 515 115 263 51 212 49 378 45 203 9589 510 1304 155 113 41 84 85
is_linear=0
shrinkage=0.05


Tree=18
num_leaves=31
num_cat=0
split_feature=15 18 3 8 3 1 1 1 15 5 15 18 8 9 19 16 18 8 15 11 18 5 5 18 4 7 19 9 5 18
split_gain=1209.55 442.283 99.4026 61.1926 42.2614 36.7655 32.4981 26.6165 25.1599 22.9828 22.0063 34.4874 30.7935 26.5294 21.7202 19.8928 17.9869 18.8462 16.9782 20.3715 16.3816 16.8241 24.6278 16.0678 14.1401 17.2676 14.1082 12.9205 12.7547 17.0193
threshold=0.060120481927710849 7.5000000000000009 0.19343368679869413 9.529960790803079 0.26036183525851841 1.7184139415223687 0.62848428248156607 0.51915580950727225 0.19803921568627456 0.17040764859855237 0.025478740668614091 42.500000000000007 0.76518214869397683 5.5000000000000009 0.26361949996358019 0.093386627906976757 27.500000000000004 -0.35747395171466556 0.15319426336375494 0.010490979448642855 12.500000000000002 0.096828152507849666 0.067700074389089968 13.500000000000002 0.69717548096102055 0.077434959587938959 0.44583643953120961 14.500000000000002 0.072070103065640337 1.5000000000000002
decision_type=2 2 2 2 2 2 2 2 2 2 2 2 2 2 2 2 2 2 2 2 2 2 2 2 2 2 2 2 2 2
left_child=1 3 5 4 28 8 7 -6 16 18 20 12 13 -12 -8 -14 17 -2 19 23 21 22 -3 -4 25 -11 -21 -13 -1 -30
right_child=2 10 9 -5 6 -7 14 -9 -10 24 11 27 15 -15 -16 -17 -18 -19 -20 26 -22 -23 -24 -25 -26 -27 -28 -29 29 -31
leaf_value=0.055512729686073771 0.092458796282124792 -0.029383810238077741 0.055269235418304252 -0.054938123607984529 0.035494600824397642 0.067978227433473148 -0.027132360872647004 -0.040311054836233179 0.033984745692651024 0.029917806644860476 -0.049370991838805202 -0.052196447642362309 0.20240475543508529 0.063578221349589722 0.067581642401719211 0.010172416704784033 -0.047934762972747097 -0.034991438712696853 0.065410669114417383 -0.0846095816544815 -0.051665365868631609 -0.044480286446138335 0.10201233848532121 -0.035181606258924518 0.07047090842306028 -0.055301107480532165 0.055398794956066789 0.070807687028753674 0.038879845152120229 -0.033513415297080983
leaf_weight=7.3400429338216773 5.2764274030923843 8.8636960163712484 7.997810527682307 20.81497523188591 49.752164654433727 16.894116014242172 6.4158928990364066 15.09197351336479 19.828368782997131 16.982823163270954 12.996528811752802 48.492566734552383 3.4281129017472258 8.6648274883627874 107.03592509776354 2.2156191021203995 40.543244577944279 6.44167712330818 437.68649877607822 1.8263373672962178 806.28934569656849 23.59349486976862 5.9667914509773246 12.716654337942598 9.8179665952920896 9.1453343704342824 121.55888494849205 2.2332350909709922 10.76655153185129 33.011411979794502
leaf_count=16 14 71 16 263 141 40 32 95 57 46 126 590 22 30 193 21 394 59 718 8 10483 236 21 54 16 46 237 14 43 230
internal_value=-0.000677357 -0.0318102 0.0509953 0.0271485 0.0345964 0.00158806 0.0460871 0.0178514 -0.0139704 0.0581124 -0.0477985 -0.0223932 0.0229132 -0.00418982 0.0622254 0.126938 -0.0321649 0.0223968 0.0605097 0.0456235 -0.0501453 -0.0182492 0.0234812 -0.00025873 0.0193129 8.96236e-05 0.0533264 -0.0467811 -0.00548256 -0.0157093
internal_weight=1879.69 1172.97 706.716 250.229 229.414 88.9838 178.296 64.8441 72.0897 617.732 922.744 78.0309 27.3051 21.6614 113.452 5.64373 52.2613 11.7181 581.786 144.1 844.713 38.424 14.8305 20.7145 35.9461 26.1282 123.385 50.7258 51.118 43.778
internal_count=14332 12627 1705 1013 750 564 461 236 524 1141 11614 803 199 156 225 43 467 73 1033 315 10811 328 92 70 108 92 245 604 289 273
is_linear=0
shrinkage=0.05


Tree=19
num_leaves=31
num_cat=0
split_feature=15 3 3 4 5 17 2 15 6 19 2 19 6 3 8 19 19 1 9 15 11 3 17 19 0 6 2 3 10 0
split_gain=1106.19 314.904 98.39 81.5724 76.6075 49.7358 36.2299 32.6616 30.3578 27.6408 26.3413 19.4135 19.3209 19.0306 25.2854 15.7893 15.2786 14.2775 14.3255 13.9135 24.206 12.9565 14.568 12.7261 12.3973 12.2947 10.8777 16.5004 10.644 8.04089
threshold=0.060120481927710849 0.26036183525851841 0.1834434309816049 0.32978932997759652 0.0021256202854473502 0.56306818181818186 0.066616475971695663 0.15319426336375494 0.15733407427089038 0.55499970541376875 0.0065023384842218144 0.44230872503384533 0.68490078473331961 0.50596578760084776 0.47091017318790929 3.2830421115478208 4.5137154671684039 1.2161395501059984 7.5000000000000009 0.15707236842105265 0.009299911304125873 0.18188103195888547 0.99528301886792458 5.7405072904009726 0.69825256127088819 0.6480108511568321 0.37162592911920633 0.18180158403184682 6.5000000000000009 0.66666568282841698
decision_type=2 2 2 2 2 2 2 2 2 2 2 2 2 2 2 2 2 2 2 2 2 2 2 2 2 2 2 2 2 2
left_child=1 6 7 5 -5 12 11 26 -4 10 -6 -1 23 19 25 -7 28 18 -9 20 -10 -13 -23 -3 -18 -15 27 -2 -8 -21
right_child=2 3 8 4 9 15 16 17 13 -11 -12 21 -14 14 -16 -17 24 -19 -20 29 -22 22 -24 -25 -26 -27 -28 -29 -30 -31
leaf_value=-0.036562454210441221 -0.028831767525767972 -0.015596797116507992 -0.021320636408664755 -0.05105315369535094 0.063868531880421991 -0.053854398095349282 -0.050378560576921694 -0.063428120762795789 -0.019209912533375933 0.062412234941816261 0.00017893796681683758 -0.019826038070548366 0.074423613140311137 -0.021975557133802601 0.071539742025543723 0.05692711205562985 -0.063517471063882266 0.067197412590290592 0.035535064708437585 0.039452766346395399 0.052467510428197563 0.014494721689856075 0.11950368324476089 0.074939439403202079 0.032847978653613913 0.043020411127004582 -0.04562019759490174 0.13179336151915427 0.049668839970215345 0.065998259147727084
leaf_weight=18.988871961832047 5.1878100484609595 23.697938129305843 12.713100992143152 23.93347305804491 24.378865569829941 63.594597034156322 776.83971802890301 5.7319955378770855 12.910349346697329 94.597474537789822 48.595631711184978 7.3388899639248875 12.230250783264635 21.133907780051231 20.395367294549942 3.3877176344394675 4.9977824464440337 15.51556710153818 10.100760884582995 30.788435205817223 134.37809558212757 7.1586125716567022 6.1319928169250488 4.6416499763727179 10.046682938933371 11.095895826816557 35.39979062974453 2.3111203163862228 2.6676106676459304 388.46321678161621
leaf_count=149 51 143 44 300 56 788 10434 41 50 197 264 54 26 82 32 6 38 33 32 65 275 41 15 8 28 25 361 11 17 631
internal_value=-0.000356551 -0.0309645 0.0487648 0.0130555 0.0326252 -0.0217899 -0.0467461 -0.00568321 0.0551625 0.0445765 0.021456 -8.13524e-05 0.0218993 0.0567329 0.0279714 -0.0482515 -0.049073 0.0331108 -0.000292969 0.0594046 0.0461847 0.0334985 0.0629435 -0.000768158 0.000835306 0.00040089 -0.034032 0.0206718 -0.0500362 0.0640488
internal_weight=1839.35 1133.23 706.125 299.058 191.505 107.552 834.17 74.247 631.878 167.572 72.9745 39.6184 40.5698 619.165 52.6252 66.9823 794.552 31.3483 15.8328 566.54 147.288 20.6295 13.2906 28.3396 15.0445 32.2298 42.8987 7.49893 779.507 419.252
internal_count=14297 12564 1733 1788 817 971 10776 529 1204 517 320 259 177 1160 139 794 10517 106 73 1021 325 110 56 151 66 107 423 62 10451 696
is_linear=0
shrinkage=0.05


Tree=20
num_leaves=31
num_cat=0
split_feature=3 15 15 4 19 2 19 17 19 0 6 4 3 8 1 10 8 6 6 2 8 6 7 15 10 17 19 15 2 8
split_gain=1031.41 250.402 110.432 105.753 71.3892 44.7433 37.9457 35.8955 35.8649 34.907 27.4943 22.8826 19.4638 22.0706 15.2718 14.5751 19.3832 14.4451 14.2068 14.1972 14.5442 18.5563 12.3483 12.297 16.656 10.958 9.46409 8.53629 12.8999 7.87904
threshold=0.19929620331408934 0.047394429469901175 0.133974358974359 0.30430505789962475 0.55499970541376875 0.0065023384842218144 2.1777825801545827 0.99528301886792458 0.40599976153219047 1.0033770501877992 0.15733407427089038 0.22226356057559746 0.50596578760084776 0.47091017318790929 1.1605825925911037 5.5000000000000009 0.068817244198285735 0.4810098041222442 0.65938233964265136 0.066616475971695663 0.7842979029624948 0.36492905472264153 -0.23635781592338448 0.14160401002506268 1.5000000000000002 0.12731481481481485 5.7405072904009726 0.03433539640436193 0.22142803591061264 -0.10560895493855127
decision_type=2 2 2 2 2 2 2 2 2 2 2 2 2 2 2 2 2 2 2 2 2 2 2 2 2 2 2 2 2 2
left_child=2 3 15 6 5 -5 8 -7 11 14 29 -2 23 18 -6 19 -17 22 -14 20 21 -1 -4 24 -12 26 -8 -21 -29 -3
right_child=1 10 17 4 9 7 25 -9 -10 -11 12 -13 13 -15 -16 16 -18 -19 -20 27 -22 -23 -24 -25 -26 -27 -28 28 -30 -31
leaf_value=-0.058957955593009148 0.066670170110801216 0.019921874661907292 0.041073215012872491 0.051002449480579519 0.051011742546402172 -0.037631812607473905 -0.059690833082268614 0.042279253655972848 -0.053807812356930135 -0.057447112950122114 -0.0020813163391032639 -0.063953980119587847 -0.022709468328696265 0.066930954847055954 0.11295636395889636 -0.058058945081082759 0.080151892934810079 0.053335012480932656 0.050232380110373169 -0.051287039873026796 -0.058150732040889587 0.064128991101677177 -0.036968461036927351 0.061607618833782185 0.051058240178043106 0.066971300592734859 0.039610539355535011 0.036280613913245136 -0.039570305058899004 -0.058392637818222431
leaf_weight=4.5992528945207622 11.011446811258791 6.4475715085864067 9.226357467472555 27.177171647548676 95.74080628156662 72.715904548764229 4.539479151368143 17.419312730431557 105.47871080040932 7.0465369969606391 17.123748168349266 4.8204526901245108 21.971505947411064 19.669967025518417 11.103987671434878 4.9996968582272512 5.149592787027359 28.299808017909527 9.5887689143419248 649.02301171422005 9.2256963700056058 9.1611830368638021 11.247855789959429 426.2161528468132 106.19474205374718 10.311014845967291 5.089685469865799 6.1428159475326529 64.068743146955967 6.3992223814129812
leaf_count=40 28 18 25 84 246 719 46 67 1404 72 65 34 89 33 24 49 36 82 22 9195 82 46 62 724 216 22 12 49 706 29
internal_value=-0.00057876 0.0336586 -0.0427189 0.00131819 0.0221429 -0.00523264 -0.0327683 -0.0221884 -0.0432751 0.0503407 0.0532888 0.0268981 0.0548366 0.0253607 0.0574494 -0.0474454 0.0120671 0.0301905 -0.000547984 -0.0482592 -0.00957735 0.0229887 -0.0018003 0.0575844 0.0436794 0.0311523 -0.00720313 -0.0494954 -0.0329341 -0.019088
internal_weight=1787.21 986.066 801.144 372.455 231.204 117.312 141.251 90.1352 121.311 113.891 613.612 15.8319 600.765 51.2302 106.845 752.37 10.1493 48.774 31.5603 742.221 22.9861 13.7604 20.4742 549.535 123.318 19.9402 9.62916 719.235 70.2116 12.8468
internal_count=14326 3954 10372 2758 1212 870 1546 786 1466 342 1196 62 1149 144 270 10203 85 169 111 10118 168 86 87 1005 281 80 58 9950 755 47
is_linear=0
shrinkage=0.05


Tree=21
num_leaves=31
num_cat=0
split_feature=15 3 3 19 4 19 2 8 8 6 6 19 19 6 17 17 4 10 6 10 1 9 0 1 3 1 8 3 2 11
split_gain=991.237 252.462 86.5192 75.5908 47.0014 41.7467 31.9502 29.9638 25.7979 24.1817 21.4677 21.4172 18.594 32.7325 18.0701 18.9366 24.618 15.2503 14.9425 14.8949 11.4574 10.3535 9.93408 9.76908 9.65873 8.94386 17.9301 8.50386 7.94557 7.73568
threshold=0.060120481927710849 0.26036183525851841 0.1834434309816049 0.55279732337973542 0.30430505789962475 0.4410038054149284 0.0096917869218813846 -0.10560895493855127 4.2526121121019864 0.15733407427089038 0.7005708193538166 2.1777825801545827 0.81431251950226835 0.74243082663025528 0.12731481481481485 0.5300120048019209 0.21954239988638688 3.5000000000000004 0.60030011456422139 5.5000000000000009 0.55679044481010587 6.5000000000000009 0.99700300628816863 0.99990207565892864 0.17647059446845961 1.1900480598664527 0.38656987528389225 0.20170708575279886 0.0069852315619441082 0.19283921617177496
decision_type=2 2 2 2 2 2 2 2 2 2 2 2 2 2 2 2 2 2 2 2 2 2 2 2 2 2 2 2 2 2
left_child=1 6 7 5 11 8 20 21 10 -4 -3 17 19 27 18 -16 -17 -5 22 -8 -1 24 -11 29 -2 -9 -27 -14 -7 -6
right_child=2 3 9 4 23 28 12 25 -10 14 -12 -13 13 -15 15 16 -18 -19 -20 -21 -22 -23 -24 -25 -26 26 -28 -29 -30 -31
leaf_value=-0.015894598386250732 -0.06207180308879056 0.0013104561231870417 -0.014112189364832085 -0.054568081246962746 0.050483582754899149 0.028830260002918613 -0.049695960697942285 -0.05122038592046943 -0.054646725731461933 -0.041029618545744093 0.06242980851945315 0.04016339845666838 -0.052269871929944811 0.067987139127629978 0.061533839960839692 0.0079118439236025451 0.052847513794723668 0.069715956087446046 0.064499877315282519 0.043236969989271429 0.07942579486730128 0.052282835227708914 0.024924184442536162 0.082492673198693328 0.031778497323949259 -0.046838974448758175 0.071356920112750188 -0.010128781432077317 -0.046812773510718053 -0.0041185820839073541
leaf_weight=6.1017888709902746 4.7223606407642382 38.462882161140442 13.417326688766478 21.131779454648498 70.406517058610916 3.6606870591640464 696.60220639407635 26.617420487105846 12.506411887705324 10.328825920820234 22.933347262442112 12.758670270442961 30.385153897106647 8.9805292189121229 412.54895436763763 41.120431147515774 117.78658298403025 2.7946600168943396 11.845894753932951 4.3384414911270133 6.522161528468132 20.136522069573402 12.765792742371561 23.105398654937744 6.535730853676796 8.3312095925211889 5.2183737084269515 19.754384405910969 67.201407663524151 7.1448940187692633
leaf_count=41 37 185 45 219 173 10 10133 302 171 44 63 37 372 45 721 122 231 8 20 36 16 58 29 49 28 74 22 163 845 20
internal_value=-0.000259393 -0.0307587 0.0462716 0.00972492 0.0362971 -0.0154848 -0.0455392 -0.0057831 0.0108074 0.0522816 0.0241404 -0.0121536 -0.0468495 -0.0199214 0.0537507 0.0558849 0.0412195 -0.0400514 0.0188448 -0.0491208 0.0333527 0.0308131 -0.00457296 0.0539553 -0.0075883 -0.0343868 -0.00131799 -0.0356668 -0.0429051 0.045453
internal_weight=1746.17 1054.79 691.375 282.107 137.342 144.765 772.685 71.5616 73.9026 619.814 61.3962 36.6851 760.061 59.1201 606.396 571.456 158.907 23.9264 34.9405 700.941 12.624 31.3946 23.0946 100.657 11.2581 40.167 13.5496 50.1395 70.8621 77.5514
internal_count=14319 12586 1733 1780 506 1274 10806 521 419 1212 248 264 10749 580 1167 1074 353 227 93 10169 57 123 73 242 65 398 96 535 855 193
is_linear=0
shrinkage=0.05


Tree=22
num_leaves=31
num_cat=0
split_feature=3 19 15 15 19 0 3 0 15 8 6 8 3 6 4 1 7 3 8 7 6 10 2 2 5 6 10 6 7 10
split_gain=874.374 219.109 113.904 59.7461 58.4909 51.4992 29.1702 32.5389 30.6271 23.9053 24.5918 18.7901 16.9781 16.6602 14.9321 14.9086 14.6077 32.0456 21.694 18.614 11.065 10.3704 25.9879 10.7664 30.3584 9.98607 9.31806 7.62827 6.63867 6.10499
threshold=0.19929620331408934 0.54430805105576552 0.133974358974359 0.077524038461538478 0.44806282800178016 1.0022412615143017 0.25132760191275411 0.66666568282841698 0.11566332218506133 4.2526121121019864 0.328871447630603 -0.058420368102735341 0.54894981886123084 0.15733407427089038 0.31868751518755295 1.3125724938859344 -0.26449678553862771 0.17626080481834663 0.49960294560103313 -0.37690105055535078 0.4810098041222442 5.5000000000000009 0.59502553004844527 0.22142803591061264 0.21124358475486552 0.22378703801318856 4.5000000000000009 0.16122369091920183 0.056337951763147105 2.5000000000000004
decision_type=2 2 2 2 2 2 2 2 2 2 2 2 2 2 2 2 2 2 2 2 2 2 2 2 2 2 2 2 2 2
left_child=2 3 16 4 9 6 8 12 11 10 -2 -3 -8 -9 -5 20 17 -1 19 -19 25 23 -23 24 -18 -4 -6 -16 -10 -7
right_child=1 5 15 14 26 29 7 13 28 -11 -12 -13 -14 -15 27 -17 21 18 -20 -21 -22 22 -24 -25 -26 -27 -28 -29 -30 -31
leaf_value=-0.054807118275922828 -0.023224525175222291 0.032912282483619305 0.019236217928869807 -0.015284234405152246 -0.04775050827842825 -0.055100397108301981 0.025954625738983189 -0.0071507612572729714 0.057203616024907228 -0.054375747980721201 0.036217110508858223 -0.037996781081438169 -0.055419341601172713 0.057327223112770775 -0.071845031872804388 0.06031753601884772 0.11827584573711586 -0.057939970371208717 0.13599833558303515 0.047422880932561598 0.03298101096604001 0.12462443683949978 -0.056795227386941663 -0.051388431070648381 -0.037704627850324614 -0.070020832196079977 0.064097675308796148 0.053585404546924599 0.021125285768762544 0.018012121296523707
leaf_weight=28.562863782048225 25.069379180669785 15.089204005897043 5.8058676719665545 10.788044139742849 106.19801109284163 13.518083840608599 40.175483047962189 10.217993184924124 40.449478939175606 13.240629337728022 56.876304462552071 24.531033456325531 7.6268459036946288 512.80176351964474 1.2463207989931095 22.808597661554813 3.3039850816130629 7.2553107813000723 3.7275890037417403 9.9276933595538139 16.855465933680534 3.0056608468294126 5.7509370297193527 578.01319132745266 55.853394232690334 6.8083867654204369 1.8953532129526127 44.224606648087502 18.619916364550591 3.6197859570384017
leaf_count=414 165 57 22 38 1421 136 100 69 72 190 245 197 41 1085 6 46 29 86 23 60 64 12 62 8838 681 44 6 83 43 20
internal_value=-0.000798008 0.0311356 -0.04121 -0.00800056 -0.0206209 0.0459282 0.048119 0.0524586 0.0230189 0.0079602 0.0180323 -0.0109914 0.0129714 0.0560675 0.0376005 0.029967 -0.0465609 -0.0203761 0.0266551 0.00293472 0.00647663 -0.0485664 0.00547622 -0.0493092 -0.028993 -0.0289392 -0.0457893 0.0501475 0.045831 -0.0396579
internal_weight=1693.87 946.188 747.679 259.539 203.28 686.65 669.512 570.822 98.6896 95.1863 81.9457 39.6202 47.8023 523.02 56.259 52.2783 695.401 49.4735 20.9106 17.183 29.4697 645.927 8.7566 637.171 59.1574 12.6143 108.093 45.4709 59.0694 17.1379
internal_count=14355 3974 10381 2154 2027 1820 1664 1295 369 600 410 254 141 1154 127 176 10205 583 169 146 130 9622 74 9548 710 66 1427 89 115 156
is_linear=0
shrinkage=0.05


Tree=23
num_leaves=31
num_cat=0
split_feature=3 19 15 2 5 0 0 1 18 4 10 7 8 6 18 11 15 7 1 7 8 8 3 0 10 6 15 3 19 14
split_gain=813.869 177.975 125.073 72.4847 38.0322 35.9519 32.2721 29.2546 26.9201 22.0059 19.7286 19.1321 21.5168 18.9974 18.4735 16.6939 15.8165 14.9708 13.2342 15.483 15.2174 11.9935 11.6435 11.5238 11.3532 17.8898 9.80154 8.79782 11.6857 8.54344
threshold=0.21257125006781688 0.53984472054313837 0.066228070175438608 0.19955868191189238 0.0021256202854473502 1.0022412615143017 0.66666568282841698 1.0711115686771417 5.5000000000000009 0.11946150835822612 4.5000000000000009 0.35140682710434845 0.44316076252336772 0.34739338267933245 22.500000000000004 1.0000000180025095e-35 0.16515151515151519 -0.21417928228901681 1.7184139415223687 0.26407877174181943 -0.34429611182886427 -0.42145132816594483 0.17110126221102048 1.2305378533845428 5.5000000000000009 0.67201516122529015 0.12326685660018995 0.18152793560152744 0.44664286594731917 0.12310606060606062
decision_type=2 2 2 2 2 2 2 2 2 2 2 2 2 2 2 2 2 2 2 2 2 2 2 2 2 2 2 2 2 2
left_child=2 3 8 4 -2 6 11 14 22 16 -5 12 -3 23 17 -11 -8 -4 19 20 -9 -15 -1 -6 29 -26 -7 -24 -29 -10
right_child=1 5 7 10 13 26 9 18 24 15 -12 -13 -14 21 -16 -17 -18 -19 -20 -21 -22 -23 27 -25 25 -27 -28 28 -30 -31
leaf_value=-0.061279776360293005 -0.055125944948854838 -0.03676675410918899 0.05116409157313867 -0.051728545240034146 0.0066720065253771362 -0.056677680429332945 -0.059770123059565229 0.049684856227470382 -0.049979842885220345 0.036016518821440725 0.065545312070712555 0.050415930157691628 0.059096908405057574 0.0023346986952091525 -0.0630760642020739 0.056735168584998934 0.06836715850619618 -0.037100783706040141 0.062099613362340406 0.060845080881382553 -0.019086544130121945 0.045081368386995765 0.080887113389937704 -0.064313686456171651 -0.056944165513417348 0.1287674070162812 0.03873751433245258 -0.058781742959153963 0.03651621920225169 -0.020556349221241957
leaf_weight=5.1484472230076817 17.456517327576876 24.564247880131006 9.825317397713663 71.404202684760094 31.961515672504902 10.684871744364498 7.5483608692884427 11.09692347049713 606.53872260823846 124.1717532351613 3.7758392393589011 18.005780294537544 7.6845605820417395 21.154406346380711 17.423740014433861 448.00806431472301 3.5365498811006546 9.4003670141100866 21.252796106040478 14.011135548353193 29.236884012818336 73.148685619235039 4.9412408396601704 6.9628965929150572 2.9396781250834456 2.3203714117407799 3.5978248864412299 4.9283959418535224 9.2626593038439733 25.716895088553429
leaf_count=44 265 101 22 1027 147 122 86 31 9695 386 7 37 16 108 175 915 6 51 47 54 207 215 19 47 33 12 8 43 36 354
internal_value=-0.000595663 0.0324806 -0.037929 -0.00573789 0.0142693 0.045806 0.0475746 0.0108737 -0.0462064 0.0508871 -0.0458386 0.0091288 -0.0139234 0.0233621 -0.025787 0.0522389 -0.018889 0.00800712 0.0286466 0.015564 -0.000165668 0.0354923 0.00546625 -0.00602609 -0.0481744 0.024979 -0.0326425 0.0234274 0.00342029 -0.048783
internal_weight=1647.71 873.666 774.044 225.864 150.684 647.802 633.519 112.247 661.796 583.265 75.18 50.2546 32.2488 133.228 36.6494 572.18 11.0849 19.2257 75.5977 54.3449 40.3338 94.3031 24.2807 38.9244 637.516 5.26005 14.2827 19.1323 14.1911 632.256
internal_count=14316 3493 10823 1816 782 1677 1547 587 10236 1393 1034 154 117 517 248 1301 92 73 339 292 238 323 142 194 10094 45 130 98 79 10049
is_linear=0
shrinkage=0.05


Tree=24
num_leaves=31
num_cat=0
split_feature=3 19 15 2 0 5 1 5 2 6 6 19 3 19 15 8 17 8 1 1 7 10 6 3 4 17 15 1 0 10
split_gain=790.35 173.949 133.888 64.23 40.0554 36.2029 32.2698 30.6123 25.0719 18.3667 18.1952 17.2184 16.7814 15.4254 19.2081 18.5948 13.7841 12.3005 13.6499 16.6075 12.0905 11.3096 13.9763 11.2495 10.233 13.519 7.02259 6.89075 5.84852 5.59866
threshold=0.21257125006781688 0.53163271089962993 0.066228070175438608 0.19955868191189238 1.0009956174484478 0.00361784107767456 1.7184139415223687 0.16207500461325483 0.066616475971695663 0.34739338267933245 0.328871447630603 0.32500006381653518 0.49366807625963799 0.48749050977429859 0.19803921568627456 -0.3319247457787054 0.12731481481481485 1.3506663390590101 0.55679044481010587 0.94400859743805177 0.33002585573031024 5.5000000000000009 0.67201516122529015 0.21538829180150251 0.21603839849334919 0.39339826839826847 0.16515151515151519 1.0387103978207273 0.69825256127088819 4.5000000000000009
decision_type=2 2 2 2 2 2 2 2 2 2 2 2 2 2 2 2 2 2 2 2 2 2 2 2 2 2 2 2 2 2
left_child=2 3 8 5 7 -2 13 10 17 11 12 -7 -3 -4 15 -15 -12 18 -1 -20 -11 -10 -23 -5 25 -9 -6 -16 -26 -25
right_child=1 4 6 23 26 9 -8 24 21 20 16 -13 -14 14 27 -17 -18 -19 19 -21 -22 22 -24 29 28 -27 -28 -29 -30 -31
leaf_value=-0.057474793770202183 -0.05488078412874009 0.039637055590789561 0.060712421239485725 0.070243380744566167 -0.05136443704410959 -0.065362644749663842 0.063064122511207091 0.034106901811828405 -0.049499441452227295 0.018353475347325308 0.027171290401129956 0.012118142609040658 -0.027655980247747271 0.02885512737385449 -0.0042968518745748361 -0.041650711777559607 0.058063348883920313 -0.056529058691226625 0.072784761523553218 -0.05776557334490158 0.056161811510991692 -0.05634782073039013 0.10656375962882927 -0.052557510203781049 -0.0084222676665320472 -0.054913252277112967 0.040481241139751628 0.045435938860454016 0.042230620720154009 0.040603545693021888
leaf_weight=4.1547034904360833 17.695415511727333 147.38187832012773 8.8793779090046865 1.9947322569787491 12.404279507696627 9.5970726907253248 24.121328577399254 6.8090284690260914 604.1685024946928 50.373349547386169 39.732453286647797 28.358094729483128 9.8860878273844701 12.002058848738669 12.009057953953745 42.344919640570879 396.05383796617389 6.6722877323627463 11.538327291607855 3.0880257487297049 36.442274540662766 2.6664631590247145 2.6004643142223358 65.218422759324312 8.182587035000326 11.414433211088179 2.5008253306150428 16.582449227571487 18.773248910903931 1.6535959169268597
leaf_count=42 277 455 33 14 133 64 51 22 10025 199 111 127 34 45 38 393 795 69 50 30 93 32 13 986 31 83 5 39 47 4
internal_value=-0.000281926 0.0323128 -0.0378102 -0.00711697 0.045071 0.0120478 0.0115987 0.0469632 -0.0468329 0.0215399 0.0499856 -0.0074731 0.0354069 -0.00192172 -0.00862732 -0.0260801 0.0552468 0.00178617 0.0225036 0.045222 0.0342241 -0.0488635 0.0240873 -0.0467636 0.00728921 -0.0216517 -0.0359543 0.0245471 0.0268547 -0.0502538
internal_weight=1615.3 864.472 750.828 211.333 653.139 142.466 115.939 638.234 634.889 124.771 593.054 37.9552 157.268 91.8179 82.9385 54.347 435.786 25.4533 18.7811 14.6264 86.8156 609.435 5.26693 68.8668 45.1793 18.2235 14.9051 28.5915 26.9558 66.872
internal_count=14340 3480 10860 1764 1716 760 599 1578 10261 483 1395 191 489 548 515 438 906 191 122 80 292 10070 45 1004 183 105 138 77 78 990
is_linear=0
shrinkage=0.05


Tree=25
num_leaves=31
num_cat=0
split_feature=3 15 18 15 5 0 0 0 0 3 10 2 15 3 8 1 3 1 0 8 10 11 8 3 11 9 19 8 8 3
split_gain=713.421 189.421 123.315 79.4188 40.6167 25.82 27.4316 25.8762 21.0457 15.1242 22.73 14.8567 15.05 20.9106 27.2823 14.3372 13.7013 16.3047 11.4103 11.0298 10.6944 52.3271 10.1249 18.1539 8.90413 8.51921 8.47546 5.91014 5.50396 5.43887
threshold=0.19471135482289434 0.058055274688237284 21.500000000000004 0.133974358974359 0.0021256202854473502 1.0033770501877992 0.65265092346082143 2.2584466459382786 1.000230123974984 0.49366807625963799 2.5000000000000004 0.066616475971695663 0.01526806526806527 0.17626080481834663 0.35143198709261186 2.1365178262240221 0.25132760191275411 1.0781490155146274 0.66666568282841698 0.47091017318790929 1.5000000000000002 0.040073446592262425 0.7842979029624948 0.17110126221102048 0.069386567404423713 7.5000000000000009 0.54836818329594739 0.28409613289680041 1.0432480232795152 0.17626080481834663
decision_type=2 2 2 2 2 2 2 2 2 2 2 2 2 2 2 2 2 2 2 2 2 2 2 2 2 2 2 2 2 2
left_child=3 2 4 11 -2 6 -6 -7 9 16 19 22 -13 -14 -15 25 17 -3 -18 -11 -4 -22 23 -1 -10 26 -5 -28 -23 -27
right_child=1 8 20 15 5 7 -8 -9 24 10 -12 12 13 14 -16 -17 18 -19 -20 -21 21 28 -24 -25 -26 29 27 -29 -30 -31
leaf_value=-0.057652717985954151 -0.050600226762497348 0.0050623178749314955 -0.053637585685777506 0.038701662119438381 -0.048719508695856804 -0.046228172568222259 0.035500182819708938 0.088064936023298734 -0.063722167840587735 0.015050184731397112 -0.04713395853575772 -0.050016846936535922 -0.054165230328647423 -0.027960922797485049 0.053582797078853661 0.076893564536960501 0.021647971502867611 0.049479279845281679 0.057400239458639229 0.06653778651828253 0.14113386155927882 -0.052151507382854081 -0.042176983265138954 0.076199276946561048 0.026855502901989986 0.065010184621584796 -0.06825887319806527 0.013076159874159247 0.014858137914162951 0.011119582731998362
leaf_weight=3.9015602767467517 18.929490454494953 32.158092342317104 77.708907563239336 4.3719102069735518 10.168802700936793 20.431409753859047 196.5575266033411 4.3508667275309554 5.8483670949935895 22.836004033684731 9.504649266600607 485.32229747995734 45.553023628890514 43.427498981356621 13.429454557597635 9.8398437499999982 23.75501261651516 57.79185950756073 368.58202418684959 19.102912858128548 4.3871491141617289 25.577498987317089 8.954584136605261 7.2223887667059898 5.061385303735733 7.0943684652447727 7.4776300676166993 3.1847181767225266 3.4814744517207137 13.768116079270838
leaf_count=40 287 94 1294 15 54 179 673 11 28 69 39 8512 713 568 139 15 54 114 686 33 26 353 86 32 13 19 53 17 30 47
internal_value=-0.000296149 0.0284202 0.000365341 -0.0401154 0.0198182 0.025576 0.0313574 -0.0226512 0.0470462 0.0484514 0.0226804 -0.0448966 -0.0463415 -0.0289237 -0.00870052 0.0234244 0.0512003 0.0335997 0.0552355 0.0385025 -0.0434629 -0.019823 -0.00260338 0.0292527 -0.0217003 0.00876769 -0.0199259 -0.0439651 -0.0441233 0.0294453
internal_weight=1559.78 906.233 361.593 653.547 250.438 231.509 206.726 24.7823 544.64 533.731 51.4436 607.811 587.732 102.41 56.857 45.7366 482.287 89.95 392.337 41.9389 111.155 33.4461 20.0785 11.1239 10.9098 35.8967 15.0343 10.6623 29.059 20.8625
internal_count=14293 4037 2907 10256 1204 917 727 190 1130 1089 141 10090 9932 1420 707 166 948 208 740 102 1703 409 158 72 41 151 85 70 383 66
is_linear=0
shrinkage=0.05


Tree=26
num_leaves=31
num_cat=0
split_feature=3 15 15 9 2 4 17 0 5 6 19 11 7 4 6 9 17 2 10 4 3 19 6 17 1 7 8 15 2 19
split_gain=671.218 176.22 83.718 63.0516 68.8875 43.6213 33.8418 26.4299 24.2403 22.4687 20.982 20.6571 18.5489 17.8777 15.4402 14.8375 14.1112 12.5334 12.0425 16.3882 11.8036 10.8645 11.1631 10.1145 9.53979 8.34174 7.47798 6.39748 20.2439 6.19924
threshold=0.19471135482289434 0.09938271604938273 0.11024305555555557 1.5000000000000002 0.10159720626531864 0.30430505789962475 0.99528301886792458 1.0033770501877992 0.28411339466867891 0.73576623743230651 1.4503216810985937 0.23738250585084988 -0.11770411180182584 0.42787815026319781 0.15733407427089038 13.500000000000002 0.12731481481481485 0.041867960512248524 5.5000000000000009 0.2508296592562807 0.56266526592694399 2.1777825801545827 0.60030011456422139 0.55028089887640463 0.79088728548483644 0.43603658890415475 0.41488626332771611 0.03433539640436193 0.30133350989430024 0.38198310920148659
decision_type=2 2 2 2 2 2 2 2 2 2 2 2 2 2 2 2 2 2 2 2 2 2 2 2 2 2 2 2 2 2
left_child=2 3 17 4 6 9 8 11 -2 10 -5 -7 -4 -8 -3 25 21 24 27 -20 23 22 -16 -18 -1 -14 -22 -19 -29 -11
right_child=1 14 12 5 -6 7 13 -9 -10 29 -12 -13 15 -15 16 -17 20 18 19 -21 26 -23 -24 -25 -26 -27 -28 28 -30 -31
leaf_value=-0.028330405321030556 -0.024992463120267171 -0.021901772803811233 0.046662697733896384 -0.03579867372604386 -0.053049706723322876 0.057820662305959961 -0.023019198581891769 -0.042190844875044584 0.052037217896400249 0.1132992933950964 0.01809770098792712 -0.014323898001167405 -0.050799626409100879 0.05460601472000684 -0.032439171332122888 0.04729433074588054 0.056782421244554973 -0.049682907058305942 -0.031632242625149271 0.12533398069272841 -0.012327096646901736 0.052598577040822284 0.049251684385859647 0.0387521957827833 0.060669419907158767 0.029923620922953104 0.05203587879261793 0.046760094229180406 -0.044078146113294567 0.033846272773422358
leaf_weight=8.9271686002612096 68.679246939718723 7.9241024255752555 28.259685523808002 46.24568946659565 79.474185667932034 93.945772551000118 9.1919235214591009 8.3562489673495275 11.997293867170809 2.8908305168151882 29.626475539058447 11.093722417950628 15.600611492991453 38.419364646077156 13.407841220498087 7.7962992191314688 326.03373584151268 504.21045477315784 5.8178649693727476 2.3283738307654858 11.789981186389925 12.614078581333159 6.077535703778266 102.15410387516022 4.5432718992233267 4.02634123712778 7.3114949613809577 7.1865764372050753 41.849130805581808 16.285354226827621
leaf_count=74 562 26 81 472 1300 229 41 88 40 4 137 52 115 89 49 23 612 9209 63 9 38 25 12 218 22 18 14 70 609 77
internal_value=-0.000713272 0.026916 -0.0403037 0.00302256 -0.0164703 0.0224516 0.00619061 0.0433927 -0.0135375 -0.00253172 -0.0147533 0.0502011 0.0182349 0.0396195 0.047323 -0.01106 0.0484673 -0.0459739 -0.0471176 0.0132321 0.0507654 0.0164449 -0.0069596 0.0524809 0.0016872 -0.0342398 0.0123092 -0.0480062 -0.0307651 0.0458239
internal_weight=1534.06 903.519 630.546 416.206 207.762 208.444 128.288 113.396 80.6765 95.0483 75.8722 105.039 55.6829 47.6113 487.313 27.4233 479.389 574.863 561.392 8.14624 447.289 32.0995 19.4854 428.188 13.4704 19.627 19.1015 553.246 49.0357 19.1762
internal_count=14378 4085 10293 3091 2032 1059 732 369 602 690 609 281 237 130 994 156 968 10056 9960 72 882 86 61 830 96 133 52 9888 679 81
is_linear=0
shrinkage=0.05


Tree=27
num_leaves=31
num_cat=0
split_feature=3 15 15 4 19 2 17 17 0 6 1 16 19 2 17 4 0 3 15 7 15 8 3 6 6 8 1 19 1 6
split_gain=630.558 159.188 66.784 65.1482 50.9791 31.2981 27.1446 26.9423 22.8776 20.2781 18.681 17.9303 16.1753 15 14.3217 17.383 13.4081 12.7739 10.9526 10.3517 9.965 19.886 10.52 9.22206 8.96911 13.0782 8.82579 8.6145 8.02014 5.52269
threshold=0.19471135482289434 0.058055274688237284 0.11024305555555557 0.30430505789962475 0.55499970541376875 0.0065023384842218144 0.99528301886792458 0.56306818181818186 1.000230123974984 0.68490078473331961 1.3125724938859344 0.59175084175084181 4.5137154671684039 0.066616475971695663 0.55028089887640463 0.25501256207235506 2.2584466459382786 0.26036183525851841 0.76388888888888895 -0.31398055679186959 0.01526806526806527 2.7650476556440391 0.17626080481834663 0.21273333616931031 0.36492905472264153 0.7842979029624948 0.72285972251239927 5.7405072904009726 0.48098664164845051 0.77209342128098624
decision_type=2 2 2 2 2 2 2 2 2 2 2 2 2 2 2 2 2 2 2 2 2 2 2 2 2 2 2 2 2 2
left_child=2 3 13 7 5 28 -7 9 11 27 19 14 16 24 18 -16 -9 26 -3 -4 -15 22 -22 -19 -1 -26 -6 -2 -5 -21
right_child=1 8 10 4 17 6 -8 12 -10 -11 -12 -13 -14 20 15 -17 -18 23 -20 29 21 -23 -24 -25 25 -27 -28 -29 -30 -31
leaf_value=-0.057690728034484953 -0.02884827320033842 0.052295571764849204 0.025720544593118122 -0.010442263047242471 0.047620092762401436 -0.037707114034290196 0.034630711592822931 -0.052646655700951485 -0.031271183430681367 0.059339192029061287 0.046510173803909517 -0.020475186938682922 0.054591872723918737 -0.050083154298778999 0.0019708162205354352 0.043357733335078148 0.085611889058562651 0.0063742507088368431 0.0046639435050538827 -0.047348224707220943 -0.053670944855443617 0.15297155523295819 -0.01858414577458729 0.052697323858382696 0.059377706300593927 -0.036066021561995835 -0.0295542833935886 0.040762307548574649 0.054847655934644891 0.026554593359270285
leaf_weight=5.4524467252194908 26.70202898234129 373.60544639825821 10.862299039959909 6.1555986031889942 5.8235639110207584 65.72478848695755 16.156505219638348 79.549035277217627 10.098298192024229 11.830424733459948 23.483382426202297 10.336876586079596 3.9038535356521598 446.66218924894929 36.072779357433319 85.519264377653599 1.79309982061386 12.321958117187021 12.47175972163677 15.84597420692444 39.52432382106781 1.4349862411618222 46.49344589188695 83.908737987279892 8.1766012385487539 6.3972455486655226 10.181774146854876 5.3319552540779105 19.940345764160156 3.0077935680747023
leaf_count=56 236 745 39 24 24 753 65 1355 40 28 56 35 7 8559 110 184 4 57 32 127 685 13 650 189 43 61 87 12 66 18
internal_value=-0.00116651 0.0259425 -0.040331 -0.00024328 0.0162903 -0.00823672 -0.0234337 -0.0284432 0.0432635 0.00339782 0.0131804 0.0447165 -0.0448275 -0.0454683 0.0460439 0.0310795 -0.0495989 0.0398866 0.0507569 -0.0131587 -0.0470612 -0.0316266 -0.0347062 0.0467658 -0.00298463 0.0174823 -0.00147428 -0.0172618 0.0394469 -0.0355583
internal_weight=1484.77 877.428 607.341 349.324 220.213 107.977 81.8813 129.11 528.104 43.8644 53.1994 518.006 85.246 554.141 507.669 121.592 81.3421 112.236 386.077 29.7161 534.115 87.4528 86.0178 96.2307 20.0263 14.5738 16.0053 32.034 26.0959 18.8538
internal_count=14360 4053 10307 2907 1265 908 818 1642 1146 276 240 1106 1366 10067 1071 294 1359 357 777 184 9907 1348 1335 246 160 104 111 248 90 145
is_linear=0
shrinkage=0.05


Tree=28
num_leaves=31
num_cat=0
split_feature=3 15 18 15 11 17 7 4 7 0 0 11 9 3 17 3 3 8 12 0 0 18 6 9 6 8 11 17 5 6
split_gain=597.354 149.582 78.7221 65.3368 39.9868 36.0789 24.8997 22.6642 22.3613 22.3427 23.8067 21.4673 21.9254 21.4604 20.2064 17.4758 15.2291 14.8063 14.618 14.3751 14.0819 12.3298 11.9485 11.127 10.2963 8.9964 14.1895 8.89732 14.4055 7.80329
threshold=0.19471135482289434 0.11173533083645444 24.500000000000004 0.03433539640436193 0.010490979448642855 0.25357142857142861 -0.10142478842371776 0.44074333165112223 0.39664593069877219 1.0033770501877992 2.2584466459382786 0.040073446592262425 5.5000000000000009 0.28183602975084893 0.12731481481481485 0.5823991314258451 0.16244854646570547 -0.72859526607884362 1.0191649873680426 0.69825256127088819 0.72156792546909421 11.500000000000002 0.37760346141582629 13.500000000000002 0.14656369086707124 -0.089855396254323844 0.042777826414935764 0.5300120048019209 0.067700074389089968 0.54384861570416088
decision_type=2 2 2 2 2 2 2 2 2 2 2 2 2 2 2 2 2 2 2 2 2 2 2 2 2 2 2 2 2 2
left_child=3 2 5 21 -4 7 18 19 23 15 -11 13 -13 -6 20 -7 -10 -9 25 -2 -3 -1 -18 -8 -16 -5 -27 -26 -29 -22
right_child=1 14 4 6 11 9 8 17 16 10 -12 12 -14 -15 24 -17 22 -19 -20 -21 29 -23 -24 -25 27 26 -28 28 -30 -31
leaf_value=-0.016665485324962311 -0.041769207244392557 -0.043746612798467699 -0.052657718667871029 0.05422112350383701 -0.0072571683329429862 0.045298249062204407 -0.049018546558141515 0.057533373734273724 -0.054085326677772654 -0.060363443953113695 0.079453909286117036 -0.037407350785306825 0.025347845577738705 0.14732931877113628 -0.02872209211868848 -0.013222349221765423 -0.010450616882558262 -0.032000936001255489 -0.048160867457463591 0.030055432283835355 0.0017859803348908067 -0.049719859566129641 0.095496450764405577 0.022899880465737026 0.054299323432788087 0.075496465634275089 -0.042206517185983811 0.049465026842672961 0.0074124145943447592 0.0564792741844828
leaf_weight=30.135009367018938 8.0913873910903913 9.0918840467929822 70.831297341734171 24.961604937911034 4.3095236271619779 140.35566832870245 43.481915842741728 5.0613222345709792 4.1352645792067042 11.373352497816084 4.1573986187577239 31.731071397662163 24.793796569108963 4.6866812892258167 4.1827106773853293 14.032801847904919 4.1384881958365423 52.660250943154097 5.7687729746103278 50.101060587912798 13.347156256437303 442.18179613724351 7.4550653547048569 6.1373534910380831 307.76627522706985 3.9996539652347547 7.1163723357021809 68.522053465247154 28.976848274469376 12.752506554126738
leaf_count=298 53 37 1283 80 31 386 568 15 64 113 8 351 89 17 14 61 31 538 52 175 38 8934 53 29 611 19 70 137 78 24
internal_value=-0.000313386 0.02596 0.00464453 -0.0396128 -0.0266157 0.0195567 -0.00437178 -0.00195096 -0.0236556 0.0342287 -0.022936 0.00153698 -0.00988071 0.0732765 0.0461991 0.0399791 0.0282936 -0.0241501 0.0257422 0.0200686 0.00984188 -0.0476109 0.0576771 -0.040123 0.049324 0.0375592 0.000144156 0.0501295 0.0369669 0.0285096
internal_weight=1446.34 866.825 422.186 579.511 136.352 285.833 107.194 115.914 65.3481 169.919 15.5308 65.5211 56.5249 8.9962 444.639 154.388 15.7288 57.7216 41.8464 58.1924 35.1915 472.317 11.5936 49.6193 409.448 36.0776 11.116 405.265 97.4989 26.0997
internal_count=14257 4059 3120 10198 1771 1349 966 781 745 568 121 488 440 48 939 447 148 553 221 228 99 9232 84 597 840 169 89 826 215 62
is_linear=0
shrinkage=0.05


Tree=29
num_leaves=31
num_cat=0
split_feature=3 15 18 15 1 7 0 0 14 18 15 16 17 6 0 10 11 17 18 11 11 1 3 3 1 6 7 7 17 3
split_gain=534.48 134.827 78.3889 67.4361 36.591 33.0861 31.0799 21.6247 20.0701 19.9043 17.1799 25.9681 16.9948 15.6288 13.9023 13.8464 15.078 13.8004 13.1956 12.7414 12.0149 10.966 10.5991 9.05731 10.9032 10.7833 7.24666 8.9852 7.09076 6.28781
threshold=0.19929620331408934 0.11173533083645444 21.500000000000004 0.133974358974359 1.0189552450818258 2.9252214604175215 1.0033770501877992 0.68023744764755634 0.11237373737373739 29.500000000000004 0.03433539640436193 0.15170694284618338 0.12731481481481485 0.60030011456422139 2.2584466459382786 5.5000000000000009 0.2066854511974956 0.83409785932721725 11.500000000000002 0.13122405391782019 0.009299911304125873 2.1365178262240221 0.17110126221102048 0.56266526592694399 0.83456649236690683 0.13546192957499817 -0.1729177256356163 0.43603658890415475 0.55028089887640463 0.18308986090367138
decision_type=2 2 2 2 2 2 2 2 2 2 2 2 2 2 2 2 2 2 2 2 2 2 2 2 2 2 2 2 2 2
left_child=3 2 5 9 -4 6 7 -2 17 10 18 29 13 19 -8 -11 -17 -6 22 20 -3 26 -1 25 -25 -14 -5 -28 -27 -12
right_child=1 12 4 21 8 -7 14 -9 -10 15 11 -13 23 -15 -16 16 -18 -19 -20 -21 -22 -23 -24 24 -26 28 27 -29 -30 -31
leaf_value=-0.057326900146645078 2.2390281672166102e-05 -0.029931993874361726 -0.048150571091188255 0.032163431672804145 0.02518497051682388 -0.035406031492405357 -0.045584167602239378 0.039137582463973489 -0.092547103164239586 -0.048146319251113873 0.048426421175786549 -0.057733323067041077 -0.047735071808305211 0.055318211488286674 0.057786975236942463 0.069124528720591563 -0.056224524506222173 -0.040628858261711753 -0.052816034534126359 -0.069520024270874795 0.058637700196731438 0.071759894609066885 0.0083540627368819103 0.050763711539140957 -0.028467176411199259 0.053703619182826269 -0.027819906668518676 0.05703267134599832 0.037363768823052403 0.13555695075728563
leaf_weight=8.1682113744318467 44.079213298857212 8.156014099717142 80.117721688002348 17.600948356091976 43.121379509568214 24.468605890870094 19.934550832957033 178.11078906804323 4.9203522093594065 439.06993650645018 4.932593032717703 5.0970119535922995 2.8488150388002387 12.828207597136496 3.8867671787738791 5.2927123606204969 4.3880674615502357 9.7698718309402448 32.583641644567251 7.052765615284442 7.2174705117940894 8.4263560175895673 24.764334190636873 8.9338360130786914 8.4482738673686963 286.27812071144581 16.413809999823574 3.8520651310682288 86.443724453449249 3.5686770044267178
leaf_count=95 210 29 1404 51 177 270 184 583 36 9039 33 58 10 25 9 32 52 161 662 32 13 14 216 19 29 580 96 9 190 17
internal_value=-0.000541348 0.0249539 0.00440092 -0.0376909 -0.0262744 0.0200436 0.0255587 0.0313777 0.00404257 -0.0427655 -0.0196419 0.031501 0.0445566 0.0113011 -0.0287178 -0.0468422 0.0123068 0.0130281 -0.0302569 -0.0138774 0.0116493 0.0201724 -0.00793669 0.0475402 0.0122549 0.0491733 0.00869283 -0.0116914 0.049914 0.0850022
internal_weight=1410.77 836.616 408.409 574.158 137.929 270.48 246.011 222.19 57.8116 527.865 79.1145 13.5983 428.207 35.2545 23.8213 448.751 9.68078 52.8913 65.5162 22.4263 15.3735 46.2932 32.9325 392.953 17.3821 375.571 37.8668 20.2659 372.722 8.50127
internal_count=14335 3961 3034 10374 1778 1256 986 793 374 10204 1081 108 927 99 193 9123 84 338 973 74 42 170 311 828 48 780 156 105 770 50
is_linear=0
shrinkage=0.05


Tree=30
num_leaves=31
num_cat=0
split_feature=3 15 15 9 0 4 19 8 6 0 1 1 11 5 17 6 19 17 6 4 4 19 3 6 3 7 7 1 15 1
split_gain=524.04 120.374 57.2457 52.32 48.8599 35.6491 26.1748 24.1198 23.1915 21.9107 21.6059 20.2273 19.3424 19.0538 15.6156 14.4923 14.4722 14.4089 13.3692 12.7299 12.6591 11.5358 9.91052 11.2249 9.90974 9.71401 15.9275 9.71026 8.53534 7.93542
threshold=0.19929620331408934 0.11173533083645444 0.061697065820777171 1.5000000000000002 0.69999925015597209 0.30430505789962475 0.44408835760571147 -0.42145132816594483 0.43608632599450275 1.0033770501877992 1.3125724938859344 0.79088728548483644 0.23738250585084988 0.10914967418496127 0.56306818181818186 0.4810098041222442 1.2958409878186468 0.12731481481481485 0.54384861570416088 0.77341099658043566 0.27152960284862648 0.71964311972930595 0.56266526592694399 0.15733407427089038 0.17110126221102048 0.9020824090302112 -0.11770411180182584 0.78492360720100185 0.078689370485036131 0.77333514006760085
decision_type=2 2 2 2 2 2 2 2 2 2 2 2 2 2 2 2 2 2 2 2 2 2 2 2 2 2 2 2 2 2
left_child=2 3 19 4 7 8 11 13 16 12 15 -6 -7 -2 -12 -4 -5 18 20 -1 -3 -10 23 -19 -21 26 -17 -24 -16 -26
right_child=1 17 10 5 6 9 -8 -9 21 -11 14 -13 -14 -15 28 25 -18 22 -20 24 -22 -23 27 -25 29 -27 -28 -29 -30 -31
leaf_value=-0.046490268920989342 0.069747580347821456 -0.073821291188955807 -0.047737077093621072 -0.049057438563880292 -0.031245441900080936 0.054751763613361717 -0.044266094018648061 0.058074639296188238 -0.0079612655297101008 -0.040900314651106329 0.062393469594179511 0.025824536300447534 -0.019569687152618608 -0.051062604042626039 0.04824824394650809 0.039451040080076688 0.0080171257745962586 -0.023698525000307471 0.042927006459656546 -0.055208739339213025 0.016809587721061149 0.038770698548257258 0.045180634227331332 0.04888327641409853 -0.012956860710117396 0.077522085504312957 -0.042950410318271869 -0.027486015411082788 -0.044846628931266209 0.072996825256944245
leaf_weight=450.13893305137753 4.522750690579417 6.6856302618980399 23.652980655431747 26.630632035434246 30.267866726964712 95.281728412955999 88.918348118662834 30.304203703999519 20.339495304971933 7.4348837286233893 18.690836764872078 31.878327008336782 9.640046723186968 11.724163711071013 3.7503960132598859 10.488123752176767 19.053426153957844 5.4049533456563941 16.348817825317383 5.6903138160705593 9.0934355184435827 37.650544185191393 9.5672290325164813 368.35035589337349 5.8799735829234105 4.0077325738966456 13.30190311744809 8.8498131036758405 7.1676588915288448 4.9421905502676964
leaf_count=9616 8 31 245 300 271 232 1401 62 174 82 39 174 43 104 22 44 92 17 36 77 24 114 21 780 43 21 156 30 45 21
internal_value=-0.000138837 0.0247206 -0.0381715 0.00552734 -0.0130651 0.0225349 -0.0268664 0.0317219 0.00139025 0.0420456 0.000613125 -0.001971 0.0479232 -0.017432 0.0346413 -0.0189694 -0.0252534 0.043432 0.0112401 -0.0449086 -0.0215909 0.0223799 0.0460693 0.0478337 -0.00179118 0.00550882 -0.00662273 0.0102626 -0.0128682 0.0262959
internal_weight=1385.66 837.947 547.711 413.646 197.616 216.031 151.065 46.5511 103.674 112.357 81.0596 62.1462 104.922 16.2469 29.6089 51.4507 45.6841 424.3 32.1279 466.651 15.7791 57.99 392.172 373.755 16.5125 27.7978 23.79 18.417 10.9181 10.8222
internal_count=14325 3996 10329 3057 2020 1037 1846 174 680 357 572 445 275 112 106 466 392 939 91 9757 55 288 848 797 141 221 200 51 67 64
is_linear=0
shrinkage=0.05


Tree=31
num_leaves=31
num_cat=0
split_feature=3 19 1 4 17 0 17 0 6 3 7 2 4 6 0 6 7 8 7 9 2 16 2 7 19 6 6 7 12 6
split_gain=469.752 87.9503 46.5732 34.5158 32.5138 28.7942 27.7647 27.3354 26.3919 26.2044 25.0628 23.7907 19.2715 19.172 18.399 16.2584 15.8457 18.1225 13.7085 12.8606 12.9271 12.2445 11.9038 11.7624 20.4777 23.7097 9.71937 6.05361 11.1522 5.85491
threshold=0.19929620331408934 0.53984472054313837 1.3125724938859344 0.28685245725927483 0.53907203907203916 1.0022412615143017 0.73511693834160186 0.66666568282841698 0.87706833174734411 0.25132760191275411 0.056337951763147105 0.22142803591061264 0.59176659428216283 0.22895847667347305 2.2584466459382786 0.14904828900930969 0.35140682710434845 0.44316076252336772 0.69813284642938445 4.5000000000000009 0.066616475971695663 0.1502688172043011 0.45310466118108222 -0.26449678553862771 0.81431251950226835 0.53408265354657425 0.70691356755266288 0.44729571759652575 1.368585927421911 0.25888720425692474
decision_type=2 2 2 2 2 2 2 2 2 2 2 2 2 2 2 2 2 2 2 2 2 2 2 2 2 2 2 2 2 2
left_child=2 3 11 4 -2 7 21 16 13 10 -9 12 -1 -5 -6 -11 17 -3 -15 20 -14 -4 -8 24 29 -26 -23 -25 -29 -13
right_child=1 5 6 8 14 -7 22 9 -10 15 -12 23 19 18 -16 -17 -18 -19 -20 -21 -22 26 -24 27 25 -27 -28 28 -30 -31
leaf_value=0.13680911636854978 0.031208839920724187 -0.038351420325245258 0.056140727267114471 -0.032119266698038156 -0.056121255309034647 -0.037500105357626573 0.064438843260815865 0.039444178326214441 -0.048575266628054198 -0.035601100830183599 -0.014959189179274033 0.0099170381036520552 0.00445841543372887 0.014434095467608102 0.082568618411377304 0.045137602116947659 0.038912206371078943 0.048301365590866424 0.052696934313612311 0.090723753955904429 -0.044658151326118681 -0.052003611546927647 -0.054153990535731979 -0.051714343622354067 -0.026412785849072515 0.12742119586032102 0.064561838324357301 -0.039884276518359491 0.080426281081805606 -0.055192161460904623
leaf_weight=2.1086181849241248 15.922137022018431 26.616513893008232 23.400616314262155 16.572098691016436 52.9312529489398 13.794686641544102 2.4279954284429577 44.607804756611586 16.716564420610666 6.3265146575868121 40.291146818548441 4.238933656364682 24.505693815648556 81.486808251589537 2.5045160353183737 432.33423223346472 18.262896493077278 7.8026574403047553 32.843427781015635 2.6352886892855159 29.550514332950115 5.5993083007633668 16.464617758989334 286.96227737888694 5.6101395562291128 4.5249758251011372 2.6274337731301785 101.28231320530176 1.9635088592767704 18.618904531002045
leaf_count=12 55 108 71 153 1051 155 29 114 296 53 254 66 182 438 5 1099 41 17 106 11 562 58 321 6376 45 11 8 2228 11 376
internal_value=-0.000159092 0.0238455 -0.0366272 -0.00321596 -0.0317675 0.0338887 0.00904608 0.0355976 0.0105856 0.0390521 0.0136256 -0.0414143 -0.0116131 0.0181406 -0.0498554 0.0439732 0.00126699 -0.0187077 0.0254258 -0.0171336 -0.0223918 0.0376944 -0.038913 -0.0455549 -0.0168879 0.0422687 -0.0147753 -0.0479788 -0.0375962 -0.0431178
internal_weight=1341.53 809.013 532.521 218.977 71.3579 590.036 50.52 576.242 147.619 523.56 84.899 482.001 58.8001 130.902 55.4358 438.661 52.6821 34.4192 114.33 56.6915 54.0562 31.6274 18.8926 423.201 32.993 10.1351 8.22674 390.208 103.246 22.8578
internal_count=14312 3945 10367 2104 1111 1841 487 1686 993 1520 368 9880 767 697 1056 1152 166 125 544 755 744 137 350 9113 498 56 66 8615 2239 442
is_linear=0
shrinkage=0.05


Tree=32
num_leaves=31
num_cat=0
split_feature=15 18 15 18 17 5 15 18 8 9 15 1 18 0 17 16 17 0 0 8 1 18 8 7 4 5 7 18 7 7
split_gain=434.482 216.297 42.9008 33.0432 31.7351 28.2026 27.7058 20.5305 21.0454 20.2213 20.072 16.5802 18.4294 16.3168 20.9406 15.9091 30.095 15.7484 27.6118 15.4906 18.9793 18.7851 15.4756 11.9318 11.3471 11.1438 11.0764 9.60259 9.60188 9.02186
threshold=0.060120481927710849 12.500000000000002 0.15707236842105265 28.500000000000004 0.44246532156368229 0.27788560539623164 0.025478740668614091 52.500000000000007 0.59220107519618426 5.5000000000000009 0.039736842105263161 1.0814992030041923 13.500000000000002 0.66666568282841698 0.49666666666666676 0.22055910191503414 0.53907203907203916 1.0033770501877992 2.2584466459382786 4.2526121121019864 0.66471074773163552 5.5000000000000009 1.1753809664846704 1.1820230933067035 0.18619599718685839 0.15264646991405614 0.12874455071217564 16.500000000000004 0.29089121370100485 -0.48363472228108573
decision_type=2 2 2 2 2 2 2 2 2 2 2 2 2 2 2 2 2 2 2 2 2 2 2 2 2 2 2 2 2 2
left_child=1 4 3 11 19 17 -3 8 9 -8 -10 12 -2 14 28 16 -5 29 -19 20 22 -22 -1 -9 -18 -15 -27 -14 -4 -6
right_child=2 6 13 15 5 -7 7 23 10 -11 -12 -13 27 25 -16 -17 24 18 -20 -21 21 -23 -24 -25 -26 26 -28 -29 -30 -31
leaf_value=-0.035562371998428551 0.038155295320466007 -0.047177563616535134 -0.084588645830876719 0.037289626569564242 0.011173084316461353 -0.028657214169058309 -0.048439874725787764 -0.053092992015993504 0.16957182450176767 0.050160651786622129 0.0067956119473164675 0.050984948845351354 -0.085416438298318229 0.048547805289531204 0.036332646515263876 -0.072936778198728167 -0.050258596715339755 -0.058094433324859696 0.10615613118144779 -0.053180423793772663 0.034009745941424877 -0.034603109707388231 0.045303874472470203 0.061446880322205868 -0.0015712844600017381 0.033656522903745649 -0.036811499291831778 -0.0042469653052134779 0.010852302371548005 0.054148379424986154
leaf_weight=37.410542979836464 21.610103648155928 458.17254598811269 6.6937192380428296 29.954459801316261 14.36115065962076 16.880063317716122 12.090609997510915 23.266129065304998 3.9238348528742781 9.1237165145575982 3.6607563756406307 55.664053738117218 5.5994490832090404 321.17592062056065 23.744864538311958 8.8031275831162912 24.630228836089373 9.0565438531339151 3.5662831068038932 14.368796460330485 49.16136372089386 12.515216775238512 7.0277338847517958 2.5199726894497863 23.276831086724997 23.978491060435775 7.2662649266421786 10.432183533906935 4.3464591503143311 81.618116199970245
leaf_count=245 60 10553 36 75 38 164 176 484 29 36 27 130 34 729 52 76 266 111 5 286 162 107 25 30 137 58 33 42 13 213
internal_value=7.07372e-05 -0.024676 0.033175 0.0130046 0.0138694 0.0314679 -0.0431659 -0.00949328 0.0195227 -0.00603442 0.0910067 0.0336526 0.00802167 0.04255 0.00987983 -0.00922564 -0.00202237 0.0408132 -0.0116893 -0.00445922 0.00213802 0.020087 -0.0227737 -0.0418995 -0.0266027 0.0457747 0.0172685 -0.0325974 -0.0470141 0.0477181
internal_weight=1325.9 758.723 567.176 179.97 245.966 125.482 512.758 54.585 28.7989 21.2143 7.58459 93.3058 37.6417 387.206 34.785 86.6646 77.8615 108.602 12.6228 120.484 106.115 61.6766 44.4383 25.7861 47.9071 352.421 31.2448 16.0316 11.0402 95.9793
internal_count=14432 12691 1741 820 1356 531 11335 782 268 212 56 266 136 921 101 554 478 367 116 825 539 269 270 514 403 820 91 76 49 251
is_linear=0
shrinkage=0.05


Tree=33
num_leaves=31
num_cat=0
split_feature=3 15 1 4 8 0 17 5 3 2 9 0 17 17 11 6 4 7 5 16 2 6 7 8 8 4 5 7 10 17
split_gain=404.804 108.484 46.1386 35.8785 32.8544 34.0838 23.3694 23.2731 23.9389 20.5214 15.3168 14.5493 13.1931 11.2899 12.8882 10.7118 12.6569 9.94961 9.75605 9.30319 8.51395 10.4992 8.09307 23.2662 9.23981 7.66218 6.95764 6.2664 5.37245 5.13517
threshold=0.19471135482289434 0.11173533083645444 1.3125724938859344 0.17709522621304383 -0.25520003913103301 0.69825256127088819 0.77914527333132 0.00082694159613715286 0.26681039847579663 0.22142803591061264 4.5000000000000009 1.0014930665206816 0.12731481481481485 0.56306818181818186 0.10076030932590292 0.54384861570416088 0.27501303693270934 0.88895559456111495 0.1588086707919252 0.14833149981664837 0.066616475971695663 0.36492905472264153 -0.26449678553862771 0.59220107519618426 -0.34429611182886427 0.21603839849334919 0.19818966684777756 1.2023907826595408 3.5000000000000004 0.59508740204942745
decision_type=2 2 2 2 2 2 2 2 2 2 2 2 2 2 2 2 2 2 2 2 2 2 2 2 2 2 2 2 2 2
left_child=2 3 9 13 5 17 19 28 -9 10 20 -7 15 14 -2 16 -3 -5 29 -4 21 -1 23 24 -11 -20 -22 -8 -6 -14
right_child=1 12 6 4 7 11 27 8 -10 22 -12 -13 18 -15 -16 -17 -18 -19 25 -21 26 -23 -24 -25 -26 -27 -28 -29 -30 -31
leaf_value=-0.059253331315043602 -0.063954702892049617 -0.072522699681128663 0.048989669917521017 -0.049380471154881179 -0.057048888304959272 0.048825948618083488 -0.053047658264254109 -0.021487586210841965 0.014327489538899455 0.0091989106526683025 0.092215756983743943 -0.02436957858286545 0.048014332565231112 -0.053684629360324365 0.046779955728596542 0.039325439262281416 0.015904204025901224 0.031388272703172203 -0.030531437145746833 -0.014503483037057209 0.093190409544878505 0.02332705341566094 -0.0479240115821132 0.10159256973785219 -0.056108512376983381 0.02930293515579422 -0.042534217799795847 0.063053282730609492 0.026066176835837153 0.031527558229907181
leaf_weight=5.0176284685730961 4.2573975361883623 6.5297797396779087 24.674537718296051 14.957588262856008 21.481751285493377 85.810342937707901 13.015687618404625 68.862075917422771 144.68720458075404 7.6879961900413099 3.2706746309995642 7.3723945021629325 271.70316286385059 33.808632023632526 6.8641502298414707 15.800357729196547 10.641568928956984 5.1174622699618331 6.9882853776216534 7.5297995395958415 0.97862639650702732 16.525199048221111 356.64746149256825 3.4378936663269988 18.326580297201872 22.829373076558113 26.876477111130953 1.2761686407029618 2.1377323232591143 57.168296247720718
leaf_count=55 50 32 93 125 436 244 287 771 718 79 10 64 615 698 20 37 28 16 26 70 9 111 8545 31 379 52 555 21 6 136
internal_value=-0.00091387 0.0212323 -0.0368311 0.00275569 0.0081491 0.0303037 0.01053 -0.0024306 0.0027784 -0.04185 -0.0125728 0.0430349 0.0398832 -0.0393094 0.00439004 0.00961565 -0.0177221 -0.0287912 0.0426654 0.0341441 -0.0195109 0.00409292 -0.0458437 -0.0206533 -0.0368084 0.0152797 -0.0377658 -0.0426806 -0.0495264 0.0451484
internal_weight=1272.28 787.018 485.265 395.357 350.427 113.258 46.4962 237.169 213.549 438.769 52.6686 93.1827 391.661 44.9302 11.1215 32.9717 17.1713 20.0751 358.689 32.2043 49.3979 21.5428 386.1 29.4525 26.0146 29.8177 27.8551 14.2919 23.6195 328.871
internal_count=14319 4074 10245 3148 2380 449 471 1931 1489 9774 740 308 926 768 70 97 60 141 829 163 730 166 9034 489 458 78 564 308 442 751
is_linear=0
shrinkage=0.05


Tree=34
num_leaves=31
num_cat=0
split_feature=3 15 15 9 18 4 0 8 8 17 16 18 8 19 0 6 0 17 18 0 19 1 3 8 3 15 17 16 9 4
split_gain=390.331 98.9673 62.6066 56.3031 63.0436 26.3627 21.9388 20.7471 20.1154 19.8656 18.6726 17.9804 15.3295 15.9614 14.408 14.1603 13.6948 16.9999 10.3645 10.2844 10.0576 8.97509 8.81304 14.7472 11.7009 8.07583 7.77764 8.65902 8.51272 8.08536
threshold=0.19929620331408934 0.15707236842105265 0.050316455696202543 1.5000000000000002 5.5000000000000009 0.30430505789962475 1.0033770501877992 9.529960790803079 -0.42145132816594483 0.60097087378640779 0.58017135862913116 9.5000000000000018 -0.06785799047105652 0.48967267608688042 0.66666568282841698 0.75184606656325981 0.66666568282841698 0.49666666666666676 16.500000000000004 2.2584466459382786 0.4788790840249384 1.0814992030041923 0.17110126221102048 0.80955190081919659 0.18152868981454889 0.27888888888888896 0.60097087378640779 0.18230694037145653 7.5000000000000009 0.44800547680823638
decision_type=2 2 2 2 2 2 2 2 2 2 2 2 2 2 2 2 2 2 2 2 2 2 2 2 2 2 2 2 2 2
left_child=2 3 11 4 7 9 14 8 -2 10 -5 22 26 20 -7 -11 17 -3 -15 21 -14 -6 -1 24 -24 -20 27 -4 -29 -28
right_child=1 16 12 5 19 6 -8 -9 -10 15 -12 -13 13 18 -16 -17 -18 -19 25 -21 -22 -23 23 -25 -26 -27 29 28 -30 -31
leaf_value=-0.057158169157760522 -0.02524666150519261 -0.043979133323896434 0.052881097717330294 0.028753092172286471 -0.057120404888916759 -0.0028728150988374598 -0.044107782285963709 -0.05293172915114483 0.029566537957196361 -0.033820606668962507 -0.043061116244310305 -0.046822236543834245 -0.0059720230144385848 0.039625536057643886 0.049922148666463995 0.038725327567765248 0.046145600642942972 0.035947280348589683 -0.04856206513256385 0.076016061819846381 0.11197968659560537 0.00055569015475955095 0.10369105675239364 -0.041061536663726278 0.0060437407465484469 0.034969004566738529 -0.041081221318311795 -0.063499924618360334 0.041138662383331893 0.051868962639828403
leaf_weight=6.2640279717743423 21.394853048026562 9.6123693510890025 23.248406462371353 76.182523019611835 68.257708560675383 14.750555641949175 7.6245711930096141 11.650370910763739 76.895552739500999 37.072368863970041 10.272067006677387 364.37780479341745 3.7637379504740229 4.6223162300884715 104.29279013723135 8.217435244470833 298.0089422762394 21.607784777879715 29.481803271919489 1.6169694662094105 3.4767634943127632 7.4846980124711981 5.0067337676882762 8.4566261470317823 7.9223195724189281 3.2084523141384116 7.3898669816553575 3.6638307869434348 4.1399331465363503 3.4234197661280632
leaf_count=75 148 40 51 222 1313 48 86 254 222 395 94 9406 29 26 265 42 700 47 448 3 13 90 14 89 56 8 69 31 12 16
internal_value=0.000130376 0.0220547 -0.0353805 0.00669779 -0.0141758 0.0218272 0.0381142 0.0101574 0.0176354 0.00616777 0.0202205 -0.0438725 0.00314232 -0.0172713 0.0433804 -0.0206578 0.0428449 0.0113387 -0.0304546 -0.0487573 0.0506663 -0.051421 -0.005 0.0102775 0.0438573 -0.0403637 0.0248664 0.0375838 -0.00798867 -0.0116538
internal_weight=1253.39 774.942 478.446 445.712 187.3 258.412 126.668 109.941 98.2904 131.744 86.4546 392.028 86.4185 44.5531 119.043 45.2898 329.229 31.2202 37.3126 77.3594 7.2405 75.7424 27.6497 21.3857 12.9291 32.6903 41.8655 31.0522 7.80376 10.8133
internal_count=14312 3969 10343 3182 2030 1152 399 624 370 753 316 9640 703 524 313 437 787 87 482 1406 42 1403 234 159 70 456 179 94 43 85
is_linear=0
shrinkage=0.05


Tree=35
num_leaves=31
num_cat=0
split_feature=3 15 15 18 11 17 18 6 2 7 7 3 19 19 2 0 2 3 16 6 8 3 6 17 7 19 6 15 7 3
split_gain=346.859 91.2284 56.1223 46.2909 34.0761 22.4645 21.0883 19.8154 19.7266 18.703 18.6366 18.4648 15.5625 13.4838 18.9126 12.4403 12.4217 12.0916 12.9545 10.7324 9.90038 13.0174 10.5062 9.8964 10.0157 10.4668 9.8571 9.15463 9.13022 9.26917
threshold=0.19929620331408934 0.11173533083645444 0.03433539640436193 24.500000000000004 0.010490979448642855 1.0000000180025095e-35 11.500000000000002 0.31599526453499849 0.52836153828790844 -0.10142478842371776 0.39664593069877219 0.66804284987106832 0.49001227688314258 2.5969505723818571 0.0065023384842218144 1.0033770501877992 0.38651466369628912 0.56266526592694399 0.12337223067816676 0.19516671305955061 1.3506663390590101 0.17110126221102048 0.20673445499304571 0.12731481481481485 0.383296897456879 2.1777825801545827 0.15733407427089038 0.14160401002506268 -0.39030301982911508 0.15944142435111255
decision_type=2 2 2 2 2 2 2 2 2 2 2 2 2 2 2 2 2 2 2 2 2 2 2 2 2 2 2 2 2 2
left_child=2 3 6 5 -5 13 20 -6 -9 28 19 15 -12 14 -2 -7 -15 23 -19 -11 21 -1 -23 24 25 -3 -25 -14 -4 -30
right_child=1 17 9 4 7 11 -8 8 -10 10 12 -13 27 16 -16 -17 -18 18 -20 -21 -22 22 -24 26 -26 -27 -28 -29 29 -31
leaf_value=-0.055713013239922907 0.024276674835467138 -0.049945698877456812 -0.011725864016694865 -0.053362423786584304 -0.046073860982700506 0.033508356143563088 -0.047911670710238469 0.046560039083000666 -0.025774234518402901 0.039687033466613363 0.10795410525992583 -0.051016726407921702 -0.029743957815905192 0.05187012678101826 -0.031393550567910614 -0.018299201979402293 -0.025697352792526648 0.040201119678629202 -0.038734023854000751 -0.046519285434419071 -0.054481846776197496 -0.057095504815951985 0.049414012400208027 -0.019843943604002351 0.046056426489087199 0.033595268016138921 0.043652932438876774 0.064846345952957074 -0.01321552449297494 0.054093617717695164
leaf_weight=5.4477116465568605 21.47531745955348 9.0670868158340472 12.820299278944729 53.036904245615005 15.292719159275292 142.2615009881556 329.19161209091544 26.284270752221346 14.695131927728651 3.9938302785158148 4.1625657938420799 7.5049563832581034 9.1883651278913003 16.616318523883823 52.680832039564848 12.614823330193756 7.4868686571717253 10.399589397013189 10.391610600054262 37.60975956171751 7.4594107158482066 2.7443773671984699 14.808857232332228 6.2322399765253058 11.606616824865339 6.3928970694541922 316.83894880115986 3.5447314083576194 6.6084109805524376 22.63108042627573
leaf_count=76 84 35 90 1262 176 446 8976 126 135 35 19 44 135 41 540 112 57 24 43 569 115 31 92 19 25 15 759 9 65 86
internal_value=-0.000903971 0.020273 -0.0349961 0.00270444 -0.0246067 0.0141583 -0.0442288 0.00249584 0.0206211 -0.00197507 -0.0202592 0.025577 0.0240257 -0.00471193 -0.0152717 0.0292886 0.0277763 0.0377951 0.000748694 -0.0382437 -0.00442665 0.0118067 0.0327617 0.039995 0.0109533 -0.0154005 0.042428 -0.00341123 0.0234555 0.0388811
internal_weight=1201.09 740.879 460.211 369.95 109.309 260.641 359.652 56.2721 40.9794 100.559 58.4993 162.381 16.8957 98.2593 74.1561 154.876 24.1032 370.929 20.7912 41.6036 30.4604 23.0009 17.5532 350.138 27.0666 15.46 323.071 12.7331 42.0598 29.2395
internal_count=14241 3943 10298 3023 1699 1324 9290 437 261 1008 767 602 163 722 624 558 98 920 67 604 314 199 123 853 75 50 778 144 241 151
is_linear=0
shrinkage=0.05


Tree=36
num_leaves=31
num_cat=0
split_feature=3 15 15 18 15 8 0 1 18 5 18 5 1 8 15 8 11 6 0 15 11 1 11 8 3 8 0 9 10 0
split_gain=335.306 83.6015 51.707 46.0861 39.2848 23.4595 22.9456 24.0211 18.2858 16.9346 16.0572 13.1278 12.4271 11.3436 23.9197 14.494 10.9657 10.3151 9.33778 10.3804 13.9332 9.19368 13.2596 9.02569 14.0535 8.42884 7.88372 7.59282 7.08817 6.73838
threshold=0.19471135482289434 0.09938271604938273 0.03433539640436193 18.500000000000004 0.025478740668614091 9.529960790803079 1.0033770501877992 0.54157072287216268 11.500000000000002 0.08938128073342376 1.5000000000000002 0.17040764859855237 1.7184139415223687 0.59220107519618426 0.046332737030411457 -0.34429611182886427 0.1718618465272985 0.75882775855786877 0.66666568282841698 0.19803921568627456 0.009299911304125873 0.92406563069292058 0.13122405391782019 1.3506663390590101 0.17110126221102048 0.99654850008642581 2.2584466459382786 11.500000000000002 5.5000000000000009 0.6677596311914803
decision_type=2 2 2 2 2 2 2 2 2 2 2 2 2 2 2 2 2 2 2 2 2 2 2 2 2 2 2 2 2 2
left_child=2 3 8 5 26 6 7 -2 23 17 -8 18 13 15 -15 16 -4 -6 -3 20 -20 22 -13 24 -1 -16 -5 -17 29 -10
right_child=1 11 12 4 9 -7 10 -9 28 -11 -12 21 -14 14 25 27 -18 -19 19 -21 -22 -23 -24 -25 -26 -27 -28 -29 -30 -31
leaf_value=-0.056497722992853043 -0.0016935094364854356 0.0082185607878781548 0.046772863990794708 -0.050379068064092508 0.010662328850599577 -0.052866614688213909 0.076838326946610025 0.035484022456980902 0.070745023125446588 -0.04268743415385691 -0.046255218905995023 0.053289450278734975 0.038855604500573057 0.16332533308549935 0.0559943295350857 -0.044586719358389051 -0.031385374910853164 0.068401844542468671 -0.023765255917638117 0.047282163002034361 0.034577409691978749 -0.040530566649703503 -0.030606713906987215 -0.054280134089546267 0.035102006148703173 -0.026043413500477744 0.043572349347173717 0.010412874811703358 0.079396409401222584 -0.04807568444560803
leaf_weight=5.7027004994452062 62.466764889657497 23.118921667337418 11.71025635674596 66.330816939473152 25.054810363799334 11.975815039128063 3.0734811574220684 142.70680031180382 1.1977475099265564 10.861353013664482 19.198761235922575 12.609075963497167 15.431721482425926 2.6786366775631931 4.63007603958249 37.217460941523314 7.2761546038091174 11.189763098955153 11.383607029914854 224.47402253746986 101.27326181530952 8.3207785785198194 7.5174523293972006 7.0979763977229586 15.757915914058684 9.6702996939420682 2.3106586486101142 7.5477572046220294 1.1021580025553692 313.85501409322023
leaf_count=76 269 61 44 1600 132 276 10 453 19 89 194 25 60 23 32 644 53 29 42 549 247 31 31 114 108 88 7 53 13 8979
internal_value=-0.000124466 0.0203536 -0.034676 0.00281814 -0.0230857 0.0153412 0.0189326 0.024165 -0.04372 0.012077 -0.0292688 0.0363765 -0.00225603 -0.0101145 0.0262029 -0.019787 0.0168203 0.0284882 0.0389587 0.0410667 0.0286821 0.00367699 0.0219534 -0.00540413 0.0107613 0.000518195 -0.0472164 -0.0353134 -0.0471811 -0.047624
internal_weight=1184.74 743.866 440.876 355.169 115.747 239.422 227.446 205.174 344.714 47.1059 22.2722 388.697 96.1624 80.7306 16.979 63.7516 18.9864 36.2446 360.25 337.131 112.657 28.4473 20.1265 28.5586 21.4606 14.3004 68.6415 44.7652 316.155 315.053
internal_count=14351 4045 10306 3059 1857 1202 926 722 9309 250 204 986 997 937 143 794 97 161 899 838 289 87 56 298 184 120 1607 697 9011 8998
is_linear=0
shrinkage=0.05


Tree=37
num_leaves=31
num_cat=0
split_feature=3 15 15 18 11 7 0 1 18 16 14 1 3 3 0 16 0 7 8 3 1 7 3 8 6 0 10 1 7 7
split_gain=310.764 70.2289 62.0215 45.0672 33.4862 31.1306 22.2498 22.5814 20.9756 19.955 19.3634 18.7374 14.9568 17.0048 11.9576 11.5818 11.4752 11.6733 9.15647 9.9337 9.89461 7.62498 7.58596 14.6289 8.87872 6.59479 6.15675 5.78252 5.44248 4.67833
threshold=0.21201525170818655 0.15707236842105265 0.03433539640436193 21.500000000000004 0.010490979448642855 2.9252214604175215 1.0033770501877992 1.0814992030041923 11.500000000000002 0.22055910191503414 0.11237373737373739 2.1365178262240221 0.2099554024490656 0.18773028429816754 2.2584466459382786 0.034632683658170925 0.66666568282841698 0.41430731178616836 1.3506663390590101 0.17110126221102048 0.55679044481010587 0.077434959587938959 0.49188335001969546 0.47091017318790929 0.65938233964265136 0.6677596311914803 5.5000000000000009 1.0010018232056599 -0.7589426785352823 9.7558890299480296
decision_type=2 2 2 2 2 2 2 2 2 2 2 2 2 2 2 2 2 2 2 2 2 2 2 2 2 2 2 2 2 2
left_child=2 3 8 5 -5 6 7 -2 18 10 -6 12 13 15 -8 -4 17 21 19 -1 -21 -3 -18 24 -24 -10 28 -15 -27 -7
right_child=1 16 11 4 9 29 14 -9 25 -11 -12 -13 -14 27 -16 -17 22 -19 -20 20 -22 -23 23 -25 -26 26 -28 -29 -30 -31
leaf_value=-0.05577440816028624 0.0183586584351812 0.0086466670293416439 -0.050306872662723469 -0.052015703412138972 0.022655991686665079 -0.061034759405307309 -0.044503631253662586 0.055049099741854228 0.070533613313400009 -0.061113163195542046 -0.086928463256918942 0.052663797158988036 -0.08501947587934984 -0.00037918373099878847 0.054139992281498621 -0.0044378240228429115 0.045535774683446391 0.050715957060926409 -0.05457323818007076 -0.059904804596592746 0.031951623485165892 -0.060127998848813251 -0.041886500173412833 0.056313123498765466 0.030870619392624782 0.048029186650005717 0.064271021689411179 0.048491900370455331 -0.04796867682307087 -0.0082077097987937921
leaf_weight=5.4077995941042927 183.36771547794342 11.107684433460241 18.321371551603079 46.679889146238565 53.445574775338173 12.84970183670521 17.259580574929718 54.370187602937222 1.1965455375611771 10.312021616846321 4.3599458746612063 14.407284639775751 5.9657079651951781 9.4349225312471408 3.7374426126480094 55.298723477870226 235.1347376704216 10.356069609522818 8.0446541048586351 3.4075040370225933 20.995597079396248 6.3250410184264174 10.083230495452886 14.643110021948813 7.1782194823026648 1.4834690503776062 1.2366408519446839 16.884801279753447 311.26530881598592 6.2195421941578379
leaf_count=78 719 31 336 1075 318 197 166 120 18 91 31 46 37 43 9 579 598 21 126 30 132 28 34 34 16 34 14 54 9261 51
internal_value=-0.000660254 0.0208076 -0.0318372 0.00695843 -0.0193944 0.0178483 0.0223922 0.0267497 -0.0424028 0.00296045 0.0143907 -0.000834137 -0.00811194 -0.0035211 -0.0269452 -0.015853 0.0392494 0.00867077 -0.00723598 0.00553827 0.0191253 -0.0163066 0.0424315 0.0195534 -0.0116303 -0.0466266 -0.0470731 0.0309729 -0.0475133 -0.0438049
internal_weight=1160.78 687.43 473.35 392.602 114.797 277.804 258.735 237.738 353.038 68.1175 57.8055 120.313 105.906 99.9398 20.997 73.6201 294.828 27.7888 37.8556 29.8109 24.4031 17.4327 267.039 31.9046 17.2614 315.182 313.985 26.3197 312.749 19.0692
internal_count=14327 3539 10788 2777 1515 1262 1014 839 9693 440 349 1095 1049 1012 175 915 762 80 366 240 162 59 682 84 50 9327 9309 97 9295 248
is_linear=0
shrinkage=0.05


Tree=38
num_leaves=31
num_cat=0
split_feature=3 15 18 10 15 11 18 11 5 16 17 0 17 6 7 18 15 3 3 3 0 7 1 3 6 2 3 17 18 1
split_gain=286.992 85.7541 42.8161 36.3799 36.2062 24.073 31.9718 24.4548 20.4265 17.2467 21.5786 15.4599 13.0977 12.9132 10.0883 9.70058 9.69701 16.8352 19.0026 8.62904 7.75894 6.96468 6.72164 6.63035 4.80075 8.67536 5.74702 4.73884 4.60708 3.83768
threshold=0.18308986090367138 0.15319426336375494 29.500000000000004 1.5000000000000002 0.15831244778613202 1.0000000180025095e-35 11.500000000000002 0.2391747849009517 0.0031411040062997862 0.22055910191503414 0.53907203907203916 1.0033770501877992 0.12731481481481485 0.56622430047677452 0.41430731178616836 5.5000000000000009 0.01526806526806527 0.17626080481834663 0.17663323022181696 0.17110126221102048 3.4455124532584613 0.38657769396661867 1.0711115686771417 0.56266526592694399 0.27048155796749412 0.13806618905089707 0.32431244694329558 0.49666666666666676 4.5000000000000009 1.1434833388845649
decision_type=2 2 2 2 2 2 2 2 2 2 2 2 2 2 2 2 2 2 2 2 2 2 2 2 2 2 2 2 2 2
left_child=4 2 5 29 15 6 8 11 -2 10 -5 -7 13 21 -9 19 20 -18 -19 -1 -17 -3 -6 24 25 -14 -26 -24 -25 -4
right_child=1 12 3 9 22 7 -8 14 -10 -11 -12 -13 23 -15 -16 16 17 18 -20 -21 -22 -23 27 28 26 -27 -28 -29 -30 -31
leaf_value=-0.056567565489295479 -0.054467594964865695 -0.060843839059811826 -0.05427204176940037 0.042517324850549092 -0.023631903229795866 0.035963180529682039 -0.055034640464996121 -0.07913031838321033 0.013753725362341313 -0.066443709952341182 -0.014683540388121292 -0.033808094163294299 -0.0090047137125093251 0.038689975649341173 0.01828664481096294 -0.048337825433855855 -0.053235384092479299 0.0638876127710684 -0.023157276579535632 0.042098492036043308 0.1089150816876658 0.013627011315890621 0.056889125273059039 0.031835802862202098 0.033782425876606986 0.039715862952547129 0.050305060133423833 0.0073165905788189906 -0.024579793186241275 0.0016486617196778801
leaf_weight=3.429622393101452 11.99370166286826 8.1466819569468516 54.835853168740869 28.886952739208937 6.8764397650957134 136.48434980586171 23.518171364441514 7.3355424962937814 128.8266936391592 8.3189543075859529 38.411728063598275 8.4298755973577482 12.516989603638647 12.503443300724028 4.1674341186881065 261.16768535785377 30.659111687913537 8.2486364804208261 26.138558350503445 6.2621591091156006 0.78677606582641502 5.1081137061119071 10.39795767888427 8.1179917454719526 83.293044865131378 33.836465626955032 142.95570695400238 8.9882282204925996 6.5295469611883155 3.2498882710933676
leaf_count=45 283 36 1489 69 36 442 332 40 560 105 448 106 39 32 14 8094 736 102 508 24 2 14 26 20 221 86 363 36 23 44
internal_value=-0.00106904 0.0162563 0.00238561 -0.0213851 -0.0377034 0.0122942 -0.00106935 0.0263344 0.0079433 0.00147365 0.00986908 0.0319045 0.0363953 0.0022397 -0.043837 -0.0421139 -0.043575 -0.0262961 -0.00227736 0.00718362 -0.0478655 -0.0321444 0.0188401 0.0394581 0.0412189 0.0265597 0.0442223 0.0339053 0.00668698 -0.0511433
internal_weight=1130.42 767.467 454.459 133.703 362.955 320.756 164.339 156.417 140.82 75.6176 67.2987 144.914 313.008 25.7582 11.503 336.693 327.001 65.0463 34.3872 9.69178 261.954 13.2548 26.2626 287.25 272.602 46.3535 226.249 19.3862 14.6475 58.0857
internal_count=14375 4766 3932 2155 9609 1777 1175 602 843 622 517 548 834 82 54 9511 9442 1346 610 69 8096 50 98 752 709 125 584 62 43 1533
is_linear=0
shrinkage=0.05


Tree=39
num_leaves=31
num_cat=0
split_feature=3 15 15 18 11 17 3 18 7 16 5 0 8 7 3 8 3 16 7 8 17 18 8 8 8 7 10 8 18 15
split_gain=256.288 65.3303 44.5412 43.1103 32.9726 22.2721 18.1882 16.5877 15.3336 18.8576 14.9564 13.296 12.6508 12.3547 11.0655 10.6871 16.9743 14.3771 9.88393 9.81764 9.5842 10.8602 8.62018 7.45554 7.39272 25.153 13.9672 7.20245 5.77672 5.57021
threshold=0.19929620331408934 0.15707236842105265 0.11024305555555557 21.500000000000004 0.010490979448642855 1.0000000180025095e-35 0.66804284987106832 23.500000000000004 0.11987921043239293 0.22276159654800434 0.28411339466867891 1.0033770501877992 0.20648137863755317 0.26407877174181943 0.56266526592694399 1.0962747249327915 0.17110126221102048 0.20941306755260247 -0.11770411180182584 0.41488626332771611 0.49666666666666676 44.500000000000007 -0.72859526607884362 -0.55333107764835965 0.35143198709261186 -0.31398055679186959 5.5000000000000009 -0.46092728728054716 9.5000000000000018 0.76388888888888895
decision_type=2 2 2 2 2 2 2 2 2 2 2 2 2 2 2 2 2 2 2 2 2 2 2 2 2 2 2 2 2 2
left_child=2 3 7 5 -5 10 11 15 9 -6 12 -7 -2 -10 22 16 -1 -18 -4 23 21 -20 28 -16 -9 -26 -27 -22 -3 -24
right_child=1 14 18 4 8 6 -8 24 13 -11 -12 -13 -14 -15 19 -17 17 -19 20 -21 27 -23 29 -25 25 26 -28 -29 -30 -31
leaf_value=-0.054089144369394951 0.0071787599181015876 -0.014719709577322533 0.032043468862910103 -0.049782876567203017 0.036054756213421343 0.033780060513976126 -0.050765693371984555 -0.047568896459925084 -0.075804820763853323 -0.05613284402048431 0.053691291121228446 -0.020356823755718508 -0.031739634965674078 -0.0067200292474586991 0.010826478599222327 -0.045682862436252011 0.052377364112930758 -0.02757284236865111 -0.032423291039183441 0.049603035933122014 0.018150478449650769 0.072341274844422446 0.042825714039414729 -0.068714545771488125 0.12827321621231719 -0.038338223440497539 0.10829638946265641 -0.06591676739479066 0.038019568005864333 0.0096652621189192729
leaf_weight=9.3048601970076543 46.378827165812254 12.134361058473589 27.256656590849161 51.663061210885644 36.180619660764933 158.48674110323191 7.2851596660912028 229.82930723018944 8.2642693631350976 6.5518529936671248 10.223981633782385 12.215789768844841 37.980557365342975 29.83241393789649 5.9151480942964563 16.239034304395318 16.436464851722125 8.5471103470772487 4.6053399741649645 6.0416371077299109 3.5653798803687087 5.3444027192890644 236.33278606832027 5.8691358119249353 2.4529928937554351 65.818342622369528 1.6650465987622727 8.9270128682255727 9.0756223052740079 13.381031870841978
leaf_count=194 246 37 86 1311 180 456 43 7186 99 52 26 105 436 201 19 355 144 122 32 14 13 11 627 28 35 2038 8 98 25 37
internal_value=-0.0006101 0.0177666 -0.0324858 0.00481258 -0.0185835 0.016185 0.026604 -0.0387704 0.00135796 0.0219203 -0.0034214 0.0299059 -0.0103432 -0.0217065 0.0359388 -0.0122687 0.00355626 0.0250257 0.0118106 -0.00221987 -0.0127629 0.0238499 0.0384495 -0.0287887 -0.0432375 -0.0290033 -0.0347202 -0.0419236 0.00784711 0.0410488
internal_weight=1093.8 693.813 399.992 405.063 132.492 272.571 177.988 350.293 80.8292 42.7325 94.5834 170.703 84.3594 38.0967 288.75 50.5275 34.2884 24.9836 49.6988 17.8259 22.4421 9.94974 270.924 11.7843 299.766 69.9364 67.4834 12.4924 21.21 249.714
internal_count=14264 3942 10322 3155 1843 1312 604 10082 532 232 708 561 682 300 787 815 460 266 240 61 154 43 726 47 9267 2081 2046 111 62 664
is_linear=0
shrinkage=0.05


Tree=40
num_leaves=31
num_cat=0
split_feature=3 15 15 9 2 2 17 2 3 15 5 15 11 2 6 0 7 19 16 17 3 2 8 3 17 0 5 1 17 5
split_gain=251.037 62.6535 49.0229 35.2203 49.1487 19.4891 17.7408 19.2893 16.7051 17.3832 17.102 18.1894 32.4748 17.3429 16.2924 15.8717 14.8949 14.6361 13.5421 11.7615 10.837 9.40751 8.62477 8.57666 7.97786 7.55245 6.99868 8.88153 6.61584 7.27997
threshold=0.19471135482289434 0.15707236842105265 0.01526806526806527 1.5000000000000002 0.10159720626531864 0.58755973117803451 0.99528301886792458 0.0065023384842218144 0.15944142435111255 0.21913109756097562 0.0025473513634376283 0.026201372997711674 0.18383348423363308 0.64693781908820669 0.36492905472264153 0.66666568282841698 0.41430731178616836 2.1777825801545827 0.27404479578392626 0.49666666666666676 0.50479041205512165 0.11205393508925382 1.0962747249327915 0.56266526592694399 0.50362318840579723 3.4455124532584613 0.15264646991405614 0.98592011664070689 0.56306818181818186 0.016548359316158921
decision_type=2 2 2 2 2 2 2 2 2 2 2 2 2 2 2 2 2 2 2 2 2 2 2 2 2 2 2 2 2 2
left_child=2 3 21 4 6 14 7 -2 9 -4 13 12 -12 24 17 16 19 -5 -13 -3 -16 22 -1 -8 -10 -23 -17 -28 29 -7
right_child=1 15 8 5 -6 28 23 -9 10 -11 11 18 -14 -15 20 26 -18 -19 -20 -21 -22 25 -24 -25 -26 -27 27 -29 -30 -31
leaf_value=0.012729307434031129 0.028121520542032777 -0.08961675053552591 -0.053039476844137914 -0.0092669258999205136 -0.053010407570001118 0.043128682929497258 0.041129065624114239 -0.025909624553272888 0.02656228731187198 0.041156650645653325 0.024449381450251065 0.028412928496832465 0.36923854943721696 0.073009979058749966 0.037304435716725835 0.041691253298402335 0.049137404159658206 0.03618145682474426 -0.063581598695087824 0.00061248728180735262 -0.001562496081627941 -0.047627193713530483 -0.054154206944214939 -0.017066454025877333 -0.050133907471114937 0.11222635270693396 0.040142442615481826 -0.022416429964921349 -0.064773624064381877 -0.048678866490497651
leaf_weight=13.010936401784422 23.965749409049749 5.7015987411141422 25.537664273753766 60.833003297448158 51.661472430452704 4.3047631941735762 35.763015940785408 53.156806867569685 4.0524864643812242 6.0600810870528212 1.9286770112812512 38.907829359173775 1.0573315415531395 4.1336584240198126 121.18953874148428 237.57391311228275 8.7321674823760969 24.992128480225801 4.4588142409920684 9.8531674295663816 21.049623228609562 248.63412109203637 7.6564169675111762 7.692985560745 20.760074380785227 0.74109846353530784 13.001910477876665 10.065764039754866 8.6565595213323814 4.3325177729129791
leaf_count=128 92 30 678 436 1296 15 99 528 15 16 46 259 13 46 418 656 18 86 51 27 114 8366 142 35 443 1 30 32 131 43
internal_value=-0.000202881 0.0174591 -0.0331206 0.00512518 -0.0122057 0.0172914 0.00527696 -0.00911951 -0.00446117 -0.0349738 0.00834285 0.0271732 0.146538 -0.0218109 0.0211718 0.0355359 -0.00312299 0.00396756 0.0189544 -0.032461 0.0315526 -0.0444655 -0.0120483 0.0308268 -0.0376076 -0.0471521 0.0391382 0.0128444 -0.0338826 -0.0029226
internal_weight=1079.47 702.527 376.939 417.598 172.24 245.358 120.579 77.1226 106.897 31.5977 75.2989 46.3527 2.98601 28.9462 228.064 284.929 24.2869 85.8251 43.3666 15.5548 142.239 270.043 20.6674 43.456 24.8126 249.375 260.642 23.0677 17.2938 8.63728
internal_count=14290 4086 10204 3293 2050 1243 754 620 1567 694 873 369 59 504 1054 793 75 522 310 57 532 8637 270 134 458 8367 718 62 189 58
is_linear=0
shrinkage=0.05


Tree=41
num_leaves=31
num_cat=0
split_feature=3 15 18 15 5 0 7 8 1 9 2 8 18 3 16 16 10 11 7 10 6 6 2 8 7 10 2 16 11 7
split_gain=235.489 65.4548 66.2776 34.1921 21.4265 17.4175 17.1613 20.3702 17.9591 14.0575 19.9523 13.732 12.0755 10.1324 18.6799 16.7199 9.33125 16.9747 8.78849 8.3698 7.59013 13.2835 7.44539 6.61979 10.1849 10.9329 6.01648 5.60329 4.4462 9.966
threshold=0.18773028429816754 0.025478740668614091 12.500000000000002 0.133974358974359 0.0021256202854473502 1.000230123974984 0.33002585573031024 0.44316076252336772 0.4514169420800534 6.5000000000000009 0.5411877013031503 -0.72859526607884362 27.500000000000004 0.17110126221102048 0.12974987974987975 0.19074371321562336 1.5000000000000002 0.037050757381687928 0.19740642172445236 2.5000000000000004 0.49299117477095927 0.22378703801318856 0.33343410899381914 0.35143198709261186 -0.31398055679186959 5.5000000000000009 0.041867960512248524 0.36549165120593702 0.27281822740268447 1.1820230933067035
decision_type=2 2 2 2 2 2 2 2 2 2 2 2 2 2 2 2 2 2 2 2 2 2 2 2 2 2 2 2 2 2
left_child=3 2 4 12 -2 9 7 -6 -8 10 11 -3 13 -1 26 -16 -4 -18 -12 -7 21 -5 -19 28 -25 -26 -15 -11 -14 -30
right_child=1 5 16 20 6 19 8 -9 -10 27 18 -13 23 14 15 -17 17 22 -20 -21 -22 -23 -24 24 25 -27 -28 -29 29 -31
leaf_value=-0.053471860438585074 -0.055818631513352569 -0.013137572236611571 -0.052398622363721184 0.03527304464265011 -0.013628694794215203 -0.063660698950275013 -0.010348863833531868 0.032240945709312865 0.044463605303158502 0.046762432276998347 -0.0014173371183128015 0.030444535789120344 -0.049594871055611688 0.016285970494666898 0.12105897988395471 -0.0014342680007278803 0.10928792710466675 0.022962810903516068 -0.072208844066786945 0.020842942311124425 0.032751060711493911 -0.062554170351876368 -0.04580261854015813 0.073375047305422908 -0.037538732604513347 0.085244121206792645 -0.045337273886533594 0.010095760026808896 -0.028044773833997835 0.1785090873830722
leaf_weight=12.850212797522543 10.918109672144054 19.491750165820122 56.302363403141499 6.7027134485542756 68.336586389690638 7.4760581720620376 19.104593135416508 37.478196457028389 68.618935510516167 118.03497145324945 13.378233386203648 248.52039200253785 198.54789519682527 5.3500685766339329 4.8296436350792629 6.582870464771986 2.4582993257790831 5.1730531677603748 6.5213457625359288 4.8190974295139313 19.962735310196877 7.1948809139430523 16.464429460465908 2.3307859264314166 53.02034685947001 1.8771923817694176 15.254400415346025 11.42813318222761 6.2696010358631602 0.64395530521869648
leaf_count=303 281 66 1677 23 367 46 76 141 224 317 65 763 6810 29 29 90 20 51 54 22 73 56 360 35 1783 9 382 36 193 12
internal_value=-0.000529955 0.0157919 -0.00279418 -0.0346887 0.0123297 0.0281138 0.0161742 0.00261773 0.0325264 0.0298416 0.0236883 0.0272749 -0.0399388 -0.0159662 -0.000913007 0.0504035 -0.0412551 -0.0152169 -0.0246166 -0.0305394 0.0129992 -0.0153728 -0.0293623 -0.0440333 -0.028994 -0.0333402 -0.0293364 0.0435257 -0.0482224 -0.00880555
internal_weight=1055.94 714.525 284.855 341.417 204.456 429.67 193.538 105.815 87.7235 417.375 287.912 268.012 307.557 44.8672 32.017 11.4125 80.3981 24.0958 19.8996 12.2952 33.8603 13.8976 21.6375 262.69 57.2283 54.8975 20.6045 129.463 205.461 6.91356
internal_count=14393 4566 3197 9827 1089 1369 808 508 300 1301 948 829 9675 833 530 119 2108 431 119 68 152 79 411 8842 1827 1792 411 353 7015 205
is_linear=0
shrinkage=0.05


Tree=42
num_leaves=31
num_cat=0
split_feature=3 15 15 18 11 18 17 7 8 1 18 2 9 19 11 1 15 3 8 19 1 19 0 8 1 3 0 8 6 3
split_gain=216.07 60.0668 51.4093 30.3998 18.855 29.1692 17.7015 17.462 16.284 16.1115 14.4552 13.7883 13.7816 12.7567 12.2249 11.9215 11.8209 10.7986 19.8666 12.063 12.7066 9.11793 9.00378 8.29225 7.8019 7.06945 6.55588 6.51352 7.28569 6.16082
threshold=0.21257125006781688 0.03433539640436193 0.14160401002506268 42.500000000000007 1.0000000180025095e-35 5.5000000000000009 0.5300120048019209 -0.7589426785352823 4.2526121121019864 2.1365178262240221 11.500000000000002 0.6032924963757883 4.5000000000000009 0.45232883615062158 0.24432196592541058 1.0814992030041923 0.21103238866396765 0.49188335001969546 0.63774670632365427 1.2354717755000899 0.99667527621724894 0.48967267608688042 0.75191467646277799 1.2221883442437136 0.55679044481010587 0.17110126221102048 0.6677596311914803 -0.58769235627512562 0.15733407427089038 0.25132760191275411
decision_type=2 2 2 2 2 2 2 2 2 2 2 2 2 2 2 2 2 2 2 2 2 2 2 2 2 2 2 2 2 2
left_child=1 10 3 4 5 8 -5 -6 -2 11 23 12 13 -3 -9 -7 21 27 19 20 -19 -13 -8 24 -1 -26 -12 -4 -29 -30
right_child=2 9 17 6 7 15 22 14 -10 -11 26 16 -14 -15 -16 -17 -18 18 -20 -21 -22 -23 -24 -25 25 -27 -28 28 29 -31
leaf_value=-0.057873016292273587 0.017876297749233865 0.072895347818657433 0.017323918116806121 0.030944040300558275 -0.054433485529396544 -0.049497810937328357 0.10227718967773332 0.030742523275350465 -0.052144736895065102 0.053265605727082957 0.07444352959058112 0.050940821354936917 0.036869916339610481 -0.027437158205644709 -0.024933993228094874 0.023836339959730463 0.028091713795594764 -0.015169845366392449 0.058055885405280089 0.032008023695974913 -0.11445915406942452 -0.044560550895216745 -0.056295329185117066 -0.054602263061221581 -0.055474525546071844 0.028288094042234143 -0.045099748211815185 -0.017557127714694771 0.018308361654027057 0.045655374020956714
leaf_weight=4.2009803801775005 97.092725366353989 3.6792127341032055 33.142862126231194 8.074539724737404 6.9412504062056533 34.503247821703553 0.92134926468133826 136.47979846037924 9.0796456858515722 13.685434117913244 1.1520428508520115 2.6993283089250317 27.876213058829308 22.8038479834795 10.626865115016697 6.6023439150303593 8.4706514999270421 10.896480336785318 13.050881206989287 7.7146089673042288 4.5753021389245978 33.725828856229782 31.513069001957774 7.7926444485783568 2.9225265998393324 18.242921974509954 256.26772661320865 5.1567142456769934 23.17852520942688 184.76074286550283
leaf_count=50 359 13 97 33 28 438 7 518 263 47 18 35 126 238 47 54 26 39 33 22 22 600 913 138 46 107 9379 15 68 524
internal_value=-2.04079e-05 -0.0285355 0.0184102 0.00536728 0.0108343 -0.00195723 -0.0352995 0.0230638 0.0118882 0.00240747 -0.0405623 -0.00460492 0.0123313 -0.0134983 0.0267205 -0.0377189 -0.025111 0.0341938 0.00871 -0.0190652 -0.0445316 -0.0374833 -0.0517908 -0.00949024 0.00436831 0.0167221 -0.0445648 0.0379441 0.0411511 0.0426071
internal_weight=1027.83 403.519 624.311 341.835 301.326 147.278 40.509 154.048 106.172 112.941 290.579 99.2551 54.3593 26.4831 147.107 41.1056 44.8958 282.476 36.2373 23.1864 15.4718 36.4252 32.4344 33.1591 25.3664 21.1654 257.42 246.239 213.096 207.939
internal_count=14303 10823 3480 2660 1707 1114 953 593 622 1085 9738 1038 377 251 565 492 661 820 116 83 61 635 920 341 203 153 9397 704 607 592
is_linear=0
shrinkage=0.05


Tree=43
num_leaves=31
num_cat=0
split_feature=3 19 9 0 3 4 8 3 16 16 18 8 18 16 1 7 8 7 17 3 7 8 0 8 7 8 1 8 1 8
split_gain=197.187 39.882 35.7313 25.39 28.4028 21.8578 17.8647 17.8362 14.5805 13.8446 13.4987 12.5273 12.7043 21.5396 17.6798 11.0428 11.9336 10.8351 15.413 10.5793 9.69845 9.52475 8.84091 8.11516 12.4325 8.66555 7.79042 5.23556 4.27907 3.17257
threshold=0.19471135482289434 0.55081855343425989 3.5000000000000004 0.66666568282841698 0.25132760191275411 0.1771560619079989 -0.089855396254323844 0.11876116235271779 0.27404479578392626 0.40192307692307699 5.5000000000000009 9.529960790803079 1.5000000000000002 0.69157608695652184 0.10021843759488121 0.35140682710434845 0.44316076252336772 1.1820230933067035 0.78538050734312426 0.49188335001969546 -0.063511575829301795 -0.03564335657419828 0.75191467646277799 0.35143198709261186 -0.26449678553862771 0.3696960306348594 0.52979953369834376 -0.25520003913103301 0.79088728548483644 1.228222419830258
decision_type=2 2 2 2 2 2 2 2 2 2 2 2 2 2 2 2 2 2 2 2 2 2 2 2 2 2 2 2 2 2
left_child=2 5 10 15 6 29 9 -4 17 -5 27 12 14 -14 -7 16 21 18 -9 20 -6 -3 -8 -12 -25 -26 -21 -1 -29 -2
right_child=1 3 7 4 19 11 22 8 -10 -11 23 -13 13 -15 -16 -17 -18 -19 -20 26 -22 -23 -24 24 25 -27 -28 28 -30 -31
leaf_value=-0.058150324983502581 -0.056617898912679043 -0.027548587371510169 -0.052050840086978578 0.03617150320882688 0.046353833562976524 -0.043898545741430428 0.045630392525035167 0.022461366632830982 -0.054744972834813055 -0.047120672327822175 -0.048916307677661412 -0.05226492278037416 0.0054478739731355095 -0.060768978521859744 0.044599579853201232 0.022868715764616344 0.034344394239363772 0.091357835439838317 -0.040979492395255855 0.05411735014583028 0.028385949523272686 -0.10183639760729585 -0.031461777518845262 0.094001482684922436 0.12772672483437075 -0.034319214069652659 0.0028577314645185457 -0.0084278461590597317 0.04697174293675549 0.047722743859889456
leaf_weight=2.8854935597628382 19.207939032465223 18.474122077226642 15.263248685747383 34.450651746243238 149.78701581433415 6.7576969787478438 4.1598640084266654 48.347341898828745 8.3629202134907228 5.8338191825896493 166.62426541559398 9.7927228081971389 105.64213264547288 13.896758507937191 34.228807933628559 15.33828381448984 5.9173306599259368 4.3786709457635871 11.937846640124915 9.0928738266229612 150.62111057713628 5.6296188086271313 35.083994917571545 1.9973130840808142 0.83462690562009711 71.607815384864807 40.10326199233532 7.9903292786329967 6.1826148927211761 0.75724543444812198
leaf_count=34 626 74 517 118 451 38 14 324 184 58 6342 294 1019 147 88 42 15 29 329 21 591 32 308 29 24 2379 154 58 21 6
internal_value=0.0002355 0.0161742 -0.0303513 0.0239296 0.02769 -0.00316486 0.000719866 -0.00289417 0.00738001 0.0241095 -0.0397429 0.00263715 0.00598641 -0.00225004 0.0300083 -0.0116457 -0.0292797 0.0154146 0.00989863 0.0338251 0.0373449 -0.0448991 -0.02329 -0.0427845 -0.0290593 -0.0324522 0.012332 0.00324031 0.0157389 -0.0526604
internal_weight=1011.19 664.775 346.412 474.492 429.133 190.283 79.5283 88.29 73.0268 40.2845 258.122 170.318 160.525 119.539 40.9865 45.3594 30.0211 64.6639 60.2852 349.604 300.408 24.1037 39.2439 241.064 74.4398 72.4424 49.1961 17.0584 14.1729 19.9652
internal_count=14366 4096 10270 1878 1715 2218 498 1383 866 176 8887 1586 1292 1166 126 163 121 682 653 1217 1042 106 322 8774 2432 2403 175 113 79 632
is_linear=0
shrinkage=0.05


Tree=44
num_leaves=31
num_cat=0
split_feature=3 15 15 4 9 17 2 17 3 15 0 11 16 5 15 2 16 2 17 17 5 9 2 17 19 19 0 19 0 3
split_gain=186.993 50.0157 49.4055 24.1207 21.0347 23.5291 24.4658 16.7498 16.2751 15.546 12.5985 12.9692 11.3897 14.2246 16.2549 13.5563 10.8677 10.7299 10.1658 10.4112 13.5828 11.1987 10.8247 9.80958 9.66898 8.4063 7.75094 7.72598 6.89345 6.67056
threshold=0.19929620331408934 0.11173533083645444 0.01526806526806527 0.30430505789962475 1.5000000000000002 0.99528301886792458 0.0065023384842218144 0.81411960132890371 0.16244854646570547 0.21913109756097562 1.0033770501877992 0.23738250585084988 0.27404479578392626 0.0025473513634376283 0.026201372997711674 0.64693781908820669 0.55662393162393176 0.11205393508925382 0.12731481481481485 0.5300120048019209 0.067700074389089968 5.5000000000000009 0.48172328051398788 0.40175438596491236 0.46586733731832536 5.7405072904009726 2.2584466459382786 2.5969505723818571 3.4455124532584613 0.36640834185033067
decision_type=2 2 2 2 2 2 2 2 2 2 2 2 2 2 2 2 2 2 2 2 2 2 2 2 2 2 2 2 2 2
left_child=2 3 17 7 5 6 -5 16 9 -4 11 -6 13 15 -15 -10 23 24 27 -20 22 -22 -21 -2 -1 26 -9 29 -19 -3
right_child=1 18 8 4 10 -7 -8 25 12 -11 -12 -13 -14 14 -16 -17 -18 28 19 20 21 -23 -24 -25 -26 -27 -28 -29 -30 -31
leaf_value=-0.042130672825321257 0.026258971879272855 -0.059381242492588839 -0.052762051705315741 0.027850195223875676 0.041037508779508826 0.030123612609641238 -0.036999537858802278 -0.048361953311190031 -0.026572485997155317 0.033311573596995762 -0.037624015957930093 -0.018978570190653576 -0.061046964279230891 0.14597827952385747 0.024656467729621444 0.072007231904403821 -0.049151303217287438 -0.046724327753853843 0.03885275518625176 0.042470360913469528 -0.03607528966344041 0.031683198454620559 -0.024582551258033047 -0.010589877371644536 0.024808812653360865 0.049051983697785337 0.11528467293817289 0.037779976524370124 0.1053203050035922 0.0042135081725898707
leaf_weight=10.969074659049513 31.261207217350602 6.2980605363845887 23.252265837043527 20.183886010199785 81.475617274641991 37.067823421210051 52.049515716731548 40.246903533115983 24.452896969392899 6.7741926461458197 6.501358048990368 10.119589064270256 5.2695977166295043 2.9569172840565434 41.641177235171199 4.0675432980060569 10.604290932416914 213.80578162521124 205.65050656348467 41.65776652097702 16.959150500595573 9.521534785628317 7.0355003178119651 42.772866303101182 10.614963460713623 2.4982616752386084 0.73681652545928855 9.5426126196980459 0.74808615446090598 11.942163862287996
leaf_count=184 115 26 703 76 234 127 751 1170 474 20 86 46 71 51 258 45 121 8503 605 116 61 27 24 324 108 5 1 25 1 43
internal_value=-0.000253499 0.0156502 -0.0299847 0.00228784 0.0128248 -0.00226041 -0.0188788 -0.0147691 -0.002042 -0.0333432 0.029633 0.0344068 0.00994788 0.0150644 0.0327003 -0.0125132 -0.00181108 -0.0428137 0.0301778 0.0330321 0.0171088 -0.0117117 0.0327821 0.00496971 -0.00921004 -0.039992 -0.0454199 0.00132641 -0.0461942 -0.0177448
internal_weight=988.678 644.125 344.552 335.518 207.398 109.301 72.2334 128.12 108.415 30.0265 98.0966 91.5952 78.3881 73.1185 44.5981 28.5204 84.6384 236.138 308.607 280.824 75.174 26.4807 48.6933 74.0341 21.584 43.482 40.9837 27.7828 214.554 18.2402
internal_count=14401 3983 10418 3056 1320 954 827 1736 1622 723 366 280 899 828 309 519 560 8796 927 833 228 88 140 439 292 1176 1171 94 8504 69
is_linear=0
shrinkage=0.05


Tree=45
num_leaves=31
num_cat=0
split_feature=3 9 2 9 0 6 17 6 0 7 2 3 17 8 3 16 7 14 8 5 2 19 18 3 5 8 8 17 19 6
split_gain=181.775 45.1365 67.4277 25.8196 25.2167 22.5596 22.2793 21.8073 20.0462 18.0084 17.6481 18.4832 17.8167 14.932 12.9877 11.0748 10.2217 9.16088 8.50376 8.13879 7.75205 7.07434 6.79131 6.03084 5.93406 5.37543 12.9177 18.1215 3.53612 3.17382
threshold=0.18308986090367138 1.5000000000000002 0.0834386738297207 3.5000000000000004 1.0009956174484478 0.29304777973830104 0.32971014492753631 0.73576623743230651 0.66666568282841698 1.1111226428630887 0.52122394088047008 0.49188335001969546 0.5300120048019209 -0.29375189612690783 0.52429209191814763 0.18973684210526318 1.1820230933067035 0.43271604938271607 0.34260398371135858 0.073912760790656604 0.041867960512248524 0.32500006381653518 9.5000000000000018 0.49366807625963799 8.2901100707209978e-06 0.57517209639616285 1.1167620562650447 0.61577311577311589 3.2830421115478208 0.537001017520779
decision_type=2 2 2 2 2 2 2 2 2 2 2 2 2 2 2 2 2 2 2 2 2 2 2 2 2 2 2 2 2 2
left_child=3 2 5 20 8 21 14 28 9 19 11 -10 -12 15 -7 29 17 22 -8 -3 -1 -2 -15 -23 -4 -22 27 -27 -6 -5
right_child=1 4 24 13 7 6 18 -9 10 -11 12 -13 -14 16 -16 -17 -18 -19 -20 -21 25 23 -24 -25 -26 26 -28 -29 -30 -31
leaf_value=0.0072737787343526003 -0.06583210030240122 -0.0017972097928278035 0.032337301543192608 0.05572206487458406 -0.060638941269000601 -0.023802205710945854 0.02038469773331231 0.077463333415811811 0.038256512674800028 0.051772505736463914 0.024082472661415014 0.0028367826757089687 -0.027807820695164066 0.062996907520312076 0.026915106322650231 -0.046071561052677346 0.060055265633978033 0.14327335667977259 0.056401404615655862 -0.050468212347578895 -0.048566096401770155 0.0070024455149311389 -0.037032380828621862 -0.044097178228311412 -0.053989183467923002 0.13878517540322197 -0.051760310134683608 -0.015901669424205671 -0.0055222765165828065 0.0071503009090683597
leaf_weight=7.6852147299796334 7.8190386258065692 19.190480701625347 2.0638221576809874 13.659324606880551 15.616264963522559 29.694763137027621 28.092397417873144 4.0382900182157746 288.66502392850816 10.273456111550329 49.653856232762337 42.219130598008633 24.806725913658738 1.7716645374894131 21.95617987215519 4.2320015225559464 3.426123969256877 0.75191759876906772 39.337531728670001 15.548625826835631 154.63573708757758 16.067137606441978 40.172756679356098 9.0131455436348897 56.178414462134242 2.0828044638037708 29.8314916100353 20.813186215236783 3.5765312165021887 4.4618093930184832
leaf_count=63 62 59 9 65 235 419 90 11 988 22 240 186 322 6 60 89 38 10 120 82 6421 90 1018 36 1681 19 1104 760 29 32
internal_value=0.000137164 0.0140936 -0.00518726 -0.0335234 0.0226523 0.0123425 0.0224679 -0.028147 0.0252727 -0.00638306 0.028788 0.0337371 0.00679509 -0.00678406 -0.0022429 0.0267548 -0.0230386 -0.0297064 0.0413963 -0.0235815 -0.0420377 -0.0243072 -0.0328073 -0.0113613 -0.0509302 -0.0438653 -0.030079 -0.0018301 -0.0503681 0.0437627
internal_weight=967.335 683.811 210.222 283.524 473.588 151.98 119.081 23.2311 450.357 45.0126 405.345 330.884 74.4606 68.4756 51.6509 22.3531 46.1225 42.6963 67.4299 34.7391 215.048 32.8993 41.9444 25.0803 58.2422 207.363 52.7275 22.896 19.1928 18.1211
internal_count=14366 4741 2567 9625 2174 877 689 275 1899 163 1736 1174 562 1258 479 186 1072 1034 210 141 8367 188 1024 126 1690 8304 1883 779 264 97
is_linear=0
shrinkage=0.05


Tree=46
num_leaves=31
num_cat=0
split_feature=3 9 18 9 16 17 9 16 17 3 3 1 4 18 9 6 4 2 2 7 7 4 3 8 3 17 8 1 7 4
split_gain=170.996 35.2456 70.1337 25.8769 21.743 21.168 16.3843 18.9819 19.0219 14.9397 14.9148 14.8259 29.6276 20.4868 14.8206 13.2146 11.902 15.0455 9.88945 8.15006 12.0453 7.89002 6.49307 6.48907 13.8057 18.605 10.3941 16.3317 9.99027 6.47845
threshold=0.18308986090367138 3.5000000000000004 12.500000000000002 3.5000000000000004 0.58017135862913116 0.32971014492753631 1.5000000000000002 0.12178642056690839 0.55028089887640463 0.66804284987106832 0.12181474060571496 0.97948212094033171 0.20106217128778597 25.500000000000004 5.5000000000000009 0.27048155796749412 0.18868285178247735 0.0065023384842218144 0.37592005885504437 1.1820230933067035 -0.10142478842371776 0.1848700173428747 0.42245912240221611 0.67118981373807374 0.18152793560152744 0.68100524205982127 0.76518214869397683 0.98898603487512549 -0.57706482529811243 0.17649846295126126
decision_type=2 2 2 2 2 2 2 2 2 2 2 2 2 2 2 2 2 2 2 2 2 2 2 2 2 2 2 2 2 2
left_child=3 2 5 23 11 16 -4 8 -8 15 -5 12 -3 -13 -15 -7 -2 -18 -6 20 29 -22 -14 -1 26 -26 27 -25 -28 -12
right_child=1 4 6 10 18 9 7 -9 -10 -11 19 13 22 14 -16 -17 17 -19 -20 -21 21 -23 -24 24 25 -27 28 -29 -30 -31
leaf_value=-0.047851236784369935 0.050972119714262999 -0.096240445316402801 -0.051169319613734443 -0.052196858122301459 0.015466204070431462 0.00050057295254422201 0.053192414474070297 -0.056169672696668463 -0.021636550049983338 -0.042309625459438512 0.066202083471409087 0.050297801186215456 0.029838757343080315 -0.014602229595252286 0.030169021514239364 0.036217501581900291 0.029676450346558522 -0.017164145215160485 -0.065127735196426423 0.075000099529222736 -0.054008045422666656 0.0017547504132778 -0.024002595326572545 0.12377398979803554 0.19298444780701277 -0.014948814112080136 0.13118775240866451 -0.051703888532912537 -0.04806569256080339 0.0084453044915335888
leaf_weight=154.4794795718044 9.8847395032644254 6.3092655893415204 52.953643510118127 14.222367916256188 6.6559942141175261 31.712108872830868 14.440855614840983 16.264782074838877 20.61943232268095 7.5228754989802828 7.0832180939614764 113.67939353734255 32.351935910061002 24.387579156085849 76.364677220582962 141.21898164413869 22.141307272017002 75.950526831671596 8.8905454669147712 3.9104063436388961 11.603857176378375 13.993171382695435 6.7716825008392325 2.4759836420416823 1.5919533036649216 3.3178125508129597 0.79298527911305328 2.854705024510622 39.267572419717908 15.435194090008734
leaf_count=6606 23 47 1668 528 28 126 40 185 369 41 32 332 117 178 273 438 84 655 113 31 335 196 25 60 4 74 9 110 1486 123
internal_value=-0.000487157 0.0131015 0.00348426 -0.0339849 0.0268147 0.0161893 -0.0316573 -0.0115261 0.00918448 0.0266671 -0.00682208 0.030251 0.00430519 0.0357483 0.0193319 0.0296677 -0.00132162 -0.00659128 -0.0306228 0.00558208 -5.96152e-05 -0.0235241 0.0205197 -0.0427723 -0.0271745 0.0524719 -0.0357895 0.0298016 -0.0445174 0.0266128
internal_weight=939.149 668.12 392.709 271.029 275.411 288.431 104.279 51.3251 35.0603 180.454 66.2482 259.865 45.4329 214.432 100.752 172.931 107.977 98.0918 15.5465 52.0258 48.1154 25.597 39.1236 204.78 50.301 4.90977 45.3912 5.33069 40.0606 22.5184
internal_count=14336 4742 3629 9594 1113 1367 2262 594 409 605 1245 972 189 783 451 564 762 739 141 717 686 531 142 8349 1743 78 1665 170 1495 155
is_linear=0
shrinkage=0.05


Tree=47
num_leaves=31
num_cat=0
split_feature=18 15 15 11 18 6 0 9 4 0 5 18 6 0 7 17 5 17 1 16 16 11 17 7 1 1 6 11 6 5
split_gain=142.355 58.6322 37.8781 23.9888 43.4009 18.0393 13.827 14.1584 19.8481 13.6108 13.5952 12.7076 12.1695 10.9219 13.7945 12.0028 11.7072 9.56425 7.99843 5.91318 5.66647 5.07457 4.96029 4.34924 5.1758 4.0344 4.01529 3.80684 3.79255 3.3478
threshold=42.500000000000007 0.15831244778613202 0.15707236842105265 1.0000000180025095e-35 11.500000000000002 0.7005708193538166 0.69825256127088819 4.5000000000000009 0.28685245725927483 1.0033770501877992 0.0031411040062997862 29.500000000000004 0.32495582196607337 0.66666568282841698 0.41430731178616836 0.49666666666666676 0.16207500461325483 0.52020408163265319 0.92406563069292058 0.16489180922170615 0.032876959106467311 0.20488678758914372 0.52020408163265319 -0.63512645822350178 1.0133385521255234 0.98806327284726037 0.15733407427089038 0.25432111549416364 0.45858371619022259 0.001970970552731184
decision_type=2 2 2 2 2 2 2 2 2 2 2 2 2 2 2 2 2 2 2 2 2 2 2 2 2 2 2 2 2 2
left_child=2 6 3 4 10 9 -2 23 17 11 -1 -5 -12 14 15 -4 26 -9 -18 -20 -7 -22 28 24 -8 -25 -15 -28 -3 -6
right_child=1 22 13 5 29 20 7 8 -10 -11 12 -13 -14 16 -16 -17 18 -19 19 -21 21 -23 -24 25 -26 -27 27 -29 -30 -31
leaf_value=-0.054877941612981318 0.09685625023234877 0.018604919735619407 -0.082935215411933702 0.018727823843845786 0.0019737713213579034 0.073797122075645302 -0.052920085997776804 0.01063060006119133 0.055495627755419913 -0.049583442384661426 -0.017032336964359806 -0.018502998193844485 0.017211965846722067 -0.010955402836903862 0.044405996620569606 0.004112230572314809 0.025741695045806319 -0.043246790694113461 -0.071254271986194939 0.0042098466637639454 0.042466697878584835 -0.014348023984330072 0.0023992266705341204 -0.028516002533748631 0.12422350759092478 -0.047847915123228939 0.038511903781575527 0.00058910429498277911 0.059806492152701451 -0.053879629568190868
leaf_weight=9.0448895934969169 1.9067963939160097 8.7592436075210589 6.4561538361012998 121.70907416567206 2.8539132662117472 12.209618018940089 0.81481222622096428 11.304844683036206 8.430980993434785 9.637171056121586 34.895691459998488 28.236473679542542 101.13514793850482 4.4360227435827246 10.133959546685217 10.243335247039793 11.981309641152622 30.355171764269471 5.2879443652927858 5.0989159494638443 23.822175165638331 4.706755641847848 9.6029748246073705 32.060611769556999 0.83483300358057022 170.57052311860025 185.57585722208023 6.8623697683215132 15.413673564791678 44.766005665063858
leaf_count=280 16 27 39 597 41 43 29 73 54 168 255 273 511 12 24 28 34 770 27 18 97 24 40 1352 14 7551 608 26 41 1314
internal_value=-7.24322e-05 -0.0291231 0.0131123 0.00348042 -0.00911452 0.0155959 -0.0372841 -0.0382896 -0.0144677 0.00801492 0.00448052 0.0117168 0.00842735 0.0284957 -0.00161407 -0.029541 0.0321809 -0.0286266 -0.0020969 -0.0342089 0.0452925 0.0330933 0.0327998 -0.0441309 0.0367267 -0.0447892 0.0360754 0.0371596 0.0448768 -0.0505323
internal_weight=929.147 290.054 639.093 393.017 192.696 200.321 256.279 254.372 50.091 159.583 145.076 149.946 136.031 246.076 26.8334 16.6995 219.242 41.66 22.3682 10.3869 40.7385 28.5289 33.7759 204.281 1.64965 202.631 196.874 192.438 24.1729 47.6199
internal_count=14386 9967 4419 3603 2401 1202 9859 9843 897 1038 1046 870 766 816 91 67 725 843 79 45 164 121 108 8946 43 8903 646 634 68 1355
is_linear=0
shrinkage=0.05


Tree=48
num_leaves=31
num_cat=0
split_feature=3 15 18 10 17 11 15 16 7 0 8 2 8 19 6 11 5 11 18 6 6 8 6 3 15 7 8 8 11 3
split_gain=147.111 45.8076 25.1461 27.3493 18.9846 17.8282 17.3072 13.1952 11.8228 12.7933 12.0302 11.8083 10.5302 12.2594 13.6031 15.3633 10.2159 9.73332 8.47901 7.60953 10.5379 11.2209 7.56163 7.51707 7.15022 6.45427 12.3929 6.42018 7.48421 6.61636
threshold=0.1834434309816049 0.13680926916221037 21.500000000000004 1.5000000000000002 1.0000000180025095e-35 0.040073446592262425 0.01526806526806527 0.25625390869293313 -0.48363472228108573 1.0033770501877992 1.2221883442437136 0.041867960512248524 -0.29375189612690783 0.48936933509504094 0.51596848651616278 0.16909533932054996 0.091794172922770187 0.20519701757987388 8.5000000000000018 0.56242194320216332 0.4810098041222442 -0.39333090527602471 0.26150560860682021 0.28183602975084893 0.51315789473684215 -0.34384666914464651 0.59220107519618426 -0.35747395171466556 0.12407653117295493 0.2927171919080947
decision_type=2 2 2 2 2 2 2 2 2 2 2 2 2 2 2 2 2 2 2 2 2 2 2 2 2 2 2 2 2 2
left_child=6 2 4 -4 17 23 11 -7 10 -10 -6 -1 19 14 -14 -16 22 18 -2 20 21 -8 -3 -5 27 26 -15 28 -18 -29
right_child=1 16 3 5 8 7 12 -9 9 -11 -12 -13 13 25 15 -17 24 -19 -20 -21 -22 -23 -24 -25 -26 -27 -28 29 -30 -31
leaf_value=0.016207487957664513 0.00017430052305231607 0.010865045181541142 -0.047525945506369516 0.021671700026631158 -0.044288440119213311 0.0006265724586254815 -0.064874978456799057 -0.065955687404084515 0.030853223418263277 -0.022116244511771261 0.040689172742080483 -0.043692464792418756 -0.054158479943549921 -0.027815404429451782 -0.05682175305109919 0.11922303698816326 0.038713678683094312 -0.094728634788241964 -0.054673186000466382 -0.040687160181908377 0.082349409823830627 0.046418010832328188 0.039405594625406576 0.11554522710128308 -0.026309152874440252 -0.04243845020362455 0.13886069197451861 0.00089784139597909405 -0.024658520319769669 0.040407082409120554
leaf_weight=8.6380759160965663 86.072650995105505 27.375764489173889 46.576625837013125 4.2208173070102912 12.601431362330915 61.097755815833807 3.8828630167990923 8.4730569031089527 125.46455025300384 12.538309952244161 6.2209602594375601 173.1414295155555 3.3213223461061698 4.5134053993970147 1.7055159229785202 4.5337362829595804 6.9213494434952763 3.0743632093071929 7.6747824102640143 4.2777297236025325 6.6740058586001387 5.4349506385624426 152.42417472600937 4.3103783130645752 9.7995796278119069 38.16347256116569 1.4812357798218725 15.003842256963251 14.253122612833975 36.073356740176678
leaf_count=69 658 91 1667 30 54 532 50 116 457 126 16 8115 77 75 48 30 20 16 139 53 23 40 495 13 33 1052 8 46 55 116
internal_value=-0.000494407 0.0123119 0.00118478 -0.0172014 0.0102224 0.000882843 -0.0325481 -0.00748251 0.0209706 0.0260407 -0.0162026 -0.040846 -0.0121612 -0.0237481 0.027586 0.0711007 0.0283885 -0.00718673 -0.00431588 0.0185466 0.0343913 4.06687e-05 0.0350601 0.0691012 0.013769 -0.0348623 0.0133691 0.0192048 -0.0039439 0.0288013
internal_weight=895.945 640.177 378.326 124.679 253.647 78.102 255.768 69.5708 156.825 138.003 18.8224 181.78 73.9882 53.7187 9.56057 6.23925 261.851 96.8218 93.7474 20.2695 15.9918 9.31781 179.8 8.5312 82.0513 44.1581 5.99464 72.2517 21.1745 51.0772
internal_count=14320 4680 3824 2358 1466 691 9640 648 653 583 70 8184 1456 1290 155 78 856 813 797 166 113 90 586 43 270 1135 83 237 75 162
is_linear=0
shrinkage=0.05


Tree=49
num_leaves=31
num_cat=0
split_feature=3 15 9 2 15 4 17 19 0 17 16 0 4 18 9 9 8 4 3 7 0 9 7 11 3 17 8 7 8 19
split_gain=134.948 44.8041 23.8128 34.5778 22.7129 19.6836 15.5842 14.2777 13.9337 12.9124 13.5493 12.3178 11.9034 10.7227 10.1625 9.76299 12.8361 8.75013 7.92761 12.1118 10.9909 6.93896 10.0501 8.55415 6.579 9.58289 5.74348 12.8761 9.28949 4.78397
threshold=0.18308986090367138 0.13680926916221037 1.5000000000000002 0.0834386738297207 0.050316455696202543 0.30430505789962475 0.99528301886792458 0.44806282800178016 1.0033770501877992 0.56306818181818186 0.33568075117370894 0.66666568282841698 0.42787815026319781 11.500000000000002 8.5000000000000018 6.5000000000000009 -0.72859526607884362 0.40276194553749239 0.30312374838037431 0.065121271700153069 0.66666568282841698 6.5000000000000009 0.9020824090302112 0.21833479939499756 0.17110126221102048 0.62087114337568072 0.35143198709261186 -0.36994996738199742 0.3696960306348594 0.21792161670724056
decision_type=2 2 2 2 2 2 2 2 2 2 2 2 2 2 2 2 2 2 2 2 2 2 2 2 2 2 2 2 2 2
left_child=4 2 3 6 13 9 7 -2 11 10 -4 -7 -8 24 -11 16 17 -3 19 -18 -20 22 -6 -23 -1 -26 -15 -28 -29 -10
right_child=1 15 5 -5 21 8 12 -9 29 14 -12 -13 -14 26 -16 -17 18 -19 20 -21 -22 23 -24 -25 25 -27 27 28 -30 -31
leaf_value=-0.05394738467983809 -0.00057328347841369338 -0.07141907067280831 0.025627314341653096 -0.051333819332311403 -0.03840602596117193 -0.015170180802863781 -0.030849662987183748 -0.05232341307829283 0.062413650262585954 -0.035009637957361478 -0.022060459239370958 0.037952153098123068 0.038718662519642594 -0.048835754941753982 0.024328956572937616 0.04173255960929622 0.024955164569302715 0.0075821934441665005 -0.01831383949734066 -0.035495683481430756 0.034933429720723733 0.02650456095460027 0.054029903717688725 -0.041687797237184673 0.1072897536426364 -0.0045438520076018186 0.1000008117275073 0.13472166922588844 -0.036971257545361284 -0.055155174123507192
leaf_weight=4.3912061434239176 52.424691459164023 5.8697950690984717 46.388083785772324 45.652608778327703 18.687521016225222 12.488969363272188 7.6007357835769644 17.872073363512754 0.99831558391451736 38.021786276251078 21.940037304535508 86.440367680042982 32.187145991250873 133.97736549377441 8.9054946545511466 80.069258727133274 24.181114353239536 8.6998904719948751 10.557833656668661 12.605457771569489 118.06526610255241 23.588874250650409 3.4896546564996234 5.7125011533498755 2.3857335858047 9.7194020356982929 1.8776121046394099 0.80281492508947749 42.180573593825102 6.4917408060282469
leaf_count=93 426 26 147 1687 351 48 41 212 4 570 219 311 90 6736 45 267 75 27 42 47 390 149 39 76 10 117 22 25 1965 113
internal_value=-0.000915471 0.0112385 0.000235231 -0.0147488 -0.0323063 0.0107623 0.000423138 -0.0137301 0.0262677 -0.00355448 0.0103149 0.0312459 0.0254289 -0.0400929 -0.0237488 0.0272077 0.0207458 -0.0242456 0.0247088 0.0042408 0.0305627 -0.00276031 -0.0238609 0.01321 -0.00152112 0.0174968 -0.0436508 -0.0281659 -0.0337645 -0.039485
internal_weight=884.274 637.461 377.412 155.737 246.813 221.675 110.085 70.2968 106.419 115.255 68.3281 98.9293 39.7879 195.335 46.9273 260.049 179.979 14.5697 165.41 36.7866 128.623 51.4786 22.1772 29.3014 16.4963 12.1051 178.838 44.861 42.9834 7.49006
internal_count=14370 4787 3913 2456 9583 1457 769 638 476 981 366 359 131 8968 615 874 607 53 554 122 432 615 390 225 220 127 8748 2012 1990 117
is_linear=0
shrinkage=0.05


Tree=50
num_leaves=31
num_cat=0
split_feature=3 15 18 10 15 1 0 8 1 17 18 1 18 5 15 5 15 17 6 8 1 7 17 7 1 1 5 8 8 6
split_gain=122.063 42.4629 23.3258 44.7318 21.7386 16.025 20.9792 18.3044 13.946 13.151 13.1127 11.3091 11.0897 8.71272 8.57617 8.38556 8.24262 8.50463 6.74187 6.5755 13.3926 6.23225 12.6949 8.90584 7.47384 6.46686 5.47655 5.13576 6.9523 4.81941
threshold=0.18308986090367138 0.15319426336375494 12.500000000000002 1.5000000000000002 0.01526806526806527 0.4514169420800534 1.0020019957591135 4.2526121121019864 1.0000347988922949 0.90797035692679995 5.5000000000000009 1.3125724938859344 65.500000000000014 0.091794172922770187 0.76388888888888895 0.099975648269154685 0.021390986044383439 0.76967285587975254 0.77209342128098624 -0.44684191259026701 0.66471074773163552 -0.26449678553862771 0.97575668527769632 0.4965401454928246 1.140814290189468 1.0102119289091285 0.17040764859855237 -0.42145132816594483 0.061982196071670756 0.20673445499304571
decision_type=2 2 2 2 2 2 2 2 2 2 2 2 2 2 2 2 2 2 2 2 2 2 2 2 2 2 2 2 2 2
left_child=4 2 5 -4 10 27 7 -7 9 -5 -1 21 -10 19 15 -15 -13 -18 -8 20 -3 24 23 -23 25 -6 -17 -2 -29 -21
right_child=1 13 3 8 11 6 18 -9 12 -11 -12 16 -14 14 -16 26 17 -19 -20 29 -22 22 -24 -25 -26 -27 -28 28 -30 -31
leaf_value=0.015346570908840652 -0.075395747977476529 -0.05792370219293598 -0.049051410565270147 -0.0533858031290457 -0.015383598861407674 0.02752253931354269 -0.040532738299478295 -0.052566213175520959 0.01777277427576221 0.032460162837797291 -0.043472544977401162 0.13625581316535382 -0.064483001428315298 -0.031201837058417947 -0.040946000151044978 0.036033201400116711 0.029311507690563274 -0.054206910549432788 0.027825836872839495 0.010191905687069611 0.028979112005004744 -0.048553307554357508 0.1967948782999133 0.0077696803964656114 -0.076434656134230186 0.062387898057799811 0.00600107493884563 0.025769880804567599 -0.035009087282577747 0.04334401993089583
leaf_weight=10.082963626831768 4.171364180743697 5.2605821639299384 55.44791965931654 16.292538432404402 4.9488750565797073 157.74097042344511 18.428390379995111 7.4722648542374364 89.462140602990985 6.1435152906924477 157.24370044842362 1.4864986650645757 4.2942711357027283 7.2950261086225501 6.3394932448863974 42.425710335373878 17.041604600846771 3.7120610531419507 4.4846618790179482 12.107434898614882 28.194473661482334 27.631054194644094 0.60424808412790199 9.4082508832216245 2.1030912920832625 5.81223239377141 23.637843821197748 7.0680697336792973 14.073116317391394 115.93160712718964
leaf_count=73 25 20 1859 218 59 568 189 247 476 111 8072 22 76 31 22 138 84 97 44 40 94 891 24 186 33 41 77 23 64 401
internal_value=0.000305163 0.0119252 0.00162135 -0.0121014 -0.0300075 0.0126567 0.0176822 0.0239003 0.00553144 -0.0298792 -0.0399282 -0.00718914 0.0140053 0.028376 0.0148484 0.0196701 0.0225196 0.0143732 -0.0271532 0.0350519 0.0153142 -0.0202708 -0.0305382 -0.0342469 0.00977382 0.0266219 0.0252876 -0.0246932 -0.014689 0.0402091
internal_weight=866.346 626.271 385.079 171.64 240.075 213.439 188.126 165.213 116.192 22.4361 167.327 72.7479 93.7564 241.192 79.6981 73.3586 22.2402 20.7537 22.9131 161.494 33.4551 50.5078 37.6436 37.0393 12.8642 10.7611 66.0636 25.3126 21.1412 128.039
internal_count=14305 4723 3900 2740 9582 1160 1048 815 881 329 8145 1437 552 823 268 246 203 181 233 555 114 1234 1101 1077 133 100 215 112 87 441
is_linear=0
shrinkage=0.05


Tree=51
num_leaves=31
num_cat=0
split_feature=15 18 1 8 10 3 6 6 0 7 8 15 7 1 4 1 17 18 17 17 18 6 7 8 4 7 3 10 19 3
split_gain=111.224 68.2302 21.5581 21.5398 20.7562 28.7013 16.6037 15.8221 14.7829 14.4385 14.7763 13.1852 12.3146 10.8943 10.9373 20.9 10.2422 20.2935 9.86204 8.9696 7.77523 11.8659 7.358 14.4694 7.20561 15.8619 18.1694 6.10248 5.902 5.61997
threshold=0.060120481927710849 5.5000000000000009 0.62848428248156607 1.7291277977819304 1.5000000000000002 0.17626080481834663 0.60626871898920853 0.50302008426550671 1.000230123974984 0.43603658890415475 -0.34429611182886427 0.025478740668614091 -0.10142478842371776 1.5927989178833024 0.21954239988638688 0.93476445619447091 0.55028089887640463 35.500000000000007 0.99528301886792458 0.12731481481481485 1.5000000000000002 0.35247833560211494 1.2023907826595408 1.228222419830258 0.70604187211180058 0.228940306806133 0.18152793560152744 5.5000000000000009 0.21792161670724056 0.1765519871431239
decision_type=2 2 2 2 2 2 2 2 2 2 2 2 2 2 2 2 2 2 2 2 2 2 2 2 2 2 2 2 2 2
left_child=1 2 18 9 24 -6 8 11 13 10 -4 -7 -9 14 15 -2 -8 -18 20 -16 21 -1 23 -20 28 26 -26 -19 -3 -30
right_child=6 4 3 -5 5 7 16 12 -10 -11 -12 -13 -14 -15 19 -17 17 27 22 -21 -22 -23 -24 -25 25 -27 -28 -29 29 -31
leaf_value=-0.070733219754716414 -0.087792919500377223 0.04297139119748844 -0.046135179882690919 -0.047200400618603505 -0.051138632158502208 -0.04362922628641408 0.043352959337348909 0.061823491812158841 -0.055860769235368257 0.053824632913377302 0.026357691403300368 0.016485546451817934 0.0031425624613613413 0.040283418060679435 -0.017031279732483987 0.0028061756080148305 0.036253464791976192 -0.060635078376192364 -0.061020930192862415 0.02102362659453267 -0.046812503754239891 0.017858210923423861 0.053994284286258069 0.05059868425132117 -0.05252944723332488 -0.052960681057807858 0.15063039454087934 0.029224700800670612 -0.032281266086386089 -0.051619139506534323
leaf_weight=5.0372477024793652 7.2183075398206702 1.9186860620975483 8.6157919131219369 9.5468749534338695 35.870475593954325 22.76986650377512 89.458540314808488 14.748052610084413 7.7612197995185843 40.355575241148472 38.17512359470129 15.217529717832802 22.704553533345461 34.591618105769157 17.346851574257016 53.884480264037848 27.316496517509222 9.3321881517767888 6.2274575456976908 144.21351102925837 22.936508193612099 15.140053346753119 7.6992910578846923 5.439406655728817 1.8441797737032155 6.4660846255719662 2.7292439043521881 2.3689819369465104 56.167488694190979 113.47991852648556
leaf_count=29 44 10 46 268 1879 573 307 99 45 112 130 186 486 119 69 360 94 121 29 559 192 62 17 13 62 172 12 15 3043 5165
internal_value=-0.00016902 -0.0170583 0.0093076 0.0240991 -0.031337 -0.0143185 0.0192783 0.00318882 0.0121271 0.03191 0.0130093 -0.0195476 0.0262499 0.0141782 0.0101227 -0.00789664 0.0340295 0.012653 -0.0135836 0.0169376 -0.0268972 -0.00425857 0.0160558 -0.00898086 -0.041711 -0.00255581 0.0687086 -0.0424424 -0.0442304 -0.0452167
internal_weight=846.582 453.089 159.173 96.6934 293.916 111.31 393.492 75.44 265.016 87.1465 46.7909 37.9874 37.4526 257.255 222.663 61.1028 128.476 39.0177 62.48 161.56 43.1138 20.1773 19.3662 11.6669 182.606 11.0395 4.57342 11.7012 171.566 169.647
internal_count=14318 12585 898 556 11687 3223 1733 1344 1196 288 176 759 585 1151 1032 404 537 230 342 628 283 91 59 42 8464 246 74 136 8218 8208
is_linear=0
shrinkage=0.05


Tree=52
num_leaves=31
num_cat=0
split_feature=3 15 15 18 11 9 16 18 7 5 4 8 6 15 11 7 7 0 18 7 15 8 11 2 5 0 9 15 4 7
split_gain=105.734 34.4207 23.6237 20.5393 20.394 18.4046 15.8598 14.2999 13.2637 11.4156 11.0316 13.1686 10.6215 12.0584 29.652 11.0228 13.1163 9.20097 9.09152 8.92172 7.8685 6.34077 9.98109 14.6501 7.19793 6.04156 5.94997 5.66953 5.4514 5.1876
threshold=0.18773028429816754 0.15707236842105265 0.01526806526806527 21.500000000000004 0.010490979448642855 3.5000000000000004 0.22055910191503414 12.500000000000002 0.11987921043239293 0.001279467093844374 0.21954239988638688 -0.44684191259026701 0.4810098041222442 0.01709526592635886 0.20300622364159587 -0.11770411180182584 0.39664593069877219 0.66666568282841698 11.500000000000002 0.41430731178616836 0.094044811320754734 -0.37734305668795159 0.14465586372026906 0.20777877814000092 0.16207500461325483 0.6677596311914803 2.5000000000000004 0.21103238866396765 0.38166660483366527 -0.10142478842371776
decision_type=2 2 2 2 2 2 2 2 2 2 2 2 2 2 2 2 2 2 2 2 2 2 2 2 2 2 2 2 2 2
left_child=2 3 18 5 -5 7 8 9 -6 -2 11 -7 27 14 28 -15 -17 19 -1 26 -9 22 -19 -24 -23 -20 -3 29 -14 -4
right_child=1 17 12 4 6 10 -8 20 -10 -11 -12 -13 13 15 -16 16 -18 21 25 -21 -22 24 23 -25 -26 -27 -28 -29 -30 -31
leaf_value=-0.0051175283726819024 -0.056483066462956227 0.0081071459782766694 -0.0096199189162274219 -0.046360887905987358 0.02818924218339397 -0.063304556697715883 -0.056059683706021539 -0.062726484719949016 -0.015323809644072622 0.0094039046021139119 0.048446805588347443 0.029759393749982162 -0.051064451113708977 0.036320134692916672 0.40658761752728073 -0.040993088003254741 0.034706450338230437 0.041741957158710381 0.069791149415015671 0.038754628554552591 0.0079120036893696021 0.038669243624838964 -0.086304239990508846 0.011435135671284269 0.00082932563250603182 -0.044527969977340681 -0.054943220530563698 0.011617468062772904 0.12359241592724216 -0.053794196375558004
leaf_weight=17.222703782841563 6.8443455491214982 6.9655014127492931 10.776975201442839 36.585894176736474 36.751778086647391 5.4532724972814348 11.428806016221641 12.232563355937602 33.455592485144734 166.51979904994369 41.426269816234708 12.546966616064308 1.1701798457652324 16.039882557466626 0.6520108152180909 17.584703521803025 8.4824927374720556 18.336553320288658 1.1652935836464156 8.3208551332354528 5.8169856369495383 138.17289847880602 4.7048978954553631 20.709759764373302 13.824882805347441 140.61725019663572 8.0849281512200815 7.6775421872735015 0.72267109155654896 17.339012730866671
leaf_count=234 243 23 144 1571 215 57 142 192 319 800 127 48 59 115 13 478 118 59 17 21 19 506 21 78 41 8026 35 27 1 561
internal_value=-0.000241107 0.0111617 -0.0282507 0.00184168 -0.0153399 0.00993943 -0.00143757 0.00239306 0.00745417 0.00680271 0.0342464 0.00156515 -0.00617114 0.0100954 0.115787 0.00370761 -0.0163598 0.0268593 -0.0394214 -0.00279274 -0.0399612 0.0303995 0.0136264 -0.0066589 0.0352275 -0.0435884 -0.0257628 -0.0264634 0.0156178 -0.036862
internal_weight=827.633 588.183 239.451 369.062 118.222 250.84 81.6362 191.414 70.2074 173.364 59.4265 18.0002 80.4455 44.6519 2.54486 42.1071 26.0672 219.12 159.005 23.3713 18.0495 195.749 43.7512 25.4147 151.998 141.783 15.0504 35.7935 1.89285 28.116
internal_count=14310 4517 9793 3733 2247 1486 676 1254 534 1043 232 105 1516 784 73 711 596 784 8277 79 211 705 158 99 547 8043 58 732 60 705
is_linear=0
shrinkage=0.05


Tree=53
num_leaves=31
num_cat=0
split_feature=3 15 9 18 2 15 1 18 6 0 3 1 8 19 15 19 11 6 8 7 3 8 7 19 6 6 3 7 8 9
split_gain=103.373 34.2293 19.7268 29.3942 18.2492 17.9216 16.5378 13.7639 12.9768 16.2282 12.5397 10.8419 9.94663 10.9507 11.7045 12.5631 9.25336 9.23009 8.44191 9.03283 8.37051 12.9314 8.35828 8.33059 8.01367 9.28932 7.45367 8.04112 8.03661 7.1725
threshold=0.18308986090367138 0.15707236842105265 1.5000000000000002 1.5000000000000002 0.5411877013031503 0.01526806526806527 0.10021843759488121 11.500000000000002 0.67463365227285077 1.0033770501877992 0.74565484895537004 1.0814992030041923 -0.29375189612690783 0.48936933509504094 0.01709526592635886 0.48895931788983921 0.2156950842406623 0.87270556555853962 0.59220107519618426 -0.35745549845138008 0.49188335001969546 0.63774670632365427 0.02575109396944714 0.65815745109487522 0.65938233964265136 0.22579561098657477 0.17110126221102048 0.1333500534933563 0.39721576983734047 3.5000000000000004
decision_type=2 2 2 2 2 2 2 2 2 2 2 2 2 2 2 2 2 2 2 2 2 2 2 2 2 2 2 2 2 2
left_child=5 2 3 6 8 7 -2 26 9 -4 11 -5 29 14 -14 -16 -10 -8 -15 -20 -3 24 23 -6 25 -22 -1 -28 -29 -7
right_child=1 20 4 10 22 12 17 -9 16 -11 -12 -13 13 18 15 -17 -18 -19 19 -21 21 -23 -24 -25 -26 -27 27 28 -30 -31
leaf_value=-0.053839816566444147 -0.063834235743805617 0.030299455719795532 0.014820235171194263 -0.042460822862837783 -0.0480156501431259 -0.054111912096921379 0.031167301913622925 -0.044119533626096427 0.048664379377268446 -0.049335069379783582 0.030424695333262725 0.015110503656788597 0.17515914607849237 -0.045019610504178548 -0.023006548940047125 0.14286034200772796 -0.019148746995959268 -0.042526261644492955 0.11792582630251008 -0.01297629174960243 0.013617133024390932 0.049296653317377682 -0.038642582837873321 0.032085657867863243 0.023929723823808893 -0.073991346523239396 0.088729202244845734 0.066554891455337425 -0.034948819646839845 0.031948413313665824
leaf_weight=4.1030363924801376 5.8984303250908843 195.67764111608267 132.14017498120666 72.809900932013988 4.6021094210445872 2.7889016373083022 47.142327591776848 132.81363283656538 41.101282158866525 10.65155743062496 7.7802797220647326 9.2124229129403812 1.1920818910002688 29.667520890012383 6.3429751582443714 1.3921729214489458 5.7320732101798049 4.669905111193656 1.5992574654519556 7.4898510091006738 4.6389069110155168 9.6361212134361249 23.676217285916209 11.014648634940384 6.5719910115003577 8.7009816057980043 3.4494957793503991 2.9156861342489702 5.8882145024836063 18.355700837448239
leaf_count=92 39 709 629 1996 53 73 125 7901 128 194 29 125 6 941 141 6 35 134 6 151 15 33 409 48 16 43 13 11 99 99
internal_value=0.000447425 0.0111358 0.00191089 -0.0123478 0.0110991 -0.0290515 0.0154943 -0.0387896 0.0175254 0.0100346 -0.0302402 -0.0359946 -0.00794633 -0.0206035 0.0293216 0.00684619 0.0403645 0.0245252 -0.0321033 0.0100564 0.0265538 0.00174854 -0.0199138 0.00848057 -0.0212618 -0.0435258 0.00448945 0.0240209 -0.0013327 0.0205973
internal_weight=819.655 601.657 376.431 147.513 228.918 217.999 57.7107 149.17 189.625 142.792 89.8026 82.0223 68.8285 47.6839 8.92723 7.73515 46.8334 51.8122 38.7566 9.08911 225.226 29.548 39.293 15.6168 19.9119 13.3399 16.3564 12.2534 8.8039 21.1446
internal_count=14299 4760 3944 2448 1496 9539 298 8116 986 823 2150 2121 1423 1251 153 147 163 259 1098 157 816 107 510 101 74 58 215 123 110 172
is_linear=0
shrinkage=0.05


Tree=54
num_leaves=31
num_cat=0
split_feature=18 17 15 18 16 1 8 8 7 10 7 10 9 3 8 6 6 10 3 1 1 17 1 2 19 7 12 15 7 5
split_gain=95.5788 48.0771 27.0208 27.0114 24.8588 17.9144 15.8595 15.4165 20.0818 15.0181 14.1986 12.7319 10.911 13.2077 13.1476 15.5012 10.6673 8.99301 8.87717 8.63887 38.6473 42.2979 9.20968 7.25611 6.08609 5.35798 5.2231 4.50806 4.38301 4.77646
threshold=35.500000000000007 0.53907203907203916 0.03433539640436193 5.5000000000000009 0.14354395604395606 0.62848428248156607 2.1333948667868929 1.1753809664846704 1.2023907826595408 2.5000000000000004 0.43603658890415475 4.5000000000000009 6.5000000000000009 0.18180158403184682 0.63774670632365427 0.65938233964265136 0.43898746220752455 3.5000000000000004 0.20874633041082646 0.98806327284726037 0.9879250471210419 0.96858552631578954 0.97104273854334489 0.22142803591061264 0.91974055624471307 -0.39030301982911508 1.0322231350674331 0.10215677179962897 1.2023907826595408 0.001970970552731184
decision_type=2 2 2 2 2 2 2 2 2 2 2 2 2 2 2 2 2 2 2 2 2 2 2 2 2 2 2 2 2 2
left_child=2 4 3 5 -2 7 10 8 -1 26 -7 -6 13 -4 15 -15 -11 19 28 20 22 -22 -3 -16 27 -8 -5 -21 29 -19
right_child=1 17 12 9 11 6 25 -9 -10 16 -12 -13 -14 14 23 -17 -18 18 -20 24 21 -23 -24 -25 -26 -27 -28 -29 -30 -31
leaf_value=-0.04510310405877524 0.038994097095304429 -0.038600917991919594 -0.057375103936439714 -0.039529448983089632 -0.059485607705411628 0.013130226479524727 0.064100062428962323 0.04083050568393623 0.021764888974089285 -0.037307422354930876 0.053750145979274314 0.020654010988033954 0.038979441658847612 0.0023752032423371636 0.04941467501844149 0.039022103178630863 0.058601098846937844 -0.012864552930906515 0.034558802139971444 -0.044091644237277426 0.68395498874926786 -0.050893179571387205 0.035319409972990233 0.012061195840057532 0.045543771399745352 -0.058361656965995025 0.033075683555459631 -0.088984004091074098 0.038672619654328222 -0.06400595836043442
leaf_weight=32.872917462140322 38.541999854147434 22.032217551954098 5.8610570002347222 57.266393525525928 12.89303851965815 49.914567921310663 1.0235976576805113 12.010791005566714 17.05264656804502 4.5510287228971702 37.809345327317715 8.0508702490478736 72.55657771229744 121.56835255771875 43.375781811773777 37.836708828806877 7.9878237210214138 10.459900206886241 8.0781790837645513 143.22114316839725 0.4082495179027309 0.37634081579744816 5.2100516296923152 18.566004287451506 1.8443292351439584 7.0104437135159952 2.5890301913022986 5.8194482363760462 2.2523415908217421 8.1021022284403426
leaf_count=219 127 1125 99 1568 284 193 2 48 66 60 109 30 261 471 154 121 30 258 29 8073 20 22 288 73 25 263 16 58 11 160
internal_value=-9.02963e-05 -0.0244667 0.0122066 -0.000681316 0.0151673 0.0109262 0.0244796 -0.0100283 -0.0222636 -0.0259657 0.0306376 -0.0286798 0.022099 0.0167083 0.01867 0.0110738 0.0237907 -0.0358123 -0.00992882 -0.0399922 -0.0144995 0.331474 -0.0244637 0.0382186 -0.0447274 -0.0427591 -0.0363889 -0.0458445 -0.0271947 -0.0351872
internal_weight=797.143 267.29 529.853 230.089 59.4859 157.694 95.758 61.9364 49.9256 72.3943 87.7239 20.9439 299.764 227.208 221.347 159.405 12.5389 207.804 28.8925 178.912 28.0269 0.78459 27.2423 61.9418 150.885 8.03404 59.8554 149.041 20.8143 18.562
internal_count=14263 10510 3753 2574 441 900 567 333 285 1674 302 314 1179 918 819 592 90 10069 458 9611 1455 42 1413 227 8156 265 1584 8131 429 418
is_linear=0
shrinkage=0.05


Tree=55
num_leaves=31
num_cat=0
split_feature=3 15 4 9 9 2 6 11 0 19 17 3 1 15 6 2 7 7 10 7 18 11 1 1 7 4 1 4 0 17
split_gain=95.6365 31.9572 21.2817 20.6679 15.5527 23.0065 14.1038 13.4403 13.1637 10.7137 10.4118 9.87372 9.18417 9.09577 7.16009 9.3233 8.60793 51.359 7.40762 6.33487 6.24439 7.40443 12.664 6.14015 5.78887 7.39839 5.20388 4.92828 4.61562 3.79795
threshold=0.18308986090367138 0.19803921568627456 0.17709522621304383 3.5000000000000004 1.5000000000000002 0.10159720626531864 0.328871447630603 0.24432196592541058 1.0022412615143017 0.48013644743525868 0.43050193050193059 0.11876116235271779 0.99999957465430922 0.39565217391304358 0.60626871898920853 0.035186910940930745 0.44729571759652575 0.60165447011543394 2.5000000000000004 1.1820230933067035 14.500000000000002 0.010490979448642855 0.9625782679105892 0.55679044481010587 -0.10142478842371776 0.1848700173428747 1.0814992030041923 0.17473043803296059 0.68023744764755634 0.50362318840579723
decision_type=2 2 2 2 2 2 2 2 2 2 2 2 2 2 2 2 2 2 2 2 2 2 2 2 2 2 2 2 2 2
left_child=3 2 10 14 5 6 -4 8 -6 -9 12 -5 -2 28 -1 -16 18 -18 -17 24 21 22 -15 -23 27 -26 -7 -13 -3 -12
right_child=1 13 4 11 7 26 -8 9 -10 -11 29 19 -14 20 15 16 17 -19 -20 -21 -22 23 -24 -25 25 -27 -28 -29 -30 -31
leaf_value=-0.049683594011349808 -0.06536156401611587 0.0033848861447024516 -0.02891662321036231 -0.051495833273777769 0.020548924090578874 -0.056447990884308123 0.013141255024031096 0.03949007946791 -0.028585200294480209 -0.045339237205464178 -0.12860965621066098 0.052401908253428199 0.045074780108300752 0.042716292977007957 0.057041215138205682 -0.047359622533114508 0.30556018972374677 -0.026762475602904581 0.086055575089056258 0.057662762412992875 0.055153247116613541 0.019984893353144184 -0.037283452439071538 -0.035021026402262852 -0.053625781245993744 0.0038642468252184543 0.015963061530655628 0.00036745437343073314 0.037369380289814493 -0.047015835923346794
leaf_weight=84.425558254122734 2.7195904329419118 10.933670803904532 26.808519195765257 9.5985281914472562 192.65355419553816 24.60184447281063 77.727547576650977 4.8757517933845547 14.669787725433705 15.730698676779864 1.5154513930901909 6.7006518580019465 6.1169322580099106 19.314189881086353 3.1202643997967234 39.942934191785753 1.2613061098381901 14.858997538685797 1.0682437987998117 4.9375427123159161 6.7805847227573386 7.5902461931109455 6.6501881554722777 15.300363600254057 9.3419998120516592 13.956816751509903 2.7594766002148381 14.180435528978704 115.87886276841164 24.2108861701563
leaf_count=4949 58 37 195 512 921 986 572 40 229 106 12 34 19 58 19 2460 58 775 37 34 27 23 27 62 349 206 57 128 448 814
internal_value=-0.000653004 0.00974168 0.00173718 -0.0301331 0.0053369 -0.00832806 0.00235541 0.0132445 0.0170723 -0.0252675 -0.0357388 -0.005114 0.0110861 0.0270447 -0.0402869 -0.02712 -0.0317165 -0.000760446 -0.0438845 0.00394993 0.0101898 0.00394933 0.0222262 -0.0167817 -0.00205301 -0.0191872 -0.0491451 0.0170651 0.0344393 -0.0518223
internal_weight=780.231 576.838 394.39 203.393 359.827 131.897 104.536 227.93 207.323 20.6065 34.5629 58.716 8.83652 182.448 144.677 60.2517 57.1315 16.1203 41.0112 49.1174 55.6356 48.855 25.9644 22.8906 44.1799 23.2988 27.3613 20.8811 126.813 25.7263
internal_count=14252 4691 4009 9561 3106 1810 767 1296 1150 146 903 1263 77 682 8298 3349 3330 833 2497 751 197 170 85 85 717 555 1043 162 485 826
is_linear=0
shrinkage=0.05


Tree=56
num_leaves=31
num_cat=0
split_feature=18 17 5 16 17 11 0 8 0 14 18 1 2 18 18 10 4 5 0 8 19 7 9 1 19 1 1 5 9 7
split_gain=74.342 38.6055 24.5013 17.654 15.8676 13.6677 13.066 12.9488 11.6576 10.937 22.4034 10.6759 10.2576 8.78724 9.53265 8.63619 16.6801 11.235 7.8445 15.7617 10.1677 7.6696 7.56351 13.3671 6.02526 5.56312 30.0595 5.52546 6.184 6.09986
threshold=41.500000000000007 0.52020408163265319 0.15264646991405614 0.33568075117370894 0.12731481481481485 0.20028558193069307 0.54000395823132641 0.02815163973724218 0.69999925015597209 0.067816091954023008 19.500000000000004 1.2984732584877789 0.0065023384842218144 11.500000000000002 10.500000000000002 2.5000000000000004 0.28685245725927483 0.069888498268875429 0.99600798452680117 0.49960294560103313 0.35300020676557381 1.1820230933067035 4.5000000000000009 1.0133385521255234 1.6774411882935645 0.98806327284726037 0.97104273854334489 0.041717831160174038 12.500000000000002 0.02575109396944714
decision_type=2 2 2 2 2 2 2 2 2 2 2 2 2 2 2 2 2 2 2 2 2 2 2 2 2 2 2 2 2 2
left_child=2 3 4 27 5 7 -6 12 -3 11 -11 -8 -1 14 18 25 21 -18 19 -4 -20 -17 -15 -24 -9 26 -10 -2 29 -29
right_child=1 8 13 -5 6 -7 9 24 15 10 -12 -13 -14 22 -16 16 17 -19 20 -21 -22 -23 23 -25 -26 -27 -28 28 -30 -31
leaf_value=0.060784599127764675 0.04319942781869722 0.060933987787136629 -0.037218806672642581 -0.071592137236195591 -0.070062000410498898 -0.075382550781031898 0.019021498294462175 -0.046333417424577118 -0.05165102348325893 0.035541513314768229 -0.068780084984619835 0.041205735124279518 0.0052823055490609722 -0.039628771140012592 0.068848145500750788 -0.040366054041231281 0.076430873923354473 -0.042370764834931324 -0.03705652276033479 0.044507951975102045 0.017329437473378711 0.041231342688927551 0.067091173739071072 -0.052244268624415204 0.0022897347379991859 -0.046080810504552858 0.080455727491384854 0.012682199508273885 0.039061709758426578 -0.10754225294034601
leaf_weight=10.513212978839872 26.87252201884985 3.1774766556918612 30.738340510055423 4.6467769416049114 3.9094962421804658 6.1617319956421843 225.63879356347024 15.546193405985834 17.608152731321756 11.001332631334664 9.670071028172968 71.390796514227986 39.987939751707017 31.568201212212443 4.7297841999679795 30.671730998903513 6.8345872331410629 2.8075815280899405 10.460740150883792 7.3007026836276046 48.155540332198143 3.1781890625134102 5.0287974085658771 4.3995673935860395 10.795773866586385 117.75973851140589 5.6998370504006735 2.1616892311722022 4.3262766674160957 2.0609263330698013
leaf_count=22 116 25 221 112 35 33 1231 342 1036 44 94 288 270 1133 47 874 19 71 82 25 290 41 26 27 83 7426 298 14 14 30
internal_value=-0.000514454 -0.0245139 0.00948051 0.0200402 0.0157579 -0.00373238 0.0207881 0.00201295 -0.034023 0.0219061 -0.0132601 0.0243535 0.0168366 -0.00835832 -0.000459618 -0.0356578 -0.0161786 0.0418385 -0.00385116 -0.0215333 0.00762365 -0.0327048 -0.0278919 0.0114056 -0.0264061 -0.0416634 -0.0193451 0.032061 -0.00295125 -0.0459956
internal_weight=774.803 227.805 546.997 40.0682 404.615 83.0049 321.61 76.8431 187.737 317.701 20.6714 297.03 50.5012 142.382 101.385 184.56 43.4921 9.64217 96.6553 38.039 58.6163 33.8499 40.9966 9.42836 26.342 141.068 23.308 35.4214 8.54889 4.22262
internal_count=14369 10076 4293 286 2442 750 1692 717 9790 1657 138 1519 292 1851 665 9765 1005 90 618 246 372 915 1186 53 425 8760 1334 174 58 44
is_linear=0
shrinkage=0.05


Tree=57
num_leaves=31
num_cat=0
split_feature=3 15 3 6 1 6 1 8 15 9 3 15 8 7 1 5 14 7 11 18 7 8 1 6 18 18 3 0 16 18
split_gain=74.1131 38.9424 25.889 19.1627 18.5092 13.3408 12.7599 16.8971 12.3771 17.4176 14.191 13.8731 11.5652 10.6351 22.9286 25.056 9.89133 9.47148 9.13147 9.19073 8.95147 8.55945 8.074 7.72976 6.43672 6.42312 6.42311 7.00301 6.33031 6.11052
threshold=0.25132760191275411 0.01526806526806527 0.49188335001969546 0.15733407427089038 0.99444675870398047 0.4810098041222442 0.54157072287216268 1.0157462166549913 0.19803921568627456 2.5000000000000004 0.16244854646570547 0.01709526592635886 1.3089136307907405 0.43603658890415475 0.97104273854334489 0.00022237752777299073 0.99350649350649356 1.2023907826595408 0.212685688578888 33.500000000000007 0.44729571759652575 9.529960790803079 1.101326372545042 0.38514117207933657 19.500000000000004 15.500000000000002 0.50823545767590905 0.69825256127088819 0.019049346879535561 32.500000000000007
decision_type=2 2 2 2 2 2 2 2 2 2 2 2 2 2 2 2 2 2 2 2 2 2 2 2 2 2 2 2 2 2
left_child=1 4 3 -2 13 22 7 17 9 25 -11 -12 23 16 20 -16 -1 -5 19 21 -15 -7 26 -8 -14 -3 28 -28 -4 -10
right_child=2 8 5 6 -6 18 12 -9 29 10 11 -13 24 14 15 -17 -18 -19 -20 -21 -22 -23 -24 -25 -26 -27 27 -29 -30 -31
leaf_value=-0.033476203481165583 -0.041230976276582711 0.026350027260007215 -0.13154949486532511 -0.042147195760128466 -0.045443403889584844 0.023168763372292071 0.018834549669077105 0.049228437407410702 0.0074643697909567474 -0.052833091280907518 0.13170078874494437 0.0054065011357395448 0.0070102599775379434 0.10788350915579455 0.30788928560688211 0.038193214067456793 0.08346403877545977 0.024469616524995293 -0.082587948379335294 -0.053526004680153894 -0.015947525776432409 -0.051183116431051556 -0.087799912317293949 0.037279210903326136 -0.059641935174761067 -0.060408340356754735 -0.05826580638122545 -0.0031663619798966967 0.010293832559856291 0.044953203870044728
leaf_weight=39.833043363876641 11.752427884377537 2.4271913394331959 2.3699023416265841 19.92775518074632 112.63602740224451 51.794768149964511 88.637920404784381 10.95574665814638 25.39290077984333 10.520180549472569 2.238432894460856 76.048201852478087 15.000537287443878 1.5689442232251227 1.2530252607539285 2.7540067220106721 1.8942788653075684 7.2867104783654204 2.672416102141141 4.9410585891455403 20.903052827343345 4.1834538467228404 4.9705259129405013 158.14962235093117 4.7753474982455364 17.62222654838115 7.1775839682668439 29.337890118360519 1.1773639507591722 19.004715971648693
leaf_count=1531 148 23 51 122 7349 184 453 35 88 422 47 678 129 10 54 98 10 25 18 272 542 204 34 698 66 640 48 265 38 59
internal_value=0.000340665 -0.0172812 0.0141898 0.0214185 -0.0329958 -0.00687171 0.0238347 -0.00320307 0.0012622 -0.0078124 0.00169069 0.00901761 0.0277063 -0.0124397 0.0123452 0.122529 -0.0281675 -0.0243105 0.00787389 0.0118423 -0.00730192 0.0176122 -0.0276941 0.0306545 -0.00908446 -0.0499053 -0.0202368 -0.0139969 -0.0844706 0.0235117
internal_weight=759.207 334.096 425.111 316.486 180.842 108.625 304.734 38.1702 153.254 108.856 88.8068 78.2866 266.563 68.2064 26.479 4.00703 41.7273 27.2145 63.5917 60.9193 22.472 55.9782 45.0333 246.788 19.7759 20.0494 40.0627 36.5155 3.54727 44.3976
internal_count=14341 11551 2790 1676 9594 1114 1528 182 1957 1810 1147 725 1346 2245 704 152 1541 147 678 660 552 388 436 1151 195 663 402 313 89 147
is_linear=0
shrinkage=0.05


Tree=58
num_leaves=31
num_cat=0
split_feature=3 15 4 15 9 2 11 8 1 17 8 17 1 1 1 18 17 17 5 0 1 5 15 17 18 3 15 19 1 8
split_gain=68.9416 25.5556 16.6423 14.7803 14.6244 19.705 13.3349 17.6678 12.9026 11.6159 10.2187 9.92173 9.55828 15.613 37.5376 91.3227 9.3911 9.74275 8.51505 8.34258 7.87213 7.72248 9.23709 7.71945 7.05722 9.38069 6.8792 5.58806 7.42321 10.3292
threshold=0.18773028429816754 0.19803921568627456 0.17709522621304383 0.01526806526806527 1.5000000000000002 0.10159720626531864 0.23150153802462067 -0.17787770903501834 0.94067926622973752 0.43050193050193059 -0.42145132816594483 0.9826073805202663 0.99444675870398047 0.97104273854334489 0.97779387389503458 73.500000000000014 0.85120759056929274 0.84494900437105402 0.091794172922770187 0.99999980854987547 1.1472501890906714 0.099975648269154685 0.51315789473684215 0.95675549322113151 11.500000000000002 0.1779031254886802 0.16515151515151519 1.07077190978154 0.88787115702013997 -0.58769235627512562
decision_type=2 2 2 2 2 2 2 2 2 2 2 2 2 2 2 2 2 2 2 2 2 2 2 2 2 2 2 2 2 2
left_child=3 2 9 12 5 10 7 -6 -8 19 -4 16 13 -1 15 -15 17 20 27 -2 -5 -20 -23 -16 25 -14 -11 -3 29 -29
right_child=1 18 4 11 6 -7 8 -9 -10 26 -12 -13 24 14 23 -17 -18 -19 21 -21 -22 22 -24 -25 -26 -27 -28 28 -30 -31
leaf_value=-0.032482528911191591 -0.060992860086336448 0.042880208903794584 -0.033883987451465022 -0.026328157982050029 0.034503592148187462 -0.048831659007665063 -0.075417564940576748 0.0038004975334503702 0.0034455404689678372 -0.048711818669355283 0.0079079651908519847 0.1467022715948664 -0.054387545195967182 -0.051018526760067275 0.04931375363118571 0.79589627348410619 -0.051440789376542374 0.091629896371690292 -0.045099468970657815 0.048453225994122828 0.011562624848653481 0.025467302356612598 -0.027565391484056331 -0.051060978118154347 -0.047269787345963106 0.12244035778325135 -0.21878212585141862 -0.061206620709168984 0.034264765947207794 0.020889491088922265
leaf_weight=29.531902284361422 2.4776961458846927 61.598806321620941 17.652411282062531 25.473353253677487 81.083503806963563 24.885953572578728 7.8738009333610561 110.99565785843879 15.196117278188465 21.167944103479389 85.339173429645598 1.0314498310908664 1.5592127684503787 0.79404730442911187 3.9219797113910317 0.53126456774771214 11.196198790334163 2.6830874904990187 5.875840187072753 5.8572803921997565 29.678075277246535 42.883578401058912 10.155246146023272 3.7440688852220774 87.164286164566875 1.44519792124629 0.61177936941385169 5.6988167092204121 33.430886015295982 11.692640691995619
leaf_count=1316 56 252 153 586 310 1001 38 747 105 798 622 18 41 43 163 20 571 31 28 21 289 157 36 206 6501 8 4 24 136 43
internal_value=-0.000500944 0.00869967 0.00135942 -0.0257056 0.00448813 -0.00890303 0.0124474 0.0167614 -0.0234706 -0.0342787 0.000744965 -0.00722621 -0.0357661 -0.0149187 0.0427691 0.288476 -0.0095262 -0.00141194 0.0246855 0.0159187 -0.00593838 0.00928798 0.0153132 0.000291118 -0.0446728 0.0306712 -0.053489 0.0327547 0.0204821 -0.00601169
internal_weight=743.231 544.477 373.141 198.754 343.027 127.878 215.149 192.079 23.0699 30.1147 102.992 70.0622 128.692 38.5233 8.99136 1.32531 69.0307 57.8345 171.336 8.33498 55.1514 58.9147 53.0388 7.66605 90.1687 3.00441 21.7797 112.421 50.8223 17.3915
internal_count=14324 4531 3855 9793 2976 1776 1200 1057 143 879 775 1495 8298 1748 432 63 1477 906 676 77 875 221 193 369 6550 49 802 455 203 67
is_linear=0
shrinkage=0.05


Tree=59
num_leaves=31
num_cat=0
split_feature=18 15 3 15 4 9 18 1 8 7 8 16 15 5 1 18 3 4 8 18 4 4 1 4 18 1 6 4 9 17
split_gain=69.1732 29.5393 19.764 16.3463 14.9443 14.1666 19.7258 10.2194 12.3471 11.5792 18.5354 9.91079 9.19562 11.1097 9.08504 7.13922 6.36164 4.87325 4.41845 6.9645 9.88569 29.903 12.7313 4.02041 5.2732 3.44636 14.2017 31.9199 2.9906 2.25044
threshold=60.500000000000007 0.15707236842105265 0.17110126221102048 0.050316455696202543 0.11946150835822612 3.5000000000000004 5.5000000000000009 1.0755888533960996 0.31604205045434647 0.67411687735867332 -0.0092846690813369083 0.66828478964401306 0.051503094606542892 0.022852749116614422 2.1365178262240221 8.5000000000000018 0.52033706793264189 0.29859373304579001 0.35143198709261186 74.500000000000014 0.11904588088490606 0.11863035314223348 1.3125724938859344 0.17725192799287687 42.500000000000007 0.98806327284726037 0.78946665235500335 0.17698064707544084 3.5000000000000004 0.49666666666666676
decision_type=2 2 2 2 2 2 2 2 2 2 2 2 2 2 2 2 2 2 2 2 2 2 2 2 2 2 2 2 2 2
left_child=1 2 -1 18 -4 6 -6 8 9 10 -3 -7 -5 14 -14 -10 23 -17 25 20 21 -20 -22 24 -9 26 -2 -28 -11 -15
right_child=3 7 4 12 5 11 -8 16 15 28 -12 -13 13 29 -16 17 -18 -19 19 -21 22 -23 -24 -25 -26 -27 27 -29 -30 -31
leaf_value=-0.045187749287154792 -0.050914711032610763 -0.00070298542229226316 -0.055441038385060808 0.12455457835217842 0.0092312529119773414 0.021499497646540643 -0.019365085991069633 -0.0077083415017958476 0.044049380457691079 0.052511027886533272 -0.089755125366277819 -0.047693398005164915 -0.051598806409476151 0.069275789121251721 0.061123137823400814 0.039167238660870352 -0.013108297424606867 -0.02766443394617454 0.0020500079374823968 -0.051129245366561042 -0.050893612918698095 0.36170251508755863 0.19264025521456357 0.043068806771759623 0.053109043245885813 -0.050734825709334387 -0.050913545974251385 0.36697044395870293 0.0093101077443806194 0.017733047237741384
leaf_weight=23.277180274948478 7.1621226537972671 47.468461882323027 10.885418480262159 1.4956407714635158 143.63172720000148 112.10547127947211 103.9489803481847 9.5977344810962659 34.850043840706348 10.336668804287912 6.663480879738926 5.4256451521068803 10.79448792897165 3.7806128254160267 2.1422643885016432 4.4863717555999738 6.4741361141204825 6.9582724086940289 2.832752224057915 9.5607515061274153 5.8281345516443253 0.72608586587011803 0.59107874985784281 73.649543868377805 5.6696120277047148 72.700475929304957 1.2617870848625896 0.71644094679504622 6.5410001203417769 4.8147551640868187
leaf_count=1300 470 195 527 7 835 625 2448 47 138 28 38 74 221 8 8 19 21 35 176 613 385 35 7 307 22 5604 86 28 28 38
internal_value=0.000629856 0.00753936 -0.000478314 -0.0333585 0.00228955 0.00401073 -0.00277518 0.0225902 0.012707 -0.000390999 -0.011665 0.0183053 0.00466973 -0.00365758 -0.0329326 0.0327974 0.0347439 -0.001466 -0.0419964 -0.0206333 0.00858735 0.0754275 -0.0284691 0.0382281 0.0148765 -0.0470967 -0.0181598 0.100429 0.0357684 0.0404038
internal_weight=736.377 611.97 399.274 124.407 375.997 365.112 247.581 212.695 117.304 71.0096 54.1319 117.531 23.0278 21.5321 12.9368 46.2947 95.391 11.4446 101.38 19.5388 9.97805 3.55884 6.41921 88.9169 15.2673 81.8408 9.14035 1.97823 16.8777 8.59537
internal_count=14373 6687 5809 7686 4509 3982 3283 878 481 289 233 699 282 275 229 192 397 54 7404 1216 603 211 392 376 69 6188 584 114 56 46
is_linear=0
shrinkage=0.05


Tree=60
num_leaves=31
num_cat=0
split_feature=18 15 18 7 7 10 7 0 5 5 1 19 6 16 7 19 14 10 6 6 4 5 18 1 1 1 6 6 15 7
split_gain=59.1375 24.3376 37.5894 16.0887 19.8655 13.9626 13.9593 13.2337 12.9431 12.3917 12.0026 14.612 10.9238 10.1591 9.77662 9.36908 7.5354 7.08204 14.3431 20.8044 6.00818 5.89036 11.1516 5.88232 18.2546 38.8919 10.3051 4.90973 4.52058 4.24005
threshold=59.500000000000007 0.025478740668614091 12.500000000000002 -0.10142478842371776 0.33833599945543041 2.5000000000000004 -0.46483259577112274 0.65265092346082143 0.025579981443260902 0.0021256202854473502 1.501379711763094 0.62538348367033991 0.1787298183248501 0.11443452380952382 0.090098166016035444 0.62538348367033991 0.31612258494337114 1.5000000000000002 0.50302008426550671 0.52793550972986714 0.51833380904852178 0.08938128073342376 25.500000000000004 0.98806327284726037 0.97104273854334489 0.97779387389503458 0.83147024626683719 0.8004003582578717 0.066228070175438608 1.371796523185111
decision_type=2 2 2 2 2 2 2 2 2 2 2 2 2 2 2 2 2 2 2 2 2 2 2 2 2 2 2 2 2 2
left_child=1 2 7 6 10 23 12 29 -7 -9 11 -5 -3 -12 -11 -14 20 -4 -19 -20 -6 -8 -23 24 -2 -26 -27 28 -10 -1
right_child=5 3 17 4 16 8 21 9 27 14 13 -13 15 -15 -16 -17 -18 18 19 -21 -22 22 -24 -25 25 26 -28 -29 -30 -31
leaf_value=-0.073727540150207868 -0.054137564415639286 -0.068990972043633414 -0.051220527648776673 0.0042949649587024881 0.016680414424105033 -0.026289672810932582 0.043823157034865598 -0.05676954355407008 -0.05128564788364022 -0.0028650629124780187 -0.025419748778825087 -0.041225002599475792 -0.035244124964714282 0.058128733106417932 0.021422041846559433 0.022703887329933739 -0.044081523867436023 -0.052498761594125136 0.24205597020701772 0.0034230080617957074 0.046826443308882103 0.030533017714083455 -0.049500486447205977 -0.046185473783754975 0.30548362089737713 -0.051165076430034651 0.15935042753833931 0.10964224852010072 0.041710987640637104 -0.0015025123284210125
leaf_weight=6.5662602279335243 9.0975861148908717 4.5799341779202214 39.803112716414034 31.831476600840688 67.740841256454587 19.630256509408358 78.899093040265143 6.8576982375234357 1.5910772494971732 68.801830561831594 5.7518800422549239 39.514733233489096 8.5618489775806648 9.9024509340524656 104.17606000415981 37.640981571748853 4.2527537941932669 12.872717311605813 1.0059967804700125 9.9167654383927566 21.862255860120058 32.039247177541256 5.0366528108716002 78.888035804033279 1.2570746634155501 3.2616660716012125 0.70741765666753043 2.1272756094112983 7.3132042530924082 2.9427451230585575
leaf_count=48 617 24 2551 308 320 628 325 272 86 372 31 255 47 37 640 161 30 499 17 255 95 118 65 6253 30 166 21 9 27 18
internal_value=0.000249611 0.00673768 -0.00506196 0.0153237 0.00499476 -0.0312055 0.026526 0.00610896 -0.00193701 0.00914854 -0.0122169 -0.020916 0.00466433 0.0274305 0.0117619 0.0119655 0.0209492 -0.0383198 -0.0167405 0.0254013 0.0240357 0.0360987 0.0196607 -0.0408333 -0.0113561 0.063117 -0.0136445 0.0413977 0.0250937 -0.0513761
internal_weight=724.431 600.557 252.943 347.614 180.856 123.874 166.758 189.345 30.6618 179.836 87.0005 71.3462 50.7828 15.6543 172.978 46.2028 93.8559 63.5986 23.7955 10.9228 89.6031 115.975 37.0759 93.2118 14.3237 5.22616 3.96908 11.0316 8.90428 9.50901
internal_count=14325 6488 4672 1816 1076 7837 740 1350 750 1284 631 563 232 68 1012 208 445 3322 771 272 415 508 183 7087 834 217 187 122 113 66
is_linear=0
shrinkage=0.05


Tree=61
num_leaves=31
num_cat=0
split_feature=18 10 3 3 7 7 7 0 1 6 0 0 0 9 8 7 1 18 4 16 1 18 8 8 7 5 7 14 7 16
split_gain=59.7866 22.8343 19.9942 26.386 26.2813 23.8299 15.8774 15.0054 10.6518 10.273 9.72129 11.5277 10.0351 8.78277 9.56228 9.21523 8.02235 8.94792 7.97985 8.28976 7.41976 7.04355 6.69358 6.19089 5.97134 14.441 13.5972 7.67124 5.55195 5.46428
threshold=42.500000000000007 3.5000000000000004 0.30312374838037431 0.49188335001969546 -0.10142478842371776 0.39664593069877219 1.4335085861487964 0.69825256127088819 1.7184139415223687 0.15733407427089038 1.000230123974984 0.69825256127088819 0.69999816845880403 3.5000000000000004 0.99654850008642581 -0.48363472228108573 1.0860654713455766 4.5000000000000009 0.21954239988638688 0.10982310372554276 1.3026124401731221 32.500000000000007 -0.55333107764835965 1.0000000180025095e-35 0.44729571759652575 0.15264646991405614 0.60165447011543394 0.053101503759398504 -0.37690105055535078 0.10050505050505053
decision_type=2 2 2 2 2 2 2 2 2 2 2 2 2 2 2 2 2 2 2 2 2 2 2 2 2 2 2 2 2 2
left_child=2 7 4 9 13 -6 23 -2 18 20 11 -5 -13 14 15 -1 17 -11 19 29 -4 -18 -8 -7 27 26 -26 -9 -29 -3
right_child=1 8 3 10 5 6 22 24 -10 16 -12 12 -14 -15 -16 -17 21 -19 -20 -21 -22 -23 -24 -25 25 -27 -28 28 -30 -31
leaf_value=-0.052854945867031704 0.11607544124732311 -0.025438732417398004 -0.061217107172476692 -0.049880276138632544 -0.041168088881084301 0.041118776805482711 0.033974240773216695 -0.04437542780710272 0.038603521875440486 0.031582775751149941 -0.060904286293952163 0.041756489599934499 -0.002988333072469802 0.036197292062197496 0.047599626587325264 0.0089177032507519859 0.044365024388628167 0.0061820158951749705 0.021201147059125035 -0.10144693512072278 0.042535710087645402 0.0030286180544836106 -0.05234698435955059 0.0012815525761166286 0.071342945680224631 0.24911344165149718 -0.032392093637807019 0.15379953410875619 -0.0010681062791652125 0.076267587243314908
leaf_weight=9.5943413451313955 1.6447819992899884 13.86351433768869 5.7294270414859039 10.753696070984004 60.119042881764472 19.859792685136199 2.7052701674401751 103.12768651451916 16.405914257280529 72.837686730548739 7.3176849568262687 15.283236376941202 69.577713252976537 36.845902129076421 8.3332454068586213 16.285390990786258 76.211683426052332 66.167097944766283 11.607449430972336 3.4590145014226428 2.4643545933067799 11.916842397302387 13.221384322270749 19.162586399354041 3.5240849656984201 0.4997067665681233 30.485927808098495 0.68682122882455576 3.6766674397513261 1.4596638465300191
leaf_count=70 9 300 78 66 1281 74 16 7206 91 311 87 44 509 170 44 182 309 377 78 59 8 55 433 274 167 30 1924 6 96 9
internal_value=-0.000202432 -0.0241972 0.00851174 0.015754 -0.00465009 -0.0194147 0.00438548 -0.0340791 0.0061366 0.0249898 -0.00536102 -0.00111013 0.00507009 0.0192587 0.00101655 -0.0139831 0.026974 0.0194919 -0.0113907 -0.0315326 -0.0300125 0.0387755 -0.0376846 0.021556 -0.0358183 -0.0177226 -0.0216432 -0.0416279 0.0233083 -0.0157503
internal_weight=714.828 190.441 524.386 338.259 186.127 115.068 54.949 143.646 46.7956 235.327 102.932 95.6146 84.8609 71.0589 34.213 25.8797 227.133 139.005 30.3896 18.7822 8.19378 88.1285 15.9267 39.0224 142.001 34.5097 34.01 107.491 4.36349 15.3232
internal_count=14363 9975 4388 1844 2544 2078 797 9438 537 1138 706 619 553 466 296 252 1052 688 446 368 86 364 449 348 9429 2121 2091 7308 102 309
is_linear=0
shrinkage=0.05


Tree=62
num_leaves=31
num_cat=0
split_feature=3 7 3 7 6 6 19 3 0 15 7 7 0 0 18 15 4 9 19 8 8 7 7 11 7 18 5 5 18 5
split_gain=61.8721 26.1009 18.3692 16.218 15.3684 15.1177 12.1513 12.0335 12.0059 10.0876 8.92264 22.9154 7.99881 7.95071 7.73804 7.726 7.50123 11.1084 13.3677 7.23895 6.90857 7.49139 6.8962 6.73751 6.68938 6.57401 6.22948 5.81306 5.67042 5.39483
threshold=0.25132760191275411 -0.10142478842371776 0.49188335001969546 0.36014459268377269 0.47147267274182258 0.15733407427089038 0.52710125979661515 0.17626080481834663 0.66666568282841698 0.03433539640436193 0.60165447011543394 0.57656461128378511 1.000230123974984 2.2584466459382786 33.500000000000007 0.21103238866396765 0.18868285178247735 3.5000000000000004 0.54636434325923233 0.19803243318318767 9.529960790803079 0.36014459268377269 0.35140682710434845 0.092378654122412071 -0.21417928228901681 15.500000000000002 0.17040764859855237 0.13741766237745101 3.5000000000000004 0.25577236752720162
decision_type=2 2 2 2 2 2 2 2 2 2 2 2 2 2 2 2 2 2 2 2 2 2 2 2 2 2 2 2 2 2
left_child=1 7 5 16 24 -2 13 15 22 10 11 -5 -9 26 20 -1 -3 29 -19 -10 21 -6 -8 25 -4 -11 -7 -25 -12 -18
right_child=2 3 4 9 14 6 8 12 19 23 28 -13 -14 -15 -16 -17 17 18 -20 -21 -22 -23 -24 27 -26 -27 -28 -29 -30 -31
leaf_value=-0.052146262856600484 -0.039592863631355474 -0.050476730973613416 -0.056700461483750408 -0.010909665021687087 0.004274350211384322 0.00027562795435692218 -0.021665507228486418 0.021192572058960833 0.035811199944338408 0.039382951941535849 0.0086987809827803741 0.19947882852004262 -0.040563469832790383 0.085074122683975684 -0.053487144452228366 0.031229783553990031 -0.050392931093552751 0.041459156258184221 -0.03686949922758536 0.016844094450228306 -0.051068820312847353 0.040931464199650401 0.033560270997338985 0.013432148508575029 -0.014869650849573288 -0.052051883147452752 -0.04868711740837775 0.074308942776896411 -0.039811980201445968 -0.012226295235226574
leaf_weight=12.168170667253433 10.893034157343207 64.337731749750674 14.700237859040497 9.1445107460021937 38.532916492782533 29.943986852653325 20.107877995818857 58.371688564307988 133.94244522694498 2.968073785305025 7.1723052226006976 1.5076476931571967 5.7607966400682917 2.3152041882276526 4.6413711402565232 3.6007035896182051 35.039650917053223 11.033809916116299 10.757661826908587 80.5623116530478 3.9074178226292124 21.83555493503809 7.8634485676884642 12.865181432105603 27.31757043953985 5.8217000216245651 8.2959904335439187 5.6407391019165507 37.622708818875253 12.583785827271639
leaf_count=740 146 4621 204 350 156 345 70 377 573 17 43 39 107 5 277 11 2108 123 155 435 212 64 21 97 230 103 76 14 2364 258
internal_value=-0.00104216 -0.0183999 0.0116654 -0.0274139 -0.00567043 0.0182085 0.0204331 0.00602359 0.02467 -0.0100146 -0.0222638 0.0188676 0.0156452 -0.00489926 0.00886082 -0.033108 -0.0381775 -0.0267778 0.00279113 0.0286877 0.013363 0.0175334 -0.00614014 0.0148677 -0.0295045 -0.0211768 -0.0103466 0.0319878 -0.0320447 -0.040308
internal_weight=701.256 296.397 404.859 216.496 110.935 293.924 283.031 79.9014 242.476 82.7429 55.4472 10.6522 64.1325 40.5552 68.9173 15.7689 133.753 69.4149 21.7915 214.505 64.2759 60.3685 27.9713 27.2957 42.0178 8.78977 38.24 18.5059 44.795 47.6234
internal_count=14341 11527 2814 10292 1143 1671 1525 1235 1099 3027 2796 389 484 426 709 751 7265 2644 278 1008 432 220 91 231 434 120 421 111 2407 2366
is_linear=0
shrinkage=0.05


Tree=63
num_leaves=31
num_cat=0
split_feature=3 15 6 18 19 5 8 8 3 8 9 11 19 7 7 5 7 6 6 1 7 7 7 2 19 1 6 19 16 6
split_gain=49.181 28.6734 18.4148 18.2872 12.0969 11.9335 14.4761 11.4192 9.69083 9.08279 11.7288 8.40063 7.91861 7.23698 15.6528 10.3405 8.25546 7.05501 16.9461 8.07978 6.66476 17.2404 6.35119 6.74627 6.60238 6.32612 5.83439 5.79788 6.82675 6.45154
threshold=0.25132760191275411 0.03433539640436193 0.35247833560211494 12.500000000000002 0.57820550178520469 0.20613203289128154 0.55736578111256219 9.529960790803079 0.2458539975234886 -0.58769235627512562 4.5000000000000009 3.50856679133663e-06 1.3744702889869529 0.39664593069877219 -0.10142478842371776 0.026779774880431508 -0.39030301982911508 0.77679518015697757 0.78038485363276333 1.3125724938859344 0.67411687735867332 0.017949718958651464 -0.26449678553862771 0.16777646931168302 0.32500006381653518 0.89653916926452715 0.15733407427089038 0.44230872503384533 0.54110360360360377 0.40649453558103005
decision_type=2 2 2 2 2 2 2 2 2 2 2 2 2 2 2 2 2 2 2 2 2 2 2 2 2 2 2 2 2 2
left_child=1 3 4 27 22 7 12 20 13 10 -6 25 -7 14 16 -16 -3 -5 -19 -20 21 -4 -2 24 -24 -11 -13 -1 29 -29
right_child=2 8 5 17 9 6 -8 -9 -10 11 -12 26 -14 -15 15 -17 -18 18 19 -21 -22 -23 23 -25 -26 -27 -28 28 -30 -31
leaf_value=-0.029718205922918579 -0.067269271603070932 -0.012280126681246071 0.031294955337407809 -0.044725383573702544 -0.079446483219443323 -0.058719970094848362 0.039347430065349562 -0.046488660559664746 -0.073841242849998601 0.0052929625124768752 0.018787303371975452 -0.021881577414796516 0.034879547080758085 0.027819392736587525 -0.050870904460337367 -0.0021271240038941964 0.030056267574155627 0.15991085556367693 -0.034646066074379291 0.07299254345485312 0.039196148574972695 -0.00052613336504195394 -0.061946131452545086 -0.067993893193599095 0.0074231473424376916 -0.056038003849534647 0.027635859650288266 0.04982557277273561 -0.02881745864149823 -0.002498241494042069
leaf_weight=13.161015301942824 8.1480500129982811 16.757327221333981 115.13421259261668 99.089309120550752 6.5735886339098197 13.041384813375773 8.2154355179518443 5.858329269103705 4.0263760071247807 11.416247209534051 5.6505011394619942 6.7425486240535966 2.7332352288067332 27.126483813859522 19.28854610119015 24.959552485495806 36.805450870655477 1.3260874086990977 18.544928943738345 1.9243349768221367 56.382124654948711 67.532100825570524 4.2040881775319638 5.2938306499272576 18.631141617894173 6.6558353193104258 50.522686257958412 11.7247505877167 8.4634270016103965 11.84066587127745
leaf_count=182 121 120 670 8206 34 250 24 276 26 69 20 59 9 215 419 265 205 42 1517 37 213 413 37 189 112 70 228 88 114 127
internal_value=0.000245918 -0.0151802 0.0118346 -0.028916 -0.00411933 0.0191821 -0.0144726 0.0224788 0.00250818 0.00593932 -0.0340386 0.0124261 -0.0425022 0.0049687 -0.00136862 -0.0233754 0.0168112 -0.0390604 -0.0133052 -0.0245269 0.024169 0.0195306 -0.0283977 -0.0171379 -0.00534811 -0.0172949 0.0218056 -0.00177926 0.00970117 0.023535
internal_weight=687.774 295.038 392.735 166.075 123.839 268.897 23.9901 244.907 128.964 87.5614 12.2241 75.3373 15.7746 124.937 97.8109 44.2481 53.5628 120.885 21.7954 20.4693 239.048 182.666 36.2771 28.1291 22.8352 18.0721 57.2652 45.1899 32.0288 23.5654
internal_count=14357 11563 2794 10313 939 1855 283 1572 1250 480 54 426 259 1224 1009 684 325 9802 1596 1554 1296 1083 459 338 149 139 287 511 329 215
is_linear=0
shrinkage=0.05


Tree=64
num_leaves=31
num_cat=0
split_feature=18 1 15 18 16 9 15 1 19 6 6 0 0 15 2 0 9 18 5 15 19 5 1 7 7 8 6 6 9 9
split_gain=40.4812 23.419 15.3561 19.0993 20.2891 18.3833 11.0684 10.6574 14.5732 26.6346 37.8345 10.5535 10.52 9.46346 8.01051 7.93764 16.0734 7.99758 7.90443 8.56944 6.58057 6.36765 7.90431 5.33648 14.3679 4.87664 8.16861 52.0435 4.85545 4.64944
threshold=60.500000000000007 1.5927989178833024 0.19803921568627456 13.500000000000002 0.24037037037037037 1.5000000000000002 0.050316455696202543 0.98806327284726037 0.47858970987225691 0.77679518015697757 0.83481862328269274 0.65265092346082143 1.0020019957591135 0.050933932895191984 0.37062847732273257 0.66666568282841698 2.5000000000000004 4.5000000000000009 0.086743710087794898 0.39565217391304358 5.7405072904009726 0.022852749116614422 2.1365178262240221 1.2235898084201551 1.3313084831017938 0.35143198709261186 0.66137480195205489 0.6882950175892224 8.5000000000000018 6.5000000000000009
decision_type=2 2 2 2 2 2 2 2 2 2 2 2 2 2 2 2 2 2 2 2 2 2 2 2 2 2 2 2 2 2
left_child=1 2 3 11 5 -5 7 8 9 14 -11 20 -13 -8 -2 16 -4 -18 -17 -20 -1 22 -15 -10 -25 -9 -27 -28 -6 -3
right_child=6 29 15 4 28 -7 13 25 23 10 -12 12 -14 21 -16 18 17 -19 19 -21 -22 -23 -24 24 -26 26 27 -29 -30 -31
leaf_value=-0.078332773244786644 0.14371665480154647 0.018500860471476768 0.024090907259768563 -0.040633784074021295 -0.064370650805231064 0.0024664942616155201 0.12851752849258913 -0.050601537947864754 -0.050900404430332648 0.46218030213292843 -0.051305996987225093 0.012590695206495467 -0.023798937432007145 -0.049001662330918433 -0.050938123973889776 0.030225323835675406 -0.0094818480594457601 -0.10562610271300535 0.02078253664445133 -0.022344770091590818 0.0040491556128706896 0.027915297368275395 0.057148800127265344 0.29781869292671165 -0.051320973631530376 -0.050815643097968023 0.48788918977740608 -0.02223042210498077 -0.011909375421444435 0.049754862455212885
leaf_weight=5.8249894976615888 0.68060296773910467 19.507214170880616 12.270265530794861 32.995065375696868 23.52859470341355 98.887018173933029 1.4113700278103376 58.621740998700261 7.2245114883407933 0.87232345063239314 0.60929926857352257 181.85570569429547 22.296008503064513 9.4763303985819238 2.3654442364349961 76.793571203947067 3.7885485999286157 5.0410248637199402 30.566194903105497 18.483397379517555 4.151782188564539 8.32969624083489 2.1519717350602141 0.42606787290424086 0.95547953993082047 7.4048163397237641 0.5567809510976075 4.9020397672429681 5.4280586522072545 30.512136677280068
leaf_count=47 1 139 37 2210 685 1249 3 5597 535 20 37 1158 312 220 171 359 18 29 126 69 24 49 8 12 58 601 34 345 76 130
internal_value=-0.000375985 0.00488378 0.00175154 -0.00361742 -0.0166378 -0.0083166 -0.0287584 -0.0368782 0.00451943 0.077133 0.251015 0.00616262 0.00861648 0.0033945 -0.00744483 0.015452 -0.0129283 -0.064373 0.0202104 0.00453084 -0.04405 -0.00545382 -0.0293571 -0.0336827 0.0563534 -0.044484 -0.0166055 0.0298 -0.0545365 0.037566
internal_weight=677.918 571.93 521.91 374.967 160.839 131.882 105.988 84.6191 13.1337 4.52767 1.48162 214.128 204.152 21.3694 3.04605 146.943 21.0998 8.82957 125.843 49.0496 9.97677 19.958 11.6283 8.60606 1.38155 71.4854 12.8636 5.45882 28.9567 50.0194
internal_count=14359 6668 6399 5761 4220 3459 7691 7411 834 229 57 1541 1470 280 172 638 84 47 554 195 71 277 228 605 70 6577 980 379 761 269
is_linear=0
shrinkage=0.05


Tree=65
num_leaves=31
num_cat=0
split_feature=18 9 18 11 16 0 18 11 7 0 11 17 4 3 16 1 17 3 3 1 1 18 2 1 15 1 7 11 5 16
split_gain=38.1683 21.6891 20.3135 18.048 15.6992 14.0047 13.3817 12.6289 12.3522 11.0276 16.4916 10.6106 10.4024 10.384 10.1599 9.4967 8.59866 7.6235 22.8228 45.3032 7.52616 9.37345 6.7823 6.07615 5.48369 4.75727 4.71038 4.22515 3.37462 3.0978
threshold=60.500000000000007 6.5000000000000009 12.500000000000002 0.010490979448642855 0.58017135862913116 1.000230123974984 1.5000000000000002 0.094425817675394694 0.20994751692888178 0.68023744764755634 0.2391747849009517 0.50362318840579723 0.28685245725927483 0.17697411580802572 0.13586239961644495 1.1434833388845649 0.49666666666666676 0.1765519871431239 0.17651369057449642 0.98898603487512549 1.7184139415223687 27.500000000000004 0.44711226314862723 1.0543356821678069 0.08631332481907196 1.1833076472597994 0.57656461128378511 0.18847648319819341 0.022852749116614422 0.014185110663983905
decision_type=2 2 2 2 2 2 2 2 2 2 2 2 2 2 2 2 2 2 2 2 2 2 2 2 2 2 2 2 2 2
left_child=1 2 5 15 20 9 -7 14 -9 16 -11 27 17 -14 -5 -4 -1 18 26 -20 21 23 -8 -3 -17 -23 -13 28 -2 -15
right_child=11 4 3 7 -6 6 22 8 -10 10 -12 12 13 29 -16 24 -18 -19 19 -21 -22 25 -24 -25 -26 -27 -28 -29 -30 -31
leaf_value=-0.027046414181953228 -0.05632455448373766 0.011651420372866164 -0.046287012167898295 0.033886606034676803 -0.053090061572036509 0.05371982865931596 -0.05729704776397801 -0.0010263756230903989 -0.047244804660831176 0.018123267684148351 -0.054398667887018907 -0.046397477988096389 -0.052969351401500123 0.13364510702827131 -0.021245955121965421 -0.051195279855425983 0.010877887969441127 -0.052885965540012625 0.36698333798301463 -0.0011942743033563756 0.052641960066888344 0.021822867701851083 0.042743565428868591 0.051183693288381474 0.061032080997903582 -0.014561163072533072 -0.0069350678590351048 0.066591052166194806 0.049931624072097461 0.043371792918671631
leaf_weight=31.224752653390169 1.8079787716269486 15.127489060163496 47.186004625167698 29.473238909617066 6.2222135262563816 3.9277506908401874 17.380266257561747 40.988935672678053 22.332643699832261 206.51373942568898 8.1483668349683267 29.301121317781508 2.5579471355304113 1.4613797096535561 11.662964948453007 1.586107020266353 28.669689252972603 43.815386368893087 1.0623546987771977 3.9129459988325834 24.890817018225789 16.805722924880683 1.8771842643618573 27.191542483866215 3.4692188240587711 19.303627682849765 10.192193329334257 3.7546221315860748 1.2736165635287759 2.7175279976800084
leaf_count=243 38 72 2671 272 163 15 273 574 347 1154 40 2729 204 16 137 98 91 3629 13 233 106 133 12 109 9 112 766 7 14 54
internal_value=-0.00101629 0.00407115 -0.000742873 -0.0153146 0.0240425 0.0069261 -0.0303902 -0.00331439 -0.017327 0.0100773 0.0153704 -0.0291855 -0.033514 0.026374 0.0182554 -0.0393092 -0.00889318 -0.038084 -0.0234995 0.0774211 0.0286877 0.0210853 -0.0475453 0.0370524 0.0258208 0.0023724 -0.0362133 0.0309798 -0.0124091 0.0749407
internal_weight=665.839 563.982 454.441 156.699 109.541 297.742 23.1852 104.458 63.3216 274.557 214.662 101.857 95.0209 6.73685 41.1362 52.2413 59.8944 88.284 44.4686 4.9753 103.319 78.4284 19.2575 42.319 5.05533 36.1094 39.4933 6.83622 3.0816 4.17891
internal_count=14334 6631 5936 4108 695 1828 300 1330 921 1528 1194 7703 7644 274 409 2778 334 7370 3741 246 532 426 285 181 107 245 3495 59 52 70
is_linear=0
shrinkage=0.05


Tree=66
num_leaves=31
num_cat=0
split_feature=3 15 1 6 0 8 8 7 8 19 2 15 1 8 8 7 19 17 0 11 8 1 19 6 1 16 1 5 3 7
split_gain=45.0611 15.7759 14.7618 11.1827 15.8045 15.51 21.7517 19.5848 9.39982 10.7665 8.3682 7.72504 8.24359 7.05458 7.99687 7.66392 6.90441 6.67686 6.55766 6.53498 5.20892 9.13004 12.9576 4.7778 6.12098 4.64097 3.87573 3.81846 3.60524 3.42592
threshold=0.18308986090367138 0.19803921568627456 1.3125724938859344 0.34739338267933245 2.2584466459382786 0.15090746686515441 0.39721576983734047 0.51867609518320235 -0.47375005827833777 3.2830421115478208 0.041867960512248524 0.76388888888888895 0.77333514006760085 -0.31942331080583125 -0.37018611142517455 -0.28125494599408324 1.6774411882935645 0.77914527333132 1.2305378533845428 0.16537757923785587 -0.44684191259026701 0.88787115702013997 0.71964311972930595 0.25176724520596599 0.71037848594885877 0.013245614035087722 0.79088728548483644 0.17040764859855237 0.26681039847579663 -0.45132870619760879
decision_type=2 2 2 2 2 2 2 2 2 2 2 2 2 2 2 2 2 2 2 2 2 2 2 2 2 2 2 2 2 2
left_child=2 3 10 8 5 7 -7 -5 16 18 26 20 -13 14 29 -16 -2 25 -10 -18 21 22 -3 24 -22 -4 -1 -25 -11 -12
right_child=1 11 17 4 -6 6 -8 -9 9 28 13 12 -14 -15 15 -17 19 -19 -20 -21 23 -23 -24 27 -26 -27 -28 -29 -30 -31
leaf_value=-0.0099871034524378535 -0.081081494059270801 0.04013337008125871 0.084150720562268633 0.0022745132737229125 0.08678500943935237 -0.05069337025256257 0.0031581569619772779 0.044026951111383494 -0.0085959660554050504 0.00027469505836412732 0.05119492649519676 0.017547765351652894 -0.065722535514393041 -0.039241381503754884 -0.040991001029000801 0.094716209104815582 -0.060874159108953399 -0.035753592606902883 -0.056228449380420466 0.037766419521189039 0.048204266982005542 0.032214688633866027 -0.048747370660459456 0.036543732373300532 -0.015001917628698264 0.015442389712184638 0.061796044367560421 0.0026212395029971509 0.058346565786433949 -0.039663470043396543
leaf_weight=4.7585226632654658 7.9743122421205026 6.2124251723289516 2.9602301018312636 84.586440985556692 5.9874613508582106 24.903999790549278 75.902514709159732 42.04818927962333 86.500995203386992 4.1002220725640637 1.1854167226701964 6.769653916358946 5.2984445989131927 106.92981776129454 1.5341232866048811 3.2324353633448473 3.4081567870453 5.5749721946194759 7.8843537466600528 3.3096296638250351 5.5573355481028583 17.207696005702019 12.062928941100834 78.988941144198179 12.326163150370119 14.477607404813169 3.1089262776076794 9.2691856995224935 7.6763117387890816 8.3144170781597477
leaf_count=51 88 17 10 847 12 616 957 152 1134 33 12 23 23 8650 30 41 32 311 150 9 17 70 56 393 57 119 15 30 21 305
internal_value=-0.00113678 0.00601133 -0.0250133 0.000207732 0.0065995 0.00448859 -0.0101457 0.0161381 -0.0121379 -0.00695044 -0.0315913 0.0193894 -0.0190117 -0.0348351 -0.00180932 0.0510387 -0.0496216 0.0118781 -0.0125749 -0.0122772 0.0226616 0.00607699 -0.0185337 0.0282059 0.00463954 0.0271062 0.018379 0.0329811 0.0381278 -0.0283259
internal_weight=660.052 507.975 152.076 354.283 233.429 227.441 100.807 126.635 120.854 106.162 129.064 153.693 12.0681 121.196 14.2664 4.76656 14.6921 23.0128 94.3853 6.71779 141.625 35.4831 18.2754 106.142 17.8835 17.4378 7.86745 88.2581 11.7765 9.49983
internal_count=14281 4737 9544 4051 2584 2572 1573 999 1467 1338 9104 686 46 9038 388 71 129 440 1284 41 640 143 73 497 74 129 66 423 54 317
is_linear=0
shrinkage=0.05


Tree=67
num_leaves=31
num_cat=0
split_feature=18 9 3 16 3 17 6 17 3 7 7 8 7 4 3 6 4 7 7 7 3 2 8 12 3 11 16 16 8 11
split_gain=37.1002 19.3371 15.6615 14.8206 14.2536 12.8036 12.1963 11.1994 8.95952 8.59901 8.06932 11.6741 10.3606 7.59881 7.01473 6.69068 6.33538 8.55644 20.7599 25.6457 7.47696 6.25624 6.00444 5.66735 5.02431 3.52215 5.93617 3.20478 3.17114 6.60613
threshold=60.500000000000007 6.5000000000000009 0.28183602975084893 0.58017135862913116 0.49188335001969546 0.99528301886792458 0.31292339286418885 0.50362318840579723 0.51499126160066899 2.6706599350452187 -0.080836397454676648 0.49960294560103313 0.41430731178616836 0.1771560619079989 0.18176154841005418 0.70691356755266288 0.30970043606228304 0.44729571759652575 0.60165447011543394 0.57656461128378511 0.17697411580802572 0.060398130624445948 -0.44684191259026701 1.5000004691927546 0.1765194250867258 0.18847648319819341 0.20941306755260247 0.014185110663983905 0.20427727673448706 0.086010570624073315
decision_type=2 2 2 2 2 2 2 2 2 2 2 2 2 2 2 2 2 2 2 2 2 2 2 2 2 2 2 2 2 2
left_child=1 2 5 23 9 10 8 25 -6 22 11 -1 -12 -8 -7 -11 17 -9 19 -19 -18 -16 -4 28 -20 26 -2 -22 -3 -30
right_child=7 3 4 -5 6 14 13 16 -10 15 12 -13 -14 -15 21 -17 20 18 24 -21 27 -23 -24 -25 -26 -27 -28 -29 29 -31
leaf_value=-0.016748476932058949 0.050397861296360626 0.036662012411904414 -0.0011096796527051548 -0.051354575182945152 -0.13511563753581721 -0.029051011738563167 -0.041807924666287306 -0.04749306494269831 -0.029675843782373226 -0.067409345530184767 -0.041674212143884906 0.04176989801189987 -0.0061174488852491007 0.0074556758753321663 0.01162081631415807 0.020408296929989096 -0.053346046095134693 0.026179302315497883 -0.0042493204592755976 0.38278764948607602 0.12494904099847851 0.07515902880463482 0.021363391272658693 -0.02291978215429788 -0.052102858026048998 0.06576872652337927 -0.082183285222367883 0.017172320751626315 -0.060129996492281707 0.025167413534877572
leaf_weight=31.932509047910571 2.0345209762454028 72.58295270614326 36.905565910041332 6.1007122425362459 2.2169022341258851 4.7851039180532124 8.8978480263613147 58.388166610151529 22.091560658067465 5.5048982249572855 51.630139487795532 11.62564332038164 33.964048170484602 65.08323513623327 8.637692164629696 3.5791088491678238 1.9149316949769843 1.8652932448312669 11.053445028141143 0.69090572744607914 1.4912765957415106 7.0251702824607483 152.71365589275956 4.9967226386070243 10.888373735826461 3.6347516477108002 1.443134674336761 1.2832888122647998 2.5949798645451692 18.122600971721113
leaf_count=611 8 355 184 169 63 199 397 5555 178 74 1875 72 781 477 33 60 158 92 760 29 11 85 872 31 992 7 47 42 26 108
internal_value=-7.61958e-05 0.0048923 0.000363502 0.0242656 0.00700894 -0.0128293 -0.00856536 -0.0289879 -0.0392918 0.0147128 -0.0186496 -0.00112996 -0.0275652 0.00153065 0.0239324 -0.0328091 -0.0338884 -0.0370872 -0.012286 0.122566 0.0226499 0.0401192 0.0169895 0.0289589 -0.0279961 0.0313518 -0.00461979 0.0751003 0.0317372 0.0144835
internal_weight=645.679 550.991 446.593 104.398 296.993 149.6 98.2895 94.6881 24.3085 198.703 129.152 43.5582 85.5942 73.9811 20.448 9.08401 87.5757 82.8862 24.498 2.5562 4.6895 15.6629 189.619 98.2973 21.9418 7.11241 3.47766 2.77457 93.3005 20.7176
internal_count=14351 6650 5961 689 2305 3656 1115 7701 241 1190 3339 683 2656 874 317 134 7639 7428 1873 121 211 118 1056 520 1752 62 55 53 489 134
is_linear=0
shrinkage=0.05


Tree=68
num_leaves=31
num_cat=0
split_feature=3 9 0 6 1 18 11 18 1 0 5 5 7 16 17 2 6 6 2 2 3 6 9 7 7 1 7 7 7 7
split_gain=36.9418 13.7584 13.7417 21.26 13.7602 20.1274 25.3077 14.2169 13.8428 13.1354 12.9417 12.4315 11.3818 10.6788 10.0896 8.17667 7.73462 11.6758 8.95937 7.30317 7.23322 6.2687 5.98232 5.67795 4.33467 5.54799 5.33751 3.51329 2.76771 16.1418
threshold=0.1779031254886802 4.5000000000000009 1.000230123974984 0.73576623743230651 1.0781490155146274 8.5000000000000018 0.009299911304125873 26.500000000000004 0.64463252499111656 2.2584466459382786 0.0028819305890080645 0.13085569431579194 1.1528959389604383 0.34668803418803423 0.90797035692679995 0.0069852315619441082 0.66137480195205489 0.6645869438094324 0.035186910940930745 0.72065643823447367 0.18152868981454889 0.26150560860682021 5.5000000000000009 -0.63512645822350178 -0.31398055679186959 1.7937796538155271 0.43603658890415475 0.60165447011543394 1.2235898084201551 1.2765936031182104
decision_type=2 2 2 2 2 2 2 2 2 2 2 2 2 2 2 2 2 2 2 2 2 2 2 2 2 2 2 2 2 2
left_child=1 16 4 15 5 8 20 21 12 -5 -10 13 -2 -9 -8 -4 28 -18 -19 24 -7 22 -6 -20 -3 26 -26 -23 -1 -30
right_child=2 19 3 9 7 6 14 11 10 -11 -12 -13 -14 -15 -16 -17 17 18 23 -21 -22 27 -24 -25 25 -27 -28 -29 29 -31
leaf_value=-0.051147987090415063 -0.017248706673110566 0.060126787940865567 0.036722850368341595 -0.057802007220658702 -0.025780454897063421 0.077324149336630815 -0.0040533350577866114 0.012290936962850076 -0.047308667178672444 0.083663680091309867 0.024857088070849402 -0.091237181814393581 0.02226130367722557 -0.075812415192783034 0.053666476858812068 -0.056358136078943688 0.20612490232657851 0.065235397121920405 0.10295351538070573 -0.04279687326894422 -0.049293685927190259 0.034421706342847989 0.044234074175551835 -0.03145461076817814 -0.030936931648890317 0.059371299931300262 0.039974720081904058 0.065964171003142863 0.12705654465091248 -0.05103415985420115
leaf_weight=47.222256334498525 58.290778562426567 4.9792449977248934 2.6216575726866749 2.2588585927151126 7.9739003181457502 1.1595826093107451 62.489518813788891 71.712658372707665 6.5480090770870438 5.9979938864707947 121.26906932890415 3.2892996212467542 26.521230599842966 3.6126077380031338 8.6149579426273686 23.58185173291713 0.58153894171118636 2.8267738409340373 0.8073523510247459 6.0904233716428271 41.319623466581106 64.712777458131313 4.9417107068002224 29.356906980276111 8.6947394432500058 3.8456662762910119 3.8193076765164724 10.222543917596338 1.5304794646799544 7.5440830122679472
leaf_count=4586 317 27 9 70 38 84 580 575 239 10 451 60 109 44 183 498 35 15 6 437 2038 292 19 2609 207 19 39 33 41 656
internal_value=-0.000122382 -0.0255002 0.00552468 -0.0249999 0.00765973 0.00169057 -0.0153023 0.0193571 0.0107679 0.0449624 0.0211601 0.00391058 -0.00489369 0.00806549 0.00293995 -0.0470454 -0.0349606 -0.0159659 -0.0198807 0.00549572 -0.0458373 0.0331797 0.00100818 -0.0278572 0.0192791 0.00684666 -0.00929458 0.0387247 -0.0462881 -0.0209981
internal_weight=644.437 117.299 527.139 34.4604 492.678 326.213 113.584 166.465 212.629 8.25685 127.817 78.6146 84.812 75.3253 71.1045 26.2035 89.8694 33.5726 32.991 27.4294 42.4792 87.8509 12.9156 30.1643 21.339 16.3597 12.514 74.9353 56.2968 9.07456
internal_count=14326 8677 5649 587 5062 4001 2885 1061 1116 80 690 679 426 619 763 507 7948 2665 2630 729 2122 382 57 2615 292 265 246 325 5283 697
is_linear=0
shrinkage=0.05


Tree=69
num_leaves=31
num_cat=0
split_feature=2 9 15 3 4 6 0 0 6 8 6 11 7 7 7 19 0 19 11 1 11 2 16 6 1 16 4 19 9 1
split_gain=32.1391 18.232 15.0539 15.036 13.8218 11.439 11.8844 11.0543 10.9283 9.50524 8.40048 8.11473 7.04863 11.2039 24.717 7.11266 6.58966 8.20165 6.38085 14.9444 8.01234 5.29499 5.03449 4.88886 4.31186 3.7059 3.51087 3.24602 4.30002 1.9436
threshold=0.6032924963757883 4.5000000000000009 0.18898809523809526 0.17697411580802572 0.1771560619079989 0.49640991711857346 1.2305378533845428 2.2584466459382786 0.15733407427089038 0.2768385335108669 0.66137480195205489 0.010490979448642855 -0.1729177256356163 0.44729571759652575 0.60165447011543394 0.45421879159031625 0.99600798452680117 1.2354717755000899 0.27281822740268447 0.91444463069545201 0.27507518928887714 0.041867960512248524 0.10982310372554276 0.21273333616931031 2.1365178262240221 0.30825791855203627 0.11946150835822612 0.65815745109487522 14.500000000000002 0.76998654437512515
decision_type=2 2 2 2 2 2 2 2 2 2 2 2 2 2 2 2 2 2 2 2 2 2 2 2 2 2 2 2 2 2
left_child=1 3 10 21 9 6 -6 -7 25 -5 18 -10 27 15 -15 -14 17 -13 24 -20 -21 29 -4 -18 -2 -3 -11 28 -12 -1
right_child=2 8 22 4 5 7 -8 -9 11 26 12 16 13 14 -16 -17 23 -19 19 20 -22 -23 -24 -25 -26 -27 -28 -29 -30 -31
leaf_value=-0.016389425341558055 -0.04720500072448372 -0.099593368994649142 0.058641692046978749 -0.066117440420891294 -0.00016163078353254043 0.012672575119237748 -0.057748779841982213 0.085398027116463909 -0.069304519229011569 -0.060646411225583841 -0.045058228841096025 -0.027153853726391199 0.074169889628198912 0.13495198545798653 -0.033840848301420971 -0.052457094934936201 0.06179866849433522 0.024061083524482843 0.30932868638145189 0.13384918748577609 -0.054701969973879244 -0.044811189777405634 -0.0071134846345981941 0.028142048101175876 0.020328299696818611 -0.010309747205774503 0.050151169194055205 0.068534403811266562 0.096771628847947544 0.044462190097337317
leaf_weight=2.9588058069348362 57.194894143845886 2.2608806779608122 6.6780181489884836 11.343860705848781 162.07876337924972 162.65635482687503 9.4833411341533047 5.3985902070999137 2.2826378317549816 0.93696083873510305 1.8642814387567335 11.679548612795768 1.1879355548881054 3.2586130704730731 6.4851876506581903 16.68284953571856 12.257324378937481 23.6382513968274 0.40702979080378954 0.72747668344527516 2.4985905801877379 22.808117246255279 5.1603665351867676 90.109382248483598 2.4654546147212377 2.3916912609711289 3.0178765757009387 3.6644432162865996 0.74916529655456532 2.3579341806471348
leaf_count=36 4998 25 23 542 1567 1534 196 9 36 66 82 73 102 53 531 1687 49 109 2 4 144 1891 23 478 38 16 18 14 1 16
internal_value=0.00145885 0.00656518 -0.023255 0.000854328 0.00364299 0.00573721 -0.00334484 0.0150088 0.021691 -0.0428468 -0.0297395 0.0241969 -0.00965098 -0.0205229 0.0226084 -0.0440397 0.025747 0.00712437 -0.0404965 0.0238365 -0.0121838 -0.0343366 0.0299789 0.0321721 -0.0444142 -0.0536964 0.0239015 0.0381716 -0.00440157 0.0105978
internal_weight=636.685 527.66 109.024 383.041 354.916 339.617 171.562 168.055 144.62 15.2987 97.1859 139.967 33.8925 27.6146 9.7438 17.8708 137.685 35.3178 63.2934 3.6331 3.22607 28.1249 11.8384 102.367 59.6603 4.65257 3.95484 6.27789 2.61345 5.31674
internal_count=14363 6661 7702 5875 3932 3306 1763 1543 786 626 7656 745 2470 2373 584 1789 709 182 5186 150 148 1943 46 527 5036 41 84 97 83 52
is_linear=0
shrinkage=0.05


Tree=70
num_leaves=31
num_cat=0
split_feature=3 7 7 19 0 19 15 17 17 3 9 18 1 7 1 3 0 7 7 1 3 3 15 19 19 19 7 19 1 17
split_gain=36.667 16.2014 17.9229 13.129 13.549 12.7845 8.82735 8.30607 28.271 8.01078 7.36176 8.98466 20.5004 12.0783 7.08736 6.0905 6.90622 6.16749 5.93832 5.8124 8.58602 16.5439 6.07323 5.63431 10.3595 5.79188 5.57055 4.89014 4.40864 7.34319
threshold=0.25132760191275411 -0.10142478842371776 0.39664593069877219 0.53163271089962993 0.66666568282841698 0.43926601379875646 0.050316455696202543 0.95633104500381394 0.95932156646442368 0.11876116235271779 6.5000000000000009 5.5000000000000009 0.91890950459675824 -0.50000080733447205 0.10021843759488121 0.52429209191814763 2.2584466459382786 0.090098166016035444 0.35140682710434845 2.1365178262240221 0.2099554024490656 0.20874633041082646 0.09938271604938273 0.44230872503384533 0.44806282800178016 0.63143783098704465 0.60165447011543394 0.56063002948315932 0.8014020076483378 0.9470884658454648
decision_type=2 2 2 2 2 2 2 2 2 2 2 2 2 2 2 2 2 2 2 2 2 2 2 2 2 2 2 2 2 2
left_child=1 9 19 5 18 14 7 26 -9 -1 11 13 -13 -6 -2 16 -16 -17 -5 20 21 -3 -22 -11 -25 -26 -4 -8 29 -7
right_child=3 2 6 4 10 28 27 8 -10 23 -12 12 -14 -15 15 17 -18 -19 -20 -21 22 -23 -24 24 25 -27 -28 -29 -30 -31
leaf_value=-0.051073839133952241 -0.042165341810040606 -0.03728850900216503 0.007365645051732002 -0.027007863857649413 -0.015704276055641255 -0.026837132743512928 0.050001510737158264 0.2865761416818749 -0.0028143769470334798 -0.050625315051034986 0.037020035704863168 -0.03974069185309053 0.016064315547838149 0.037409615645375892 -0.0095966720829528222 -0.010024667867121749 0.063059393983650805 0.047810998292674038 0.018177802626092903 0.030468889650058173 -0.048994090898822965 0.045396710993010653 -0.10999231599011622 0.10517812068749943 -0.016487409563468652 0.017980058366396167 -0.043034825651408384 0.0025707819737745001 -0.044685057331647626 0.05425416191356091
leaf_weight=5.9435449480079106 6.3139650151133528 82.463063065428287 7.1420606402680304 24.849725658074021 12.908784285187719 13.762224777136 9.359725024551155 0.88738852646202104 17.237867837306112 3.6894002361223093 47.796012963168323 20.079794533550739 91.220101269427687 62.656039379537106 27.230540531687442 6.2358158677816418 3.7171365022659293 17.674841528758407 10.278733707964419 3.2194054052233687 12.824405596591534 6.528479929547756 5.9849833846092215 2.90476638264954 16.784056982956827 44.511684770695865 23.592197821475565 12.957311528734861 20.488632858265191 3.5021875058300784
leaf_count=583 36 6713 229 113 51 186 54 46 1036 42 239 210 519 247 323 41 9 48 33 23 510 96 32 9 297 290 1465 98 715 30
internal_value=-0.000633263 -0.0151696 -0.0231764 0.00946059 0.0151738 -0.00612056 -0.00359077 -0.0154911 0.0113538 0.00458841 0.0195091 0.0150302 0.00599644 0.0283361 0.00800014 0.013774 -0.000869926 0.0327277 -0.0137863 -0.0357329 -0.03771 -0.0312227 -0.0684032 0.00946146 0.0129145 0.00854214 -0.0313227 0.0224631 -0.0290007 -0.0103873
internal_weight=624.745 256.03 182.197 368.715 269.789 98.9253 71.1766 48.8595 18.1253 73.8335 234.661 186.865 111.3 75.5648 61.1723 54.8583 30.9477 23.9107 35.1285 111.02 107.801 88.9915 18.8094 67.8899 64.2005 61.2957 30.7343 22.317 37.753 17.2644
internal_count=14323 11523 10302 2800 1412 1388 2928 2776 1082 1221 1266 1027 729 298 457 421 332 89 146 7374 7351 6809 542 638 596 587 1694 152 931 216
is_linear=0
shrinkage=0.05


Tree=71
num_leaves=31
num_cat=0
split_feature=18 1 18 14 0 18 18 18 0 11 16 17 5 5 17 17 19 0 17 1 18 18 7 1 1 15 3 9 1 1
split_gain=30.5671 18.0935 21.2754 14.0443 11.5043 13.1913 10.4648 18.4486 10.4518 9.64797 9.60647 11.3689 8.22613 7.31355 7.60182 7.14004 6.85806 6.77705 6.7448 5.79095 10.0058 12.026 4.45046 4.39749 3.16468 0.395183 0.334221 0.00780948 0.003338 0.000350914
threshold=79.500000000000014 1.2984732584877789 35.500000000000007 0.053101503759398504 1.000230123974984 1.5000000000000002 22.500000000000004 40.500000000000007 0.65265092346082143 0.2391747849009517 0.10557275541795667 0.63188142770719913 0.072070103065640337 0.14079860612457876 0.39339826839826847 0.16869918699186995 0.56767779731273882 2.2584466459382786 0.80099009900990115 0.98806327284726037 83.500000000000014 82.500000000000014 0.096880517238449995 1.2596771427106208 1.113224520662329 0.14160401002506268 0.33050075855130473 8.5000000000000018 1.646071292340461 1.9281085200795962
decision_type=2 2 2 2 2 2 2 2 2 2 2 2 2 2 2 2 2 2 2 2 2 2 2 2 2 2 2 2 2 2
left_child=1 2 4 13 8 -6 -5 -8 12 -10 11 22 -1 15 -15 -3 -13 -7 -17 20 21 -2 -4 24 -12 -16 27 29 -29 -21
right_child=19 3 10 6 5 17 7 -9 9 -11 23 16 -14 14 25 18 -18 -19 -20 26 -22 -23 -24 -25 -26 -27 -28 28 -30 -31
leaf_value=0.0090189509155390087 -0.05090091092922408 -0.032997939163853816 0.043716510602091523 0.036368876900708433 0.049263564498482057 -0.05985594278714277 -0.17535499919724365 -0.0039659573830897743 0.0096325058739642963 -0.026297676706893109 -0.061494345129293887 -0.016341012505242395 -0.059402702471430147 0.03720940471698405 -0.056414590339221873 0.038302038268504063 -0.058557345749910644 0.024117078930674486 -0.023611651464360343 -0.050405987464743299 -0.05072171292451283 0.19600412023183039 -0.013635985333321048 -0.15107271741309702 -0.017840291534012089 -0.091040729248070051 -0.093252498168834186 -0.05146894346079578 -0.055689986156417376 -0.051729876762700688
leaf_weight=7.4299473036080625 0.85056912666186613 4.1025580884888759 9.9661503918468934 3.373332307673989 4.2636599689722088 16.740300909616057 2.6037382520735264 3.9553166874684393 314.39976412523538 19.863879197277129 13.227396593894815 53.766490150708705 10.746781784109769 2.6680469289422026 1.4632182749919596 74.570741203613579 11.716464039403943 2.8053563404828301 4.6745635899715117 31.348326376173649 3.0933908624574542 1.1737283961847425 5.1203753910958758 1.0888656303286541 6.0507975392974904 1.8862302452325819 0.46589376032352348 0.87059539929032226 1.0137527193874118 0.50866029364988108
leaf_count=32 72 27 39 13 14 426 24 39 2755 113 800 4125 106 10 47 366 527 22 136 4084 305 26 26 25 99 8 2 63 18 32
internal_value=-0.00111999 0.00178949 -0.00225127 0.0212078 0.00321701 -0.0304211 -0.0351961 -0.072002 0.00548946 0.00749733 -0.0226348 -0.0148793 -0.0314346 0.0274767 -0.0257573 0.0313201 -0.0238945 -0.0478034 0.0346498 -0.0437714 0.00583443 0.0922596 0.024251 -0.0533143 -0.0477928 -0.0759142 -0.0511929 -0.0506121 -0.0537398 -0.0504271
internal_weight=615.809 576.484 477.186 99.2977 376.25 23.8093 9.93239 6.55905 352.44 334.264 100.937 80.5695 18.1767 89.3654 6.0175 83.3479 65.483 19.5457 79.2453 39.3249 5.11769 2.0243 15.0865 20.3671 19.2782 3.34945 34.2072 33.7413 1.88435 31.857
internal_count=14381 9779 9109 670 3468 462 76 63 3006 2868 5641 4717 138 594 65 529 4652 448 502 4602 403 98 65 924 899 55 4199 4197 81 4116
is_linear=0
shrinkage=0.05


Tree=72
num_leaves=31
num_cat=0
split_feature=2 6 5 1 18 1 1 5 15 7 1 15 7 7 7 5 17 17 2 19 1 8 19 4 15 4 11 15 1 7
split_gain=26.8096 14.5839 14.7307 13.8839 10.404 10.4005 9.6477 9.29611 11.3073 8.67687 8.48061 7.58315 8.41741 11.7523 8.97374 6.73252 7.16072 5.75598 5.3976 5.35333 8.52815 5.05809 4.04385 3.98209 3.32419 2.32772 1.933 1.89444 1.01085 0.427755
threshold=0.5411877013031503 0.15733407427089038 0.086743710087794898 1.7184139415223687 33.500000000000007 1.9281085200795962 0.10021843759488121 0.0010193095487706803 0.076436222005842283 0.38657769396661867 1.646071292340461 0.19803921568627456 0.44729571759652575 0.60165447011543394 -0.25064276794164642 0.084668555379915647 0.12731481481481485 0.58561221975856126 0.4278065176571117 0.78953164811527199 1.1702358444235259 0.31604205045434647 0.77198296586352322 0.17473043803296059 0.15450928381962867 0.17963338900013134 0.19822890917622302 0.055250305250305255 1.0814992030041923 -0.1729177256356163
decision_type=2 2 2 2 2 2 2 2 2 2 2 2 2 2 2 2 2 2 2 2 2 2 2 2 2 2 2 2 2 2
left_child=1 19 7 10 6 18 -4 8 27 -8 11 12 14 -14 -2 16 -9 29 -6 20 22 -10 25 -19 28 -1 -13 -3 -21 -5
right_child=3 2 4 17 5 -7 9 15 21 -11 -12 26 13 -15 -16 -17 -18 23 -20 24 -22 -23 -24 -25 -26 -27 -28 -29 -30 -31
leaf_value=0.017218726917943072 -0.0026240548039748405 -0.055455862803993429 -0.068837910833968827 0.053961443165649839 -0.057233818551853548 0.055510319461702734 -0.0026187287571332149 -0.0019074061923432376 0.049875855465766963 0.020839610455052768 -0.1694505747227896 -0.0027467473143493355 0.054910818113966843 -0.022464761218426794 -0.047056716876720674 0.074583086000123075 0.022216459444099251 0.03132327599725851 -0.00068980351940424911 -0.062229134380906992 0.046890541426687249 -0.021423212851612368 0.075099262129123587 -0.053510518234256288 -0.12331650329614444 -0.058863942325173169 0.03875155013184893 -0.16500802457466943 -0.0065482397265338157 0.03374014698886306
leaf_weight=1.1384358499199159 14.112262067850677 7.9150983081199247 4.6805822588503352 5.9326702393591404 17.073564178776003 3.0204395903274408 144.33548986213282 37.672613222151995 5.5385547578334791 54.229894138406962 1.0210101227276016 7.3397487401962263 6.0996618261560824 25.107458458747715 58.338286811020225 5.3544696946628383 167.67188509600237 2.4085564189590505 5.6064217062667003 3.0950915198773137 3.6776770087890318 4.5154523849487305 0.69229344092309553 3.2496230374090374 2.2100536525249481 8.5968507495708746 4.5430797412991524 0.41532747168093909 1.1065096389502285 4.6770285330712813
leaf_count=27 297 426 31 30 1392 18 1362 221 24 539 19 28 168 1893 5802 36 1158 35 278 66 38 21 2 86 10 310 21 3 12 21
internal_value=-6.89916e-05 0.00544729 0.00729466 -0.0199426 -0.00167478 -0.0316488 0.00211543 0.0162587 -0.0178393 0.00378794 -0.0259816 -0.0247138 -0.0290508 -0.00734113 -0.0384019 0.0192339 0.0177907 0.0233278 -0.0432563 -0.0357944 -0.0185749 0.017854 -0.0416637 -0.0173987 -0.0736762 -0.0499669 0.013119 -0.0609178 -0.0475653 0.0450474
internal_weight=611.376 478.547 458.03 132.829 228.946 25.7004 203.246 229.083 18.3844 198.565 116.562 115.54 103.658 31.2071 72.4505 210.699 205.344 16.2679 22.68 20.5169 14.1053 10.054 10.4276 5.65818 6.41165 9.73529 11.8828 8.33043 4.2016 10.6097
internal_count=14374 5974 5509 8400 3620 1688 1932 1889 474 1901 8228 8209 8160 2061 6099 1415 1379 172 1670 465 377 45 339 121 88 337 49 429 78 51
is_linear=0
shrinkage=0.05


Tree=73
num_leaves=31
num_cat=0
split_feature=2 17 9 18 17 7 3 6 1 1 1 5 6 1 1 1 11 0 8 1 3 8 5 7 8 4 0 14 7 0
split_gain=25.7354 14.1927 13.9264 19.7885 11.5904 14.3525 10.3007 9.8259 9.40908 12.6261 9.39663 9.3264 9.8441 9.0885 11.7528 16.876 14.253 9.08323 8.35819 8.02217 10.8317 7.68917 7.44141 6.52969 6.43431 6.40311 6.36446 6.29694 6.04965 5.19848
threshold=0.5411877013031503 0.60097087378640779 3.5000000000000004 5.5000000000000009 0.32971014492753631 -0.50000080733447205 0.46786100100847638 0.15733407427089038 0.49807773411466871 1.0000002126232739 1.0189552450818258 0.073912760790656604 0.60993519167986443 0.98806327284726037 0.97104273854334489 0.97779387389503458 0.3062827248737629 0.73212339746711763 0.7842979029624948 1.7184139415223687 0.23943741492975773 1.9796872985457508 0.16207500461325483 0.017949718958651464 -0.44684191259026701 0.32978932997759652 0.66666568282841698 0.12310606060606062 -0.15931185285423691 2.2584466459382786
decision_type=2 2 2 2 2 2 2 2 2 2 2 2 2 2 2 2 2 2 2 2 2 2 2 2 2 2 2 2 2 2
left_child=2 19 3 4 8 22 7 -4 21 -10 17 23 -13 14 16 -16 -3 18 -5 20 24 -1 -6 -12 -2 -7 -9 -19 -28 -15
right_child=1 13 6 10 5 25 -8 26 9 -11 11 12 -14 29 15 -17 -18 27 -20 -21 -22 -23 -24 -25 -26 -27 28 -29 -30 -31
leaf_value=-0.052628945383833517 -0.053931915620318099 -0.04616788735991334 -0.046380380999288491 -0.023061590941791433 0.0025298110400604912 -0.020161771728269221 -0.022581807410907741 -0.011727486335280238 0.013043861955383118 -0.060036311433479664 0.05719135939874867 -0.049058116912308061 0.014916062596762359 -0.040335470576574751 0.18658732970823919 -0.0049149703540143719 0.22062121397916468 -0.038833461793330339 0.057656004478543313 0.041434786523997541 -0.082509587329924014 0.027292891900466482 -0.067105151661040627 0.00085260381888815602 0.011207632926478856 0.035172287167907129 0.03911531835728943 0.013265227668344391 0.017527289674155122 0.068045662328035911
leaf_weight=14.210554705932738 4.4185573440045109 7.9138139267452043 5.1428582202643147 7.4155607372522336 13.264971651136877 5.6338190473616114 14.537959286943076 11.487686190754173 55.805863810703158 6.6103920880705109 9.6135752052068728 12.678292857948692 11.438308730721472 69.971219316124916 1.8610822008922685 3.0128343091346323 0.53442963678389777 59.708790423814207 5.6511753676459193 10.486765798181294 4.3230176884680978 3.818024890497326 5.3976908512413493 11.059666120447217 26.69152449537069 72.602816592901945 58.209885712713003 6.423822379205375 73.338895617052913 1.1241677403450001
leaf_count=84 128 666 43 61 50 26 84 54 535 63 44 282 154 6874 36 177 5 3076 32 51 26 17 25 109 419 277 304 150 446 2
internal_value=0.000280245 -0.019351 0.00579406 -0.000570957 0.0101427 0.0217893 0.0175813 0.0215218 -0.00388616 0.00530407 -0.0158949 0.00240868 -0.0187157 -0.03152 0.00637951 0.0682093 -0.029291 -0.0262461 0.0118476 0.00301991 -0.00834934 -0.0357034 -0.0176103 0.0270515 0.00195588 0.0311877 0.0239632 -0.0337728 0.0270799 -0.0386217
internal_weight=594.388 130.337 464.051 301.333 177.344 96.8993 162.717 148.179 80.4448 62.4163 123.989 44.7898 24.1166 84.4175 13.3222 4.87392 8.44824 79.1993 13.0667 45.9199 35.4331 18.0286 18.6627 20.6732 31.1101 78.2366 143.036 66.1326 131.549 71.0954
internal_count=14300 8384 5916 4985 1077 378 931 847 699 598 3908 589 436 7760 884 213 671 3319 93 624 573 101 75 153 547 303 804 3226 750 6876
is_linear=0
shrinkage=0.05


Tree=74
num_leaves=31
num_cat=0
split_feature=3 0 4 0 6 9 6 6 1 14 5 3 3 2 5 3 3 6 19 7 5 9 1 3 4 7 15 3 3 15
split_gain=24.2966 10.5672 10.7515 10.1489 16.0764 9.73576 10.8875 15.4818 8.77965 12.3044 9.02761 7.58762 12.6951 6.2061 5.28429 4.94296 6.00174 4.19294 4.06342 2.73719 2.19708 2.04732 1.96446 3.77415 1.64416 1.64029 0.715495 0.538913 15.5223 0.520414
threshold=0.18168212541567738 0.65265092346082143 0.11946150835822612 1.000230123974984 0.73576623743230651 4.5000000000000009 0.68490078473331961 0.6882950175892224 1.1067788899984412 0.069204980842911892 0.0028819305890080645 0.17110126221102048 0.1765519871431239 0.0069852315619441082 0.072070103065640337 0.11876116235271779 0.18060071483936188 0.18873702155219188 0.32500006381653518 1.1820230933067035 0.10582385076528171 21.500000000000004 0.71037848594885877 0.17679057401769305 0.11904588088490606 1.0493355195724554 0.19538706256627789 0.11819451774647034 0.11816395653618708 0.17274535809018571
decision_type=2 2 2 2 2 2 2 2 2 2 2 2 2 2 2 2 2 2 2 2 2 2 2 2 2 2 2 2 2 2
left_child=5 14 21 8 13 6 22 -8 10 -10 -4 -9 -13 -5 -2 -7 17 -17 -6 -19 -16 24 23 -1 26 -22 -3 28 -24 -18
right_child=1 2 3 4 18 15 7 11 9 -11 -12 12 -14 -15 20 16 29 19 -20 -21 25 -23 27 -25 -26 -27 -28 -29 -30 -31
leaf_value=-0.054679306064191538 0.0032481887875069546 -0.055284178076092122 -0.028553042089826609 0.027047694929046337 0.069352400835380731 -0.051198175576573947 0.16154834953279151 -0.050719685055781151 0.023460690003930577 -0.027711717255212806 0.0055856167248196928 0.067712370763336013 -0.024693618621660238 -0.052062526790203102 -0.093936779164819517 -0.06326449928337978 -0.052851531794990414 0.016343952151564686 -0.0063212591648574403 0.073207655397215604 -0.059646753067620475 0.055138396484984531 -0.05052593556064882 0.077464899746165661 -0.15508805270518991 -0.0042848569544312381 0.015386791879495591 -0.051206893081702801 0.22019143793535201 -0.10671170592997314
leaf_weight=1.3019608557224267 5.042204361408948 7.1251333723776025 20.833755069412291 2.8231422081589761 4.7929761856794348 3.7764749624766436 1.3021874120458985 9.5452388008125144 122.45317354938015 12.99349332321435 274.70635882811621 5.4725219360552755 11.585613131988792 20.342814899049699 3.1832855641841871 1.5236061089672208 0.97188268369063624 19.468811195809398 2.816310494672507 2.3743832539767018 4.4713026117533445 0.42884294688701619 12.882743929978457 0.9236744395457207 0.40557984262704838 1.9092510193586347 0.37710514664649952 34.420477646868676 0.55219345353543836 0.83279824256896973
leaf_count=43 22 517 918 10 12 368 41 1059 701 68 2560 304 1037 456 19 43 42 311 62 14 53 2 1733 8 4 10 2 3845 36 5
internal_value=-0.0010471 0.00371211 0.00501343 0.00602944 -0.0217102 -0.0226193 -0.0318109 -0.00678354 0.00801023 0.0185517 0.00317905 -0.0150231 0.0049517 -0.0424217 -0.0381711 0.00214339 0.0101462 0.0169313 0.0413445 0.0225251 -0.060008 -0.0512627 -0.0457564 0.000162664 -0.0570328 -0.0430808 -0.0517319 -0.047892 -0.0393991 -0.0777062
internal_weight=591.639 484.705 470.099 461.762 30.7752 106.935 77.9866 27.9056 430.987 135.447 295.54 26.6034 17.0581 23.166 14.606 28.948 25.1715 23.3668 7.60929 21.8432 9.56384 8.33666 50.0811 2.22564 7.90782 6.38055 7.50224 47.8554 13.4349 1.80468
internal_count=14305 5416 5312 4787 540 8889 8106 2441 4247 769 3478 2400 1341 466 104 783 415 368 74 325 82 525 5665 51 523 63 519 5614 1769 47
is_linear=0
shrinkage=0.05


Tree=75
num_leaves=31
num_cat=0
split_feature=18 1 3 3 6 11 1 1 6 0 6 3 17 1 1 18 9 18 18 18 15 6 6 17 15 4 3 15 1 17
split_gain=24.6138 15.0986 16.5408 10.6961 12.7048 13.3683 8.34225 18.7764 8.29569 6.19959 9.0652 6.47256 6.15014 5.5705 8.6801 6.21136 4.5845 8.53578 8.79288 4.48218 4.03842 1.09098 1.68403 1.02118 0.979701 0.359881 0.325269 0.166688 0.00518886 0.00198042
threshold=79.500000000000014 1.7184139415223687 0.28183602975084893 0.49188335001969546 0.30833826161394223 0.12258708674886411 0.97779387389503458 0.97613910834839468 0.24512389211943658 1.000230123974984 0.83873582432022864 0.15730038811178773 0.99528301886792458 1.0924783243672922 1.0617351568582838 27.500000000000004 6.5000000000000009 26.500000000000004 40.500000000000007 72.500000000000014 0.12034482758620692 0.45549465895539992 0.34952943975275214 0.39339826839826847 0.27346041055718479 0.1772510553497115 0.33050075855130473 0.15319426336375494 1.646071292340461 0.70801282051282066
decision_type=2 2 2 2 2 2 2 2 2 2 2 2 2 2 2 2 2 2 2 2 2 2 2 2 2 2 2 2 2 2
left_child=1 2 9 13 8 -6 7 -2 -5 11 24 19 -13 14 -4 -15 17 23 -19 -1 -20 22 -18 -3 -11 -23 28 -27 -8 -30
right_child=6 16 3 4 5 -7 26 -9 -10 10 -12 12 -14 15 -16 -17 21 18 20 -21 -22 25 -24 -25 -26 27 -28 -29 29 -31
leaf_value=-0.043069917122675355 -0.050470844588591662 0.056863093646512923 0.010161700477145923 -0.020813469620189356 0.011566806038481177 -0.051621701273291992 -0.050391779732074572 0.18967892850992676 -0.089349509060535029 -0.054762063541867571 0.053076399231697949 -0.0083775199169129292 0.025844161415185841 0.035732195414765876 -0.0558085302190994 0.0015598389372072819 0.0070022492683561996 -0.13037657969406333 -0.054547645107841637 0.01053867243242188 0.056597440226823982 0.039279938252565129 0.056605907271180637 0.023512736279605873 -0.10749836201835601 0.061783993924836772 -0.092760932525645559 0.05045319028415856 -0.056278018424236756 -0.052279211680148742
leaf_weight=20.205694257281724 2.4750080993399015 3.996734965592621 138.99441428203136 14.682978559751065 60.882287429179996 9.7044744528830034 27.6729781953618 1.2127643860876562 6.3138503120280793 11.633253394160416 2.1169546684250227 156.11196882277727 14.334199276287107 44.66789586097002 5.1717172702774397 18.934555052779615 4.0202589090913561 1.8305730745196331 1.4935579970479014 4.8313712421804658 1.8049571365118025 4.5117957107722786 2.9788791984319687 5.3917657043784857 0.9528025686740883 6.0038317032158357 0.46371841430663963 7.0656585469841957 0.40938117355108161 1.270652873907238
leaf_count=1690 328 17 939 160 796 63 4146 13 74 581 34 4090 197 232 32 113 29 28 54 462 7 23 14 31 4 17 2 43 5 75
internal_value=-0.000833631 0.00170707 -0.00059058 0.00695809 -0.00727741 0.00287947 -0.0424377 0.028505 -0.0414226 -0.0113416 -0.0426529 -0.00898654 -0.00549954 0.013233 0.00779513 0.025559 0.0316509 0.00937235 -0.0424984 -0.0327251 0.00627127 0.0448089 0.0281139 0.0377102 -0.0587544 0.0514552 -0.051212 0.0556583 -0.0505556 -0.0532536
internal_weight=582.141 548.636 509.538 299.352 91.5836 70.5868 33.5045 3.68777 20.9968 210.186 14.703 195.483 170.446 207.769 144.166 63.6025 39.098 14.5176 5.12909 25.0371 3.29852 24.5804 6.99914 9.3885 12.5861 17.5813 29.8167 13.0695 29.353 1.68003
internal_count=14299 9730 9467 2409 1093 859 4569 341 234 7058 619 6439 4287 1316 971 345 263 137 89 2152 61 126 43 48 585 83 4228 60 4226 80
is_linear=0
shrinkage=0.05


Tree=76
num_leaves=31
num_cat=0
split_feature=18 15 18 1 7 16 11 2 19 7 18 7 15 1 6 1 4 2 1 11 19 11 19 11 4 15 7 3 9 1
split_gain=24.6936 13.9555 11.3067 14.3275 11.5488 11.2125 11.2588 10.7239 10.5431 9.7753 9.49432 9.05571 8.99552 10.2803 6.70076 5.63164 7.95094 10.2985 4.46005 6.19024 6.68534 3.86373 2.88786 0.880768 0.845795 0.705978 0.647043 0.271209 0.0224855 0.00442671
threshold=79.500000000000014 0.19803921568627456 25.500000000000004 0.62848428248156607 1.2023907826595408 0.27404479578392626 0.010490979448642855 0.72065643823447367 0.48936933509504094 2.6706599350452187 5.5000000000000009 -0.8710497808873513 0.76388888888888895 0.77333514006760085 0.57754794997398307 0.98806327284726037 0.17679571014603759 0.6464435539993586 1.7184139415223687 0.14465586372026906 1.07077190978154 0.13398397240618101 8.7141633160738916 0.16647801362806786 0.12198903202231415 0.13100686498855837 -0.26449678553862771 0.33050075855130473 6.5000000000000009 1.646071292340461
decision_type=2 2 2 2 2 2 2 2 2 2 2 2 2 2 2 2 2 2 2 2 2 2 2 2 2 2 2 2 2 2
left_child=1 2 3 4 11 6 7 -4 -8 10 -5 -1 18 -14 -6 16 -2 -18 19 21 -21 -3 -11 -20 26 -26 -7 29 -25 -17
right_child=15 12 5 9 14 24 8 -9 -10 22 -12 -13 13 -15 -16 27 17 -19 23 20 -22 -23 -24 28 25 -27 -28 -29 -30 -31
leaf_value=0.012966188923144377 -0.050849019753903747 0.022322825599520608 -0.04236797511475289 0.025796306496865554 -0.019033215115451876 0.049380639007053126 0.033764361977584444 0.034843795007513771 -0.0082961431789924881 -0.053131615150087887 0.0031055816732773458 -0.045664695424369947 0.013436657397409549 -0.085143252575454617 0.04074859584481047 -0.050350494392190963 -0.050914167531204917 0.16959431414839388 0.028733836486031245 0.016323249596464411 -0.019821518574617655 0.069214662170784605 0.057045260289298551 0.058000753259211238 -0.055639487871432261 -0.084112951506082098 -0.050515615137021908 -0.089327921458279544 0.052932145237691845 -0.053057735981929935
leaf_weight=8.3602111339569074 2.6469792220741502 69.003665264695883 33.559017981868237 79.904453015886247 8.4201858760789055 0.30065328907221556 18.56131106428802 5.1928844819776705 75.511368344537914 7.2455115979537359 108.97143021784723 31.029603247530758 6.2026379108428937 4.6104089394211769 10.573209436610339 25.421724889427431 0.90513557661324773 1.2758856378495691 4.8768446817994109 35.161037672311068 20.109757091850042 4.6915815435349932 0.64793676882982243 3.9530472308397275 8.392520875670014 2.9394288696348658 0.35173427872359653 0.45761461555957694 4.9007679596543312 1.6053142687305797
leaf_count=25 297 327 3715 399 52 3 336 417 1641 291 1328 299 23 22 43 4064 83 19 29 169 108 17 2 17 382 18 37 2 34 82
internal_value=7.78721e-05 0.00255833 -0.00236041 0.00397283 -0.0177787 -0.0135195 -0.00934037 -0.0320213 2.73939e-06 0.0104267 0.012705 -0.0332207 0.0153738 -0.0285953 0.014246 -0.042409 0.00739487 0.0780821 0.0187057 0.0158214 0.00317232 0.0253081 -0.0440877 0.0457967 -0.0598382 -0.0630253 -0.00447835 -0.0511576 0.0551952 -0.0505113
internal_weight=585.784 553.471 399.961 255.153 58.3832 144.809 132.825 38.7519 94.0727 196.769 188.876 39.3898 153.51 10.813 18.9934 32.3127 4.828 2.18102 142.697 128.966 55.2708 73.6952 7.89345 13.7307 11.9843 11.3319 0.652388 27.4847 8.85382 27.027
internal_count=14281 9734 8988 2439 419 6549 6109 4132 1977 2020 1727 324 746 45 95 4547 399 102 701 621 277 344 293 80 440 400 40 4148 51 4146
is_linear=0
shrinkage=0.05


Tree=77
num_leaves=31
num_cat=0
split_feature=18 1 18 15 8 5 7 8 14 7 19 18 18 2 19 1 6 1 0 7 5 6 1 19 3 9 1 19 6 15
split_gain=24.2113 12.7539 13.1866 17.0141 12.9271 13.2052 14.5022 11.3921 10.5191 10.2594 11.0899 9.95092 12.0122 9.18199 23.1717 8.63894 12.9616 11.6041 8.43673 7.80201 6.50421 6.27268 5.97063 5.25768 4.0858 3.67265 2.99714 5.28857 1.93255 1.34621
threshold=74.500000000000014 1.2984732584877789 5.5000000000000009 0.016807909604519777 -0.42145132816594483 0.001970970552731184 -0.50000080733447205 -0.90822864495876787 0.053101503759398504 0.039502703443800809 0.54836818329594739 22.500000000000004 40.500000000000007 0.72065643823447367 0.53601435539554709 0.98806327284726037 0.77679518015697757 0.97613910834839468 0.90597971050851256 0.41430731178616836 0.14079860612457876 0.79628524394950484 1.0133385521255234 1.2958409878186468 0.46786100100847638 5.5000000000000009 2.1365178262240221 0.50361341986625696 0.50872468466710574 0.074350469872857941
decision_type=2 2 2 2 2 2 2 2 2 2 2 2 2 2 2 2 2 2 2 2 2 2 2 2 2 2 2 2 2 2
left_child=1 2 4 13 7 24 -7 28 20 18 -11 -10 -13 22 -15 16 -2 -18 -5 -9 21 25 -4 -22 -6 -3 -17 -28 -1 -23
right_child=15 8 3 9 5 6 -8 19 11 10 -12 12 -14 14 -16 26 17 -19 -20 -21 23 29 -24 -25 -26 -27 27 -29 -30 -31
leaf_value=0.0064730334824955396 -0.050791987164756802 0.0051393709421808818 -0.040052488083859521 -0.012417503302229502 -0.19345630469903044 -0.011060963507839449 0.027212155765103298 -0.044869067470147593 0.036467774873386857 0.017325366442862585 -0.023188571488960436 -0.14993206933542505 -0.0066500735146557315 0.16718296436426625 -0.050627360793921231 -0.050765290306782042 -0.050510106218193157 0.16278432004076426 0.022386555359854066 0.00097616343162606675 -0.059963253348497961 0.076721877311368106 -0.0044898041837507239 0.040952104680460191 -0.048944216704495482 0.030943356388928724 -0.064360735786248666 0.076072182672023397 0.046199460533095954 0.044816235397453261
leaf_weight=5.5279000699520093 3.2883697133511296 20.582890251185745 57.859452769625932 24.504509011283517 0.55252840369939704 31.866485368460417 110.83884841948748 23.302543793804944 3.4764735316857678 23.151744779199362 62.463552080094814 2.624620733782649 3.3044563480652869 2.0384266590699545 3.0452742213383317 33.025534994900227 0.94132058089599047 1.9767534593120215 60.160817771684378 15.422038162127135 3.8322811089456073 6.4335236549377424 14.826861738692967 1.9461247334256766 4.2614844385534525 41.77925824187696 1.3735202294774347 1.3096405724063513 6.8608892597258091 6.8011752292513847
leaf_count=24 365 207 4097 155 3 123 504 195 14 415 684 23 38 99 338 5084 121 21 456 72 53 17 634 11 246 236 41 6 20 35
internal_value=-0.000572457 0.0022819 -0.00119037 -0.00887798 0.00840983 0.0159181 0.0186657 -0.0132599 0.0193671 -2.83028e-05 -0.012233 -0.0306958 -0.0700766 -0.0282547 0.0367087 -0.0371729 0.0172749 0.0939792 0.0123133 -0.0266112 0.0251535 0.0290616 -0.0327983 -0.0259757 -0.0655306 0.0224266 -0.0466364 0.00418404 0.0284735 0.0603259
internal_weight=579.379 537.464 446.683 248.051 198.633 147.519 142.705 51.1134 90.7808 170.281 85.6153 9.40555 5.92908 77.77 5.0837 41.9151 6.20644 2.91807 84.6653 38.7246 81.3753 75.5968 72.6863 5.77841 4.81401 62.3621 35.7087 2.68316 12.3888 13.2347
internal_count=14337 8699 8065 6878 1187 876 627 311 634 1710 1099 75 61 5168 437 5638 507 142 611 267 559 495 4731 64 249 443 5131 47 44 52
is_linear=0
shrinkage=0.05


Tree=78
num_leaves=31
num_cat=0
split_feature=18 1 18 0 0 8 7 7 7 19 14 5 2 18 18 1 5 19 17 17 16 17 7 4 17 1 1 15 3 1
split_gain=26.1289 12.008 13.2545 11.3134 12.2402 16.114 12.095 10.9869 13.9597 11.9304 10.1234 9.62754 13.3826 9.39254 9.3179 8.19468 6.76992 6.28476 5.84227 5.56386 5.91231 3.74596 3.24945 3.06547 2.2089 2.13895 4.52289 0.263525 0.198764 0.00322489
threshold=79.500000000000014 1.2984732584877789 19.500000000000004 1.000230123974984 0.68023744764755634 0.80955190081919659 2.9252214604175215 0.10109997042244655 0.38657769396661867 0.54304938485114596 0.084294587400177465 0.11170573639713863 0.52836153828790844 22.500000000000004 40.500000000000007 0.4514169420800534 0.14079860612457876 0.71964311972930595 0.39339826839826847 0.80099009900990115 0.052015692640692647 0.99528301886792458 0.4689944944094398 0.5081080517737695 0.4777667984189724 0.97779387389503458 0.97613910834839468 0.14160401002506268 0.33050075855130473 1.646071292340461
decision_type=2 2 2 2 2 2 2 2 2 2 2 2 2 2 2 2 2 2 2 2 2 2 2 2 2 2 2 2 2 2
left_child=1 2 3 4 5 -1 -6 11 21 -10 16 12 -4 -12 -15 -5 19 -13 -18 20 -3 -9 -21 -17 -16 26 -2 -20 29 -27
right_child=25 10 7 15 6 -7 -8 8 9 -11 13 17 -14 14 24 23 18 -19 27 22 -22 -23 -24 -25 -26 28 -28 -29 -30 -31
leaf_value=-0.024745395623507298 -0.050436593122642349 0.052002972785290952 0.036955768139584531 0.10538012101916737 0.014827268269625264 0.044172652133904956 -0.033357123555027346 -0.05112846957251236 0.023058650966700983 -0.030354616860886925 0.036017724845690338 -0.054895677914599351 -0.017723789501826095 -0.12901862064513303 0.036398832493692995 -0.06131122338452364 0.03317483607017354 0.025149161271950479 -0.056072657687568174 -0.058873469697052518 0.021478449774753008 0.018553206204055938 0.041583120172388244 -0.018021501594327104 -0.044914189785235606 -0.050342632119345004 0.07487832931337593 -0.085126166400341235 -0.084215426643077698 -0.052735351898929708
leaf_weight=50.590981300920248 2.115785704925659 23.392460762523115 25.886126505676657 0.99005334265530365 220.81460229214281 10.189965363591908 13.839952806942163 36.995217277202755 19.219411181285977 22.92361122649163 3.5641158781945688 9.9489553000312281 19.710374076850712 3.0228821625933051 1.5254111867398026 9.5000285482965428 2.1865267772227517 3.2543813795782617 1.3503660387359562 2.7870532437227662 49.288024969864637 2.0347882956266394 1.1319366474635897 7.1804503463208667 1.845898483879864 24.199278618209071 1.091470677405596 1.8494029641151426 0.44422020018100639 1.4952351339161385
leaf_count=403 317 102 277 4 1386 31 233 3020 1149 602 15 878 584 26 11 189 9 41 49 110 298 155 26 148 30 4198 13 8 2 83
internal_value=-0.000367992 0.00210659 -0.00123669 0.00448127 0.00680568 -0.0131912 0.0119853 -0.0140272 -0.0259498 -0.00599539 0.0185815 0.0024318 0.013319 -0.0290231 -0.0652767 -0.0343809 0.0243637 -0.0351661 -0.0298189 0.0281737 0.0313029 -0.0474957 -0.0298582 -0.0426763 -0.00812261 -0.0463267 -0.00779031 -0.072865 -0.0510552 -0.0504819
internal_weight=574.369 545.023 453.079 313.106 295.436 60.7809 234.655 139.973 81.173 42.143 91.9441 58.7998 45.5965 9.95831 6.39419 17.6705 81.9858 13.2033 5.3863 76.5995 72.6805 39.03 3.91899 16.6805 3.37131 29.346 3.20726 3.19977 26.1387 25.6945
internal_count=14397 9784 9100 2394 2053 434 1619 6706 4926 1751 684 1780 861 82 67 341 602 919 66 536 400 3175 136 337 41 4613 330 57 4283 4281
is_linear=0
shrinkage=0.05


Tree=79
num_leaves=31
num_cat=0
split_feature=3 15 18 1 3 18 13 14 5 0 5 7 6 7 7 0 18 15 11 6 14 18 19 17 1 18 15 7 0 18
split_gain=17.8875 13.5029 21.7734 13.9698 11.1192 13.6989 10.3101 9.43106 9.30025 8.87064 8.30447 7.75107 10.9155 10.3595 7.71326 7.17292 7.03586 6.99259 5.86626 5.80313 3.65669 0.274494 0.0733455 0.00712887 0.00361797 0.00178678 0.00048498 0.000197454 9.19391e-05 7.18238e-05
threshold=0.11764829922345731 0.01526806526806527 5.5000000000000009 0.62848428248156607 0.11819451774647034 47.500000000000007 0.013793759512937596 0.48112535612535617 0.0031411040062997862 0.70000566694608735 6.3685809864717386e-05 -0.45132870619760879 0.1787298183248501 -0.10142478842371776 0.43603658890415475 2.2584466459382786 55.500000000000007 0.14160401002506268 0.16767967550152535 0.22068701447330577 0.68990384615384626 45.500000000000007 0.50294183343298704 0.3712316968130922 1.5544403090052237 6.5000000000000009 0.061697065820777171 -0.063511575829301795 0.79623927340848721 10.500000000000002
decision_type=2 2 2 2 2 2 2 2 2 2 2 2 2 2 2 2 2 2 2 2 2 2 2 2 2 2 2 2 2 2
left_child=25 2 3 18 5 -4 7 11 22 16 -7 12 -3 -13 -10 -11 -6 20 19 -2 -9 -8 -5 -23 -25 -1 28 -28 -27 -30
right_child=1 6 4 8 9 10 21 17 14 15 -12 13 -14 -15 -16 -17 -18 -19 -20 -21 -22 23 -24 24 -26 26 27 -29 29 -31
leaf_value=-0.053325375774960951 -0.062465177294713847 -0.089021365579456613 0.3730276745840917 -0.050931322280776292 -0.00024098812349547373 0.17166379963182499 -0.085257067611706247 -0.17174373250023012 0.010262551990698615 -0.035172739548631295 -0.051290847398586359 0.028245288013423311 -0.00040116476909432216 0.0070699899646865906 0.042981614016760143 0.030735587428215496 0.11648546858853884 0.0033310031453400962 -0.074520714018016521 -0.0033538092775946514 -0.059248973912964312 -0.063150013636285224 -0.069407439692173417 -0.051463902805309991 -0.057474464223742007 -0.051692557095909752 -0.052222893775230629 -0.050878485751409269 -0.051196452537082972 -0.050318915541576907
leaf_weight=0.54701560176909225 4.5816812245175234 3.7753201732411972 0.35322065977379624 3.4202480791136614 9.5632315748371166 0.66767876083031286 2.3026858819648619 1.2594839930534354 43.180277371779084 84.843660892918706 1.1153404116630552 89.472729360219091 43.637902567628771 162.95323736220598 30.904300790280104 4.3392817918211213 1.4924487764947105 2.7735239863395691 3.6606516912579528 44.275935134850442 1.6939305919222534 0.32892018556594838 0.63722009584307659 0.4692763485945759 0.53670632466673851 0.1253765784204014 0.45406154077500105 0.68533564545214065 0.23694490641355592 14.645669676829128
leaf_count=12 51 24 20 222 193 34 26 11 188 7735 81 541 255 1624 128 31 8 14 21 247 44 2 30 46 7 8 17 59 11 2587
internal_value=0.000462094 0.00203157 -0.00705709 0.00647135 -0.0243233 0.0885531 0.00888135 0.00987753 0.0198745 -0.0267289 0.0321979 0.0110915 -0.00745763 0.0145756 0.0239113 -0.0319659 0.0155164 -0.053682 -0.0134712 -0.00889705 -0.107222 -0.0747993 -0.053833 -0.0567599 -0.0546706 -0.050515 -0.0504197 -0.0514142 -0.0503442 -0.0503329
internal_weight=558.933 542.239 233.035 130.66 102.375 2.13624 309.204 305.566 78.142 100.239 1.78302 299.839 47.4132 252.426 74.0846 89.1829 11.0557 5.72694 52.5183 48.8576 2.95341 3.63759 4.05747 1.3349 1.00598 16.6944 16.1474 1.1394 15.008 14.8826
internal_count=14277 11583 8989 887 8102 135 2594 2513 568 7967 115 2444 279 2165 316 7766 201 69 319 298 55 81 252 55 53 2694 2682 76 2606 2598
is_linear=0
shrinkage=0.05


Tree=80
num_leaves=31
num_cat=0
split_feature=3 9 18 16 17 1 7 18 16 5 8 2 15 16 3 7 8 1 8 4 1 15 7 3 3 7 7 5 11 1
split_gain=23.849 12.5779 25.7364 13.0032 15.6371 9.94211 15.4144 12.8686 11.3342 9.7419 9.3424 9.31299 9.25788 8.04984 8.64844 7.32164 23.2797 11.5899 6.51869 6.0813 7.32527 6.05492 5.60737 5.58075 3.26666 3.17399 13.4477 2.99342 2.15817 0.425448
threshold=0.15944142435111255 3.5000000000000004 5.5000000000000009 0.33568075117370894 0.55028089887640463 0.90794812561527838 0.33002585573031024 25.500000000000004 0.33568075117370894 0.001970970552731184 -0.82990640942565086 0.24290769863751982 0.17694497153700192 0.26352339181286555 0.32431244694329558 0.35140682710434845 0.39721576983734047 0.41154796575205704 0.35143198709261186 0.28116839539770994 0.8014020076483378 0.21913109756097562 0.13712089704981215 0.49188335001969546 0.46786100100847638 1.2235898084201551 1.2414405030374527 0.043221654455646193 0.16767967550152535 0.68035174521027708
decision_type=2 2 2 2 2 2 2 2 2 2 2 2 2 2 2 2 2 2 2 2 2 2 2 2 2 2 2 2 2 2
left_child=21 2 9 4 22 6 13 10 11 24 -7 -9 -5 27 -15 16 -11 -17 -6 20 -8 25 -4 -12 -2 -1 -27 -3 -21 -26
right_child=1 5 3 12 18 7 19 8 -10 15 23 -13 -14 14 -16 17 -18 -19 -20 28 -22 -23 -24 -25 29 26 -28 -29 -30 -31
leaf_value=-0.050936376726623933 -0.17529356969894991 -0.04863512366545112 0.026796397633786492 -0.058811279427495068 -0.038254860746067647 -0.042232718582790929 -0.12381327651069721 -0.11589446593432691 -0.068040943582581767 -0.018509375442076457 0.039373067956495339 0.0102762366931785 -0.24076940226493937 0.018201297498337238 -0.084882895162160077 -0.018217002058186226 0.030600622107101863 0.033849010393201456 -0.010761950496944547 0.007829747080037459 0.029114902772854157 0.016896169755275071 -0.012876823773361494 -0.0097919751140433352 -0.0027967637592521914 0.23913585107083885 -0.051024674532537007 -0.10875068831306117 0.052617762762411757 -0.05404544477831999
leaf_weight=30.425353909377009 0.57922632247209449 3.8558912007138151 23.128949266858399 11.119576941709962 52.353932358091697 4.097885198891162 1.4106678534299129 1.486952188424765 5.1510457294061771 57.456430476158857 69.34131058678031 89.135818202514201 0.74594559520483095 6.5884880297817272 2.9437697138637304 13.338592376559971 41.604783907532692 53.794026872143149 36.65647401008755 3.9147947328165165 1.7600151957012711 4.2507184296846381 14.483851728029547 6.2959868870675555 0.46052996255457435 0.50148683227598612 1.9598311115987597 4.4729476450011134 8.5947749689221364 3.3566358117386699
leaf_count=4078 3 24 112 354 4906 24 29 12 68 331 367 863 5 108 26 63 174 242 1781 28 21 18 129 24 18 6 188 31 35 230
internal_value=-0.000554881 0.00221934 -0.00418753 -0.0202008 -0.0155108 0.0116918 -0.0132509 0.0164586 0.00410518 0.00881235 0.0312969 0.00820601 -0.0702504 -0.0450098 -0.0136334 0.0107557 0.00211636 0.023504 -0.0269327 0.0229252 -0.0389243 -0.03926 0.0115191 0.0352806 -0.0646515 -0.0465183 0.00809474 -0.0809198 0.0386016 -0.0478624
internal_weight=555.267 518.129 309.079 138.489 126.623 209.05 33.5413 175.509 95.7738 170.59 79.7352 90.6228 11.8655 17.8611 9.53226 166.194 99.0612 67.1326 89.0104 15.6803 3.17068 37.1374 37.6128 75.6373 4.39639 32.8867 2.46132 8.32884 12.5096 3.81717
internal_count=14298 10008 8348 7287 6928 1660 302 1358 943 1061 415 875 359 189 134 810 505 305 6687 113 50 4290 241 391 251 4272 194 55 63 248
is_linear=0
shrinkage=0.05


Tree=81
num_leaves=28
num_cat=0
split_feature=3 13 7 7 8 7 3 8 8 3 3 11 7 6 11 0 2 13 15 10 18 15 16 0 18 5 6
split_gain=16.494 10.5353 10.7995 24.6091 20.1421 12.5997 11.8284 12.403 11.8104 14.2498 8.9022 8.89643 8.23177 8.28544 6.13146 5.34346 0.637876 0.258567 0.0484514 0.00747357 0.00134278 0.00049007 0.000129348 0.000111971 5.29839e-05 2.84136e-05 2.28634e-05
threshold=0.11764829922345731 0.011561079925153704 -0.10142478842371776 0.33833599945543041 0.20427727673448706 0.99709048094221953 0.49366807625963799 1.3506663390590101 -0.35747395171466556 0.29747340881746581 0.66804284987106832 0.083635801907825977 -0.45132870619760879 0.16681424535886208 0.26217372282442036 1.249750696538235 0.051724022510004984 0.11834733893557424 0.17694497153700192 3.5000000000000004 6.5000000000000009 0.061697065820777171 0.085236118318630011 0.71447416532301278 10.500000000000002 0.013435714385088754 0.89888571970390563
decision_type=2 2 2 2 2 2 2 2 2 2 2 2 2 2 2 2 2 2 2 2 2 2 2 2 2 2 2
left_child=20 2 6 8 10 -6 12 11 14 -10 -5 -8 13 -2 -4 -14 -3 -18 19 -19 -1 23 25 -22 -25 -23 -26
right_child=1 16 3 4 5 -7 7 -9 9 -11 -12 -13 15 -15 -16 -17 17 18 -20 -21 21 22 -24 24 26 -27 -28
leaf_value=-0.053084494321686541 -0.088679656770427148 -0.12108329067372277 -0.034640757590879895 0.027699649483907348 0.0080082682092119575 -0.030093258021258576 -0.044833341851585932 0.06120768435320928 -0.022480138410802739 0.015978024759260093 -0.06389942212656595 0.0093771870352207017 0.027973883338366198 0.0067050138461542778 -0.094176191235453635 -0.042971853593278986 -0.08482789825297915 -0.051758290921162131 -0.069599637188162769 -0.058066508147526924 -0.051911127117146953 -0.050482902887427086 -0.051996902049425045 -0.051080545338606675 -0.050282474110204534 -0.051184587170679245 -0.050923434011578741
leaf_weight=0.47956561297178169 2.3689111741259685 0.60185033082961936 31.202116383938119 93.912124822847545 52.224772518500686 37.11977690178901 20.384135676315054 4.8261928046122184 74.014863011892885 35.705962150590494 2.7295961733907452 12.037275513634084 101.80631774291396 58.46314489422366 5.0205181222409001 2.72509607579559 1.2433038954623041 1.4479288910515613 0.62768272124230851 0.69483609544113267 0.1089327135123267 0.23449309589341172 0.50465592043474317 0.21491183154285209 13.260239375289526 0.37497865781188011 0.14060448436066586
leaf_count=11 23 3 390 769 1287 1861 419 18 4955 341 19 73 802 372 41 58 28 152 5 13 4 30 25 11 2584 21 17
internal_value=0.000680978 0.00213457 0.00278404 -0.00276849 0.00929148 -0.00782169 0.0118805 -0.0135744 -0.0181374 -0.00996487 0.0251125 -0.0247063 0.0176142 0.00299056 -0.0428925 0.0261244 -0.0730818 -0.0658841 -0.0573826 -0.0538039 -0.0504805 -0.0503963 -0.0514048 -0.0503145 -0.0503017 -0.0509146 -0.0502892
internal_weight=554.475 539.156 534.541 331.93 185.986 89.3445 202.611 37.2476 145.943 109.721 96.6417 32.4214 165.363 60.8321 36.2226 104.531 4.6156 4.01375 2.77045 2.14276 15.3184 14.8388 1.11413 13.7247 13.6158 0.609472 13.4008
internal_count=14332 11629 11428 9663 3936 3148 1765 510 5727 5296 788 492 1255 395 431 860 201 198 170 165 2703 2692 76 2616 2612 51 2601
is_linear=0
shrinkage=0.05


Tree=82
num_leaves=31
num_cat=0
split_feature=3 9 18 16 8 8 8 3 16 4 7 8 8 7 8 7 14 1 2 2 7 16 3 6 7 19 18 18 9 2
split_gain=15.7696 10.7718 15.2197 12.9308 13.1368 18.4029 11.5448 9.7793 9.51138 9.67057 11.2756 9.35276 12.6082 8.02904 7.5349 8.03692 6.52492 5.75356 5.73053 5.42397 3.61015 1.23807 4.04708 0.44381 0.212154 0.00415609 0.00114835 0.000113441 9.58855e-05 0.000187179
threshold=0.11764829922345731 3.5000000000000004 5.5000000000000009 0.33568075117370894 0.35143198709261186 1.1463577281898287 -0.17787770903501834 0.46786100100847638 0.58017135862913116 0.18582701838873572 -0.0074127739227317913 -0.42145132816594483 -0.52882466070691836 0.41430731178616836 9.529960790803079 -0.50000080733447205 0.34476190476190482 0.91100340697527993 0.30133350989430024 0.37592005885504437 -0.018254085430791267 0.46291208791208799 0.31048362083684394 0.87270556555853962 -0.10142478842371776 0.38198310920148659 6.5000000000000009 10.500000000000002 4.5000000000000009 0.39303790821748624
decision_type=2 2 2 2 2 2 2 2 2 2 2 2 2 2 2 2 2 2 2 2 2 2 2 2 2 2 2 2 2 2
left_child=26 2 11 4 6 -6 -4 8 9 10 -3 12 13 -2 15 -13 -11 -9 -19 -10 -14 22 -5 -23 -21 -16 -1 -28 -29 -30
right_child=1 7 3 21 5 -7 -8 17 19 16 -12 14 20 -15 25 -17 -18 18 -20 24 -22 23 -24 -25 -26 -27 27 28 29 -31
leaf_value=-0.053022744933589883 -0.024609084305505052 0.023119567837582296 -0.0004579556456661911 -0.054682176191519487 0.025415517014766149 -0.029889705611681323 -0.041389932379573308 -0.089089128688234098 0.010543957734309519 0.026285672306780635 -0.019750192467476262 -0.0079645417194409013 -0.13525363614565208 0.028029361315833501 -0.055839266730183849 0.021884269023477527 -0.035654521685139183 -0.042649253782427232 0.031898575169064226 -0.07141284643411519 -0.049577681103262272 -0.059725203861009435 -0.17252675892114189 -0.013997702553618544 -0.053026200108821787 -0.051233928571036619 -0.051424411481168032 -0.050298126343002493 -0.052366389331997665 -0.050533474521462667
leaf_weight=0.42163227312266727 14.06159375421703 28.561802299693227 28.035755806602538 2.2508872523903833 41.400077433791012 23.625156653113663 44.681562431622297 3.1473885085433713 4.382863895967601 124.48019531089813 33.129412166308612 29.117442097514868 1.4155415706336487 14.942435797303913 0.5629189545288672 100.00741594284773 4.4021344929933539 6.3020158484578115 4.3623519986867905 3.0419831918552518 9.358081669546662 7.0896491995081306 1.0772251361049709 0.57354432437568892 3.2397140269167721 3.7763880472630262 0.25273062475025554 11.638470039004458 0.14937782473862116 2.0620300732553005
leaf_count=10 68 227 604 111 1281 1344 5002 27 21 834 541 113 9 54 14 455 26 33 27 26 137 246 12 19 168 249 12 2351 7 326
internal_value=0.000957503 0.0023479 -0.00343939 -0.0151717 -0.0110071 0.00532186 -0.0256088 0.0110127 0.013806 0.0163775 9.76518e-05 0.00663318 -0.014647 0.00250944 0.0129755 0.0151534 0.02417 -0.0296864 -0.0121548 -0.0321451 -0.0608346 -0.0673617 -0.0928255 -0.0563028 -0.0619301 -0.0518314 -0.0504515 -0.0503746 -0.0503555 -0.0506573
internal_weight=551.55 537.026 321.976 148.734 137.743 65.0252 72.7173 215.05 201.238 190.574 61.6912 173.242 39.7777 29.004 133.464 129.125 128.882 13.8118 10.6644 10.6646 10.7736 10.9913 3.32811 7.66319 6.2817 4.33931 14.5242 14.1026 13.8499 2.21141
internal_count=14354 11648 9718 8619 8231 2625 5606 1930 1843 1628 768 1099 268 122 831 568 860 87 60 215 146 388 123 265 194 263 2706 2696 2684 333
is_linear=0
shrinkage=0.05


Tree=83
num_leaves=29
num_cat=0
split_feature=3 0 6 0 0 13 2 7 1 2 5 5 7 11 15 15 19 19 1 3 18 15 19 1 6 0 6 18
split_gain=14.7544 11.5969 15.4132 11.5034 9.55224 9.44852 8.27063 11.0207 9.36145 5.98527 3.61077 1.47865 1.60834 1.03929 1.03438 1.40073 0.918854 0.309695 0.0177126 0.0101808 0.000976007 0.00029061 0.000112111 4.02524e-05 3.02057e-05 1.79709e-05 5.79495e-06 4.73253e-06
threshold=0.11764829922345731 1.000230123974984 0.75882775855786877 0.65265092346082143 2.2584466459382786 0.012121657361151927 0.52122394088047008 2.9252214604175215 1.7184139415223687 0.0069852315619441082 0.067700074389089968 0.10476924618419146 1.1528959389604383 0.035567962815757262 0.27346041055718479 0.16515151515151519 0.44664286594731917 0.86370314655063052 1.646071292340461 0.54894981886123084 10.500000000000002 0.061697065820777171 0.5201636877293182 1.3228834719513789 0.89093726813191132 0.79623927340848721 0.096632254244101184 49.500000000000007
decision_type=2 2 2 2 2 2 2 2 2 2 2 2 2 2 2 2 2 2 2 2 2 2 2 2 2 2 2 2
left_child=20 3 9 10 18 6 7 -5 -8 -3 13 -12 -13 -2 15 -11 -7 -18 19 -4 -1 24 -23 27 25 -22 -27 -24
right_child=1 2 4 5 -6 16 8 -9 -10 14 11 12 -14 -15 -16 -17 17 -19 -20 -21 21 22 23 -25 -26 26 -28 -29
leaf_value=-0.052270489429065384 0.014478483786552957 0.023432913173133632 -0.050694183678454074 0.011321733637064785 0.075441451086856584 -0.16561572203735034 -0.012091418661933737 -0.032733932364398963 0.033224698914606256 -0.054811077798692959 -0.086491110270294547 -0.05797915347437077 -0.0014965798304032952 -0.026923143346931772 -0.095367729927008413 -0.010011589095807426 -0.055659058133578347 -0.087139884096501308 -0.067914704091825193 -0.059483150739642734 -0.050922929770887852 -0.052134260418116009 -0.050712070023570005 -0.051305010913454366 -0.050817568209147436 -0.050485869249443954 -0.050249127722995883 -0.050355728632988976
leaf_weight=0.68687662854790588 2.8245934434235087 2.8478998541831997 1.2984392214566458 356.20851672254503 5.0314054489135742 0.2702005729079241 90.757964618504047 14.784582212101666 13.033274123910813 19.265870245406411 2.934046342968939 5.0883320495486259 1.6753110894933341 3.2713468251749873 1.3840933740138996 1.9185616821050633 1.7691962257958951 1.3990042810328303 0.22223307052627195 0.4415396824479102 0.10141403833403551 0.23708226066082794 0.17674345662817359 0.29559321142733097 0.2481807176955052 0.26445410377346057 11.458140931092201 0.19706267630681396
leaf_count=23 13 11 170 3888 9 2 5797 339 112 936 26 77 14 27 6 8 168 18 3 4 9 11 15 14 33 41 2484 31
internal_value=0.000858575 0.00219008 -0.0267836 0.0040909 0.0389492 0.00547746 0.00607555 0.00956606 -0.00640098 -0.0448708 -0.0378933 -0.0568479 -0.0439888 -0.00773943 -0.0534899 -0.0507538 -0.0771086 -0.0695603 -0.0546222 -0.0529245 -0.0504337 -0.0503365 -0.0511999 -0.050869 -0.0502717 -0.0502602 -0.0502545 -0.0505242
internal_weight=540.092 526.426 32.41 494.016 6.99362 478.223 474.784 370.993 103.791 25.4164 15.7936 9.69769 6.76364 6.09594 22.5685 21.1844 3.4384 3.1682 1.96221 1.73998 13.6655 12.9787 0.906482 0.669399 12.0722 11.824 11.7226 0.373806
internal_count=14289 11628 1147 10481 186 10324 10136 4227 5909 961 157 117 91 40 950 944 188 186 177 174 2661 2638 71 60 2567 2534 2525 46
is_linear=0
shrinkage=0.05


Tree=84
num_leaves=31
num_cat=0
split_feature=15 3 0 0 0 8 2 4 15 5 19 19 6 6 9 8 2 7 17 5 7 7 6 4 18 15 15 0 6 7
split_gain=15.8218 10.9057 10.3218 14.5454 17.1076 10.9562 8.93131 8.80373 8.16369 7.55118 6.63255 4.54813 4.72737 4.24229 3.71316 5.55916 4.57477 2.43321 1.92312 5.6393 1.78911 1.72167 1.39637 0.72228 0.000852676 0.000307078 8.1685e-05 7.14754e-05 2.58642e-05 2.13057e-05
threshold=0.19803921568627456 0.11764829922345731 0.65265092346082143 0.69999925015597209 0.99301392515452203 0.15817007244905235 0.051724022510004984 0.18619599718685839 0.76388888888888895 0.13741766237745101 1.2354717755000899 3.990584418574215 0.36492905472264153 0.63930454644049639 6.5000000000000009 0.57517209639616285 0.066616475971695663 -0.52397714857510425 0.49666666666666676 0.096828152507849666 0.090098166016035444 0.043151684813194195 0.76464394630238652 0.4758203365769586 6.5000000000000009 0.061697065820777171 0.09938271604938273 0.71447416532301278 0.89093726813191132 -1.0000000180025095e-35
decision_type=2 2 2 2 2 2 2 2 2 2 2 2 2 2 2 2 2 2 2 2 2 2 2 2 2 2 2 2 2 2
left_child=1 24 17 7 6 -6 -5 20 11 -9 -10 13 -13 14 16 -16 -2 -3 21 -20 -4 -15 23 -19 -1 27 29 -26 -29 -27
right_child=8 2 3 4 5 -7 -8 9 10 -11 -12 12 -14 18 15 -17 -18 22 19 -21 -22 -23 -24 -25 25 26 -28 28 -30 -31
leaf_value=-0.052644213739745885 0.023941485598623406 0.00077876639808272202 -0.011732401574566382 -0.08917104658511571 0.0079362798290199526 -0.012067358142504038 -0.026899919888135965 0.036335838251611047 -0.065077898229224093 -0.0044263949836522275 0.013649216755229425 0.017619072255234725 -0.049130748852237338 0.05522824002458037 0.038166131341487053 -0.03238377317471907 -0.003819262547994712 -0.063892838382188372 0.041993566391555465 -0.029418295168920302 -0.076421154703095795 0.028209438631773744 -0.021557333960883888 -0.10173501645277612 -0.051641304018635086 -0.051274388281146402 -0.051890922953589096 -0.050249428346908091 -0.050776717338731639 -0.050667799601826907
leaf_weight=0.41482002101838489 24.613955106586218 1.8036339711397875 1.8710332866758097 7.5871289009228375 125.15067348815501 151.09135470306501 23.886190097313374 40.906982561573386 5.7079748325049859 15.730644737835972 5.035322904586792 5.5499171633273345 5.0808666944503784 12.598986253142359 23.090822499245409 3.1763658858835688 37.374666413292289 5.6840210147201997 8.3421726226806623 4.1347958147525778 2.4930522968061268 11.082218945026396 1.6657878831028936 1.6204050201922653 0.094436873681838729 0.22834465140476823 0.30262559279799461 11.403496630722655 0.23740488616749722 0.3954648273065694
leaf_count=11 111 16 11 43 2294 7271 688 160 28 146 19 21 29 74 131 21 199 73 48 19 117 65 16 25 4 13 17 2560 33 45
internal_value=-0.000295508 -0.00551907 -0.00397209 -0.00256252 -0.00698415 -0.00300477 -0.0419113 0.0197418 0.0137701 0.0250145 -0.0281789 0.0171073 -0.0142833 0.0197896 0.0138798 0.0296349 0.00720376 -0.0522121 0.0342142 0.0183281 -0.0486869 0.0425841 -0.062867 -0.0722877 -0.0504136 -0.0503405 -0.0512169 -0.0502713 -0.0502602 -0.0508898
internal_weight=538.356 392.568 379.491 368.717 307.715 276.242 31.4733 61.0017 145.788 56.6376 10.7433 135.045 10.6308 124.414 88.2558 26.2672 61.9886 10.7738 36.1582 12.477 4.36409 23.6812 8.97021 7.30443 13.0766 12.6618 0.926435 11.7353 11.6409 0.623809
internal_count=14308 13543 10860 10730 10296 9565 731 434 765 306 47 718 50 668 462 152 310 130 206 67 128 139 114 98 2683 2672 75 2597 2593 58
is_linear=0
shrinkage=0.05


Tree=85
num_leaves=31
num_cat=0
split_feature=2 5 7 7 16 8 7 3 0 7 6 3 1 7 18 5 1 17 5 6 6 7 16 19 15 6 1 3 4 6
split_gain=12.8546 11.4313 10.8811 11.7596 8.85928 7.9211 11.0016 12.6278 9.62991 9.89311 7.79627 8.66132 7.9452 11.2389 8.99722 8.64991 7.26178 7.25741 6.38904 10.28 7.05558 12.5479 6.09684 5.77394 5.61818 5.57032 5.5684 6.01774 5.28588 8.12813
threshold=0.52122394088047008 0.086743710087794898 -0.080836397454676648 0.36014459268377269 0.089647914274779958 0.69281116730516612 0.21170884510251567 0.31771853079203694 0.99600798452680117 0.43603658890415475 0.22895847667347305 0.49366807625963799 1.0000347988922949 -0.50000080733447205 3.5000000000000004 0.0028819305890080645 0.89653916926452715 0.23861283643892342 0.041717831160174038 0.71374021395288345 0.66137480195205489 0.60165447011543394 0.024845679012345682 0.45794822036319988 0.050316455696202543 0.54669642207598457 0.8014020076483378 0.37380032757528475 0.18619599718685839 0.7264517437327993
decision_type=2 2 2 2 2 2 2 2 2 2 2 2 2 2 2 2 2 2 2 2 2 2 2 2 2 2 2 2 2 2
left_child=1 10 -2 -4 17 8 -7 -8 9 -6 11 -1 13 14 -12 -15 -10 26 20 25 24 -22 -14 -24 -5 -20 27 -3 29 -19
right_child=2 4 3 18 5 6 7 -9 16 -11 12 -13 22 15 -16 -17 -18 28 19 -21 21 -23 23 -25 -26 -27 -28 -29 -30 -31
leaf_value=-0.0035795897059798607 0.0083943187352048514 0.020571899787060619 -0.041092610770864825 -0.034282205408987826 -0.033779133082217791 0.056345074893458358 -0.041615111254822409 0.047336430246688641 0.049188729678694733 0.023819570368651607 -0.0039534671276737774 -0.10301839925197408 0.051589812649467305 -0.045398406792277274 -0.083738982513476654 0.018813654919917922 0.0018841513851674489 -0.063530356593825457 -0.083017875132968974 -0.19827886937872793 0.10763095926003435 -0.0037174052173145119 -0.07364287425391064 0.022732918790958224 0.018594038941917714 0.046093979994630795 -0.099725231076798537 -0.059059284427452612 -0.0045457045147226363 0.037997537943406469
leaf_weight=24.607645856216553 35.599614602513611 3.7950870022177678 47.072296018945053 12.136450527235871 31.576453308109194 15.603924912633376 9.0701215434819478 7.123399704694747 10.734683942748232 9.7590405405499023 10.140467356890438 2.4037508871406308 21.184488279279321 5.621511102654039 5.4231705768033853 78.237516428809613 33.217797409044579 8.9487841448280943 1.6413774238899344 1.0254288068972526 4.008643218316136 6.8598565398715436 1.6037908224388946 50.149464579764754 8.5716084130108339 1.7012424361892042 3.8696963908150783 6.3292367830872536 69.715516236610711 2.5282912636175743
leaf_count=311 658 21 5706 1447 331 82 457 29 89 53 37 17 122 297 33 533 428 415 76 24 68 565 19 385 80 24 33 31 1842 75
internal_value=-0.000228866 0.00395009 -0.0147314 -0.0246482 -0.0041249 0.00508509 0.0263841 -0.00248604 -0.00285569 -0.0201805 0.0125476 -0.0124287 0.0164617 0.00726701 -0.0317548 0.0145092 0.0134375 -0.0154538 -0.00311306 -0.0597904 0.00472723 0.0373514 0.0289951 0.0197463 -0.0123953 -0.0173058 -0.048709 -0.0292097 -0.00972203 -0.0411647
internal_weight=530.26 411.644 118.617 83.0169 212.272 117.085 31.7974 16.1935 85.288 41.3355 199.372 27.0114 172.36 99.4227 15.5636 83.859 43.9525 95.1866 35.9446 4.36805 31.5766 10.8685 72.9377 51.7533 20.7081 3.34262 13.994 10.1243 81.1926 11.4771
internal_count=14288 5640 8648 7990 3886 1469 568 486 901 384 1754 328 1426 900 70 830 517 2417 2284 124 2160 633 526 404 1527 100 85 52 2332 490
is_linear=0
shrinkage=0.05


Tree=86
num_leaves=29
num_cat=0
split_feature=15 3 0 0 0 8 4 15 6 4 5 11 18 18 5 11 2 7 7 8 6 4 18 15 16 0 6 8
split_gain=12.9263 10.6986 9.5941 9.35125 18.0454 10.1453 8.51383 6.42012 6.42217 6.3795 6.2613 3.41132 6.04953 6.23938 3.29527 3.1369 3.0361 2.86622 2.33269 1.47676 1.24026 0.666774 0.000726692 0.000263405 8.06694e-05 4.57835e-05 1.8906e-05 1.32414e-05
threshold=0.19803921568627456 0.11764829922345731 0.65265092346082143 0.69999925015597209 0.99301392515452203 0.20427727673448706 0.18619599718685839 0.81666666666666676 0.14904828900930969 0.56032494937672339 0.13741766237745101 0.14465586372026906 12.500000000000002 4.5000000000000009 0.028374167049632356 3.50856679133663e-06 0.48172328051398788 1.371796523185111 0.090098166016035444 0.13269886463086336 0.62610114704478881 0.4758203365769586 6.5000000000000009 0.061697065820777171 0.085236118318630011 0.79623927340848721 0.89093726813191132 -0.046135515074884149
decision_type=2 2 2 2 2 2 2 2 2 2 2 2 2 2 2 2 2 2 2 2 2 2 2 2 2 2 2 2
left_child=1 22 17 6 9 -6 18 8 -2 -5 -8 14 13 -13 19 -16 -14 20 -4 -10 21 -3 -1 25 27 -24 -27 -25
right_child=7 2 3 4 5 -7 10 -9 11 -11 -12 12 16 -15 15 -17 -18 -19 -20 -21 -22 -23 23 24 -26 26 -28 -29
leaf_value=-0.052453971288474815 -0.053262249718296878 -0.063232947013237492 -0.0069294107424368373 -0.05203493298611276 0.0089014659848550264 -0.01037750882132144 0.032919025379625273 -0.031565220716756569 0.059786016411252155 0.013567917423691393 -0.0045700667747433539 0.015648868446836644 0.036940724057198296 -0.032152977999542288 0.034417887064985345 0.0094560648849933548 0.0043451578909097562 0.0016088221048687437 -0.080693526957868189 0.030571637093823736 -0.021665387555372811 -0.10060719471974905 -0.051193617295993921 -0.051048173847483336 -0.051705912180148743 -0.050232788366953489 -0.050718231339557787 -0.050511234569365973
leaf_weight=0.41270429827272792 3.2557115852832785 5.4830335723236185 1.8355527166277159 24.897368862992156 133.55871908599511 139.52969903917983 39.002250210382044 7.4710954278707495 8.0549585521221179 4.3538315906189373 15.589487810619174 13.657453011721374 18.373480368405584 13.648153299465774 20.419023238122463 32.809165809303522 11.688805676996706 2.1938076820224515 2.5757962204515934 9.3432241529226285 1.5290248300880191 1.5253552952781317 0.12788903876207314 0.19349864311516285 0.38088140776380897 10.581815364770589 0.20444340491667468 0.28239256399683732
leaf_count=12 13 77 12 648 2686 6918 159 33 38 59 142 68 123 77 98 170 66 18 115 58 14 22 10 12 21 2565 32 40
internal_value=0.000436414 -0.00428666 -0.00277694 -0.00139331 -0.00494663 -0.000948785 0.0168144 0.0135193 0.0160857 -0.0422704 0.0222135 0.0178496 0.00879262 -0.00824391 0.0252064 0.0190317 0.0242669 -0.0493669 -0.0500004 0.0440972 -0.0624659 -0.0713673 -0.0503917 -0.0503194 -0.0511636 -0.0502531 -0.050242 -0.0507296
internal_weight=522.979 384.258 372.074 361.343 302.34 273.088 59.0031 138.721 131.25 29.2512 54.5917 127.994 57.3679 27.3056 70.6264 53.2282 30.0623 10.7312 4.41135 17.3982 8.53741 7.00839 12.1836 11.7709 0.856773 10.9141 10.7863 0.475891
internal_count=14306 13562 10870 10739 10311 9604 428 744 711 707 301 698 334 145 364 268 189 131 127 96 113 99 2692 2680 73 2607 2597 52
is_linear=0
shrinkage=0.05


Tree=87
num_leaves=31
num_cat=0
split_feature=3 6 0 4 7 0 6 3 1 3 9 18 15 6 1 7 2 15 15 8 8 5 5 16 1 17 19 2 15 15
split_gain=12.564 10.5683 15.4992 9.45146 9.89076 10.5819 9.40445 10.383 11.0614 14.7979 7.64961 12.5745 7.95673 7.32782 9.21765 7.06573 5.71672 5.62587 4.65414 4.42859 10.3073 7.56779 14.8714 3.16013 4.10623 3.82404 2.71858 2.10307 0.752848 0.00756919
threshold=0.15730038811178773 0.65938233964265136 1.000230123974984 0.21954239988638688 0.077434959587938959 0.99301392515452203 0.89093726813191132 0.1765519871431239 1.2984732584877789 0.1834434309816049 3.5000000000000004 5.5000000000000009 0.72077922077922085 0.67201516122529015 0.98898603487512549 0.7215531905028697 0.0069852315619441082 0.21913109756097562 0.18257575757575759 0.67118981373807374 0.69281116730516612 6.3685809864717386e-05 6.2506183300142996e-05 0.023952954675846246 1.2060600251398024 0.78193473193473206 3.2830421115478208 0.5411877013031503 0.133974358974359 0.10084745762711866
decision_type=2 2 2 2 2 2 2 2 2 2 2 2 2 2 2 2 2 2 2 2 2 2 2 2 2 2 2 2 2 2
left_child=17 2 3 4 5 -2 7 13 9 -9 11 -5 -12 -3 -15 -6 -4 19 23 29 -21 22 -22 25 -25 -8 28 -10 -18 -1
right_child=1 6 16 10 15 -7 18 8 27 -11 12 -13 -14 14 -16 -17 26 -19 -20 20 21 -23 -24 24 -26 -27 -28 -29 -30 -31
leaf_value=-0.050540539999568569 -0.057150179342004781 0.26037001528979292 0.025839640218059502 0.010213779017426998 -0.042002724517216261 0.013275711037685265 0.059119663368210063 -0.04573992231185068 0.055009322245017901 0.014020108368153317 0.021721431208634796 -0.019575820768987343 -0.05637884977300426 0.11889495248103187 0.014112254268447491 0.00024274932136232488 -0.054355532474025019 0.025577688005513927 0.036619332165765475 0.19302459670229519 -0.050559891517757354 -0.050865969175748253 0.35598940575744087 -0.052001879069428214 -0.17448310540524833 -0.052211404635192527 0.0018012419385467035 0.016981647412719538 -0.084539486050728793 -0.054143977058139406
leaf_weight=18.077095778426166 6.1705964938737443 0.47634475212544103 2.683200158178809 98.382925651967525 32.289606083417311 39.333485033828765 1.2904435247182831 11.711229275446383 16.690052736550573 89.714651638409123 77.892123456578702 55.35605824040249 3.4036416187882415 3.6650219107978028 4.9115349976345897 14.272796703036873 14.897348661907023 3.8389141373336306 2.0676844939589492 0.60965737607329984 0.59108915273100127 4.5006604986265302 0.36312920576892793 4.6818936339113861 0.80143222119659174 1.9173010352533308 2.0923361880704752 4.6483339532278469 2.3984255343675605 1.5851081502623845
leaf_count=3493 102 26 9 482 2074 634 4 1220 91 931 460 1622 14 50 309 746 815 15 15 24 64 500 4 304 7 169 26 55 11 52
internal_value=0.000771766 0.00267507 -0.00200879 0.0007276 -0.0128522 0.00372558 0.014146 0.0178146 0.0140039 0.00711986 0.006047 -0.000512419 0.0184516 0.0694906 0.0588891 -0.0290532 -0.0425626 -0.0308847 -0.0308029 -0.03931 -0.00195676 -0.0237486 0.104153 -0.0468433 -0.0699035 -0.00742403 -0.0520291 0.0467254 -0.0585412 -0.050831
internal_weight=521.314 491.748 349.173 327.101 92.0665 45.5041 142.576 131.817 122.764 101.426 235.035 153.739 81.2958 9.0529 8.57656 46.5624 22.0713 29.5657 10.7588 25.7267 6.06454 5.45488 0.954218 8.69107 5.48333 3.20774 19.3881 21.3384 17.2958 19.6622
internal_count=14328 10176 6995 6134 3556 736 3181 2682 2297 2151 2578 2104 474 385 359 2820 861 4152 499 4137 592 568 68 484 311 173 852 146 826 3545
is_linear=0
shrinkage=0.05


Tree=88
num_leaves=29
num_cat=0
split_feature=3 0 18 1 2 14 5 14 6 3 3 17 8 6 0 6 17 19 1 0 19 18 18 9 2 1 12 6
split_gain=11.4644 10.3604 10.308 8.13736 8.79466 7.14439 6.45868 11.3201 10.136 6.32716 9.57335 8.34095 5.94089 5.38408 6.10473 4.29694 4.63179 2.14194 1.104 0.508634 0.00832509 0.000540265 5.24453e-05 4.30824e-05 9.1297e-05 4.66326e-05 1.68701e-05 1.44707e-05
threshold=0.11764829922345731 1.000230123974984 1.5000000000000002 1.2984732584877789 0.52122394088047008 0.069204980842911892 0.069888498268875429 0.075961538461538483 0.15733407427089038 0.1765519871431239 0.17651369057449642 0.52020408163265319 -0.10560895493855127 0.73576623743230651 2.2584466459382786 0.78946665235500335 0.52020408163265319 3.2830421115478208 1.3470872676719015 1.0029762839172063 0.35300020676557381 6.5000000000000009 10.500000000000002 4.5000000000000009 0.37444026797425517 1.4620681573581027 1.4316926148254641 0.89093726813191132
decision_type=2 2 2 2 2 2 2 2 2 2 2 2 2 2 2 2 2 2 2 2 2 2 2 2 2 2 2 2
left_child=21 3 -3 4 6 15 8 -8 -2 10 -6 -11 -7 17 20 16 -5 19 -17 -4 -15 -1 -23 26 -25 -26 27 -24
right_child=1 2 13 5 9 12 7 -9 -10 11 -12 -13 -14 14 -16 18 -18 -19 -20 -21 -22 22 23 24 25 -27 -28 -29
leaf_value=-0.05221809426857045 -0.080552760955423089 0.047607602081487288 -0.094410154310851924 0.029140142665685778 -0.0078450839244867659 0.013023023705434969 -0.0052604706305606668 0.042539604751863393 0.014724181910920668 0.0007202658989112345 0.080442272340372559 -0.039949977295732741 -0.068801853804037291 -0.057603036552851511 0.067307975714527762 0.076078032118451447 0.00074431163203576064 -0.0058805946397857359 0.041232320926649246 -0.054187339836676479 -0.050670820966834777 -0.051090698716122866 -0.050211230464912153 -0.051857049211768903 -0.050280725130263187 -0.050994435991855186 -0.050849337327940447 -0.050647565840915787
leaf_weight=0.3757096016779532 2.8573407470248631 3.9090756932273534 0.82280102046207559 36.028126426506788 17.454933768603954 4.8303315243683755 183.84871606272645 13.280796560458837 121.06181441387162 20.257315222173929 3.7259073588065794 33.380117213353515 4.1022294792346639 0.64421459287404914 2.2790841460227966 3.4253076873719674 23.879010515287519 2.4127576397731891 6.7571907667443156 17.553505050716922 1.3215721545275299 0.20015210472047229 8.455643309280271 0.11605700710788269 1.3188591450452802 0.27692406880669285 0.10817326162941832 0.19438409479335028
leaf_count=12 66 14 26 210 1794 32 2844 136 1071 233 226 3547 27 6 4 11 246 31 53 894 186 12 2274 7 308 24 15 33
internal_value=3.44101e-05 0.00113913 -0.0279038 0.0029092 -1.50573e-05 0.0175585 0.00358263 -0.00204014 0.0125273 -0.0154529 0.00768548 -0.02459 -0.0245546 -0.0396949 0.0116203 0.0229256 0.0178216 -0.0501729 0.0529541 -0.0559883 -0.0529426 -0.0503546 -0.050289 -0.0502736 -0.0505031 -0.0504046 -0.0502288 -0.050221
internal_weight=514.878 503.832 28.943 474.889 395.867 79.0222 321.049 197.13 123.919 74.8183 21.1808 53.6374 8.93256 25.0339 4.24487 70.0896 59.9071 20.7891 10.1825 18.3763 1.96579 11.0459 10.6702 10.47 1.71184 1.59578 8.7582 8.65003
internal_count=14342 11657 1161 10496 9917 579 4117 2980 1137 5800 2020 3780 59 1147 196 520 456 951 64 920 192 2685 2673 2661 339 332 2322 2307
is_linear=0
shrinkage=0.05


Tree=89
num_leaves=31
num_cat=0
split_feature=18 1 1 4 7 8 8 9 0 7 7 9 8 1 4 6 3 9 17 3 18 19 4 17 6 16 8 10 3 5
split_gain=12.6274 7.77946 7.1075 9.07055 6.67853 21.9556 17.0614 12.9261 12.4019 12.9003 11.222 7.63505 7.63134 8.44995 8.42437 6.84864 6.02546 4.73108 8.3127 4.06217 3.29346 3.1029 3.3177 1.41553 1.19253 0.872652 0.627483 0.270824 0.136074 0.0956794
threshold=79.500000000000014 1.7184139415223687 0.98806327284726037 0.17698064707544084 0.69813284642938445 0.74594613778068453 0.74594613778068453 3.5000000000000004 0.73212339746711763 0.2045012082720051 -0.063511575829301795 9.5000000000000018 0.67118981373807374 0.98898603487512549 0.17663909180878429 0.5183194382022126 0.33050075855130473 6.5000000000000009 0.60097087378640779 0.2458539975234886 22.500000000000004 0.45421879159031625 0.17709522621304383 0.61577311577311589 0.45549465895539992 0.013245614035087722 -0.25520003913103301 4.5000000000000009 0.33050075855130473 0.073912760790656604
decision_type=2 2 2 2 2 2 2 2 2 2 2 2 2 2 2 2 2 2 2 2 2 2 2 2 2 2 2 2 2 2
left_child=1 4 3 -2 6 12 7 16 19 -10 -9 15 14 -14 -6 -7 -1 18 20 -8 -3 -5 -23 -20 26 -25 -19 -26 -4 -29
right_child=2 17 28 21 5 11 8 10 9 -11 -12 -13 13 -15 -16 -17 -18 24 23 -21 -22 22 -24 25 27 -27 -28 29 -30 -31
leaf_value=-0.030996699244579998 -0.050728787165922641 0.052378838053841928 -0.050393744010942501 0.20541814336433428 -0.063968311242561374 -0.053097562404830004 0.083887230410232827 0.016217318246180716 0.022952539560637149 -0.026220190772510685 -0.013514023013540228 -0.21563123111661825 0.21179598917389555 0.039687127992247127 0.024962827800178718 -0.0034040095831740155 -0.010513418041521536 0.039832049478245535 -0.12846903235725668 0.035132264536681397 -0.0098550928218294996 0.12670870457990421 -0.050477698605870071 0.0023900299023188912 0.039986447896509784 -0.060860210028897278 0.00665518984585754 0.050927921178545277 -0.0789266816265803 0.061688949591849833
leaf_weight=64.51430124300532 1.8278961044270574 5.4928350970149058 17.071047245059166 0.5649227900430559 2.7656910470686844 11.134979086462414 5.411432531662288 67.394583329558372 33.561074303695932 22.135037975152954 59.98802266898565 0.51888015121221442 1.1162264021113508 1.9749893685802815 71.713979634689167 18.374588237144053 80.956107665318996 2.7618920356035233 0.63448894303291981 20.295109584927559 3.4681351953186095 0.72480749525129773 0.41571781737729907 0.70514782727696035 4.3303502611815921 2.4060430214740336 2.9447066746652153 5.0421400107443315 0.42833781242370506 3.4991063922643661
leaf_count=3472 319 25 4141 8 183 511 16 499 369 1032 882 4 25 45 734 666 963 18 5 98 27 4 63 19 29 63 23 33 2 14
internal_value=-9.04945e-05 0.00152772 -0.0380316 0.0266528 -0.000106741 0.0108029 -0.00342037 -0.00941377 0.0166689 0.00341006 0.002216 -0.0254983 0.0248555 0.101835 0.0216605 -0.0221551 -0.0195975 0.0256571 0.00214615 0.0453956 0.0282926 0.10959 0.0621248 -0.0604054 0.0417375 -0.0465246 0.0227122 0.0501723 -0.0510922 0.0553364
internal_weight=514.173 493.14 21.0327 3.53334 461.855 107.599 354.256 272.853 81.4027 55.6961 127.383 30.0284 77.5709 3.09122 74.4797 29.5096 145.47 31.2848 12.7067 25.7065 8.96097 1.70545 1.14053 3.74568 18.5782 3.11119 5.7066 12.8716 17.4994 8.54125
internal_count=14292 9755 4537 394 9499 2168 7331 5816 1515 1401 1381 1181 987 70 917 1177 4435 256 139 114 52 75 67 87 117 82 41 76 4143 47
is_linear=0
shrinkage=0.05


Tree=90
num_leaves=31
num_cat=0
split_feature=0 3 7 7 7 14 8 18 7 2 8 0 8 1 18 8 11 4 5 11 15 15 15 18 18 15 18 0 1 18
split_gain=11.668 10.9342 9.38589 15.2836 13.1872 11.3829 10.9977 13.3633 10.9901 12.1676 8.21437 7.35346 7.35316 7.26688 6.68265 5.64839 12.3253 4.71716 3.74285 0.606781 2.62007 0.609298 0.0307285 0.0284055 0.000428648 0.000149225 4.41579e-05 3.4235e-05 2.97009e-05 1.5164e-05
threshold=1.000230123974984 0.11764829922345731 -0.10142478842371776 0.33833599945543041 -0.50000080733447205 0.52488425925925941 -0.35747395171466556 11.500000000000002 -0.63512645822350178 0.27469057818643411 0.20427727673448706 2.2584466459382786 0.80955190081919659 1.3228834719513789 1.5000000000000002 0.23124493726976483 1.0000000180025095e-35 0.22033299963458694 0.10914967418496127 0.14939617623098336 0.16515151515151519 0.133974358974359 0.14160401002506268 6.5000000000000009 6.5000000000000009 0.061697065820777171 44.500000000000007 0.71447416532301278 1.4620681573581027 10.500000000000002
decision_type=2 2 2 2 2 2 2 2 2 2 2 2 2 2 2 2 2 2 2 2 2 2 2 2 2 2 2 2 2 2
left_child=1 24 4 6 8 10 13 -8 12 -10 -5 14 -3 -4 -2 16 -6 -17 -7 21 22 23 -21 -16 -1 27 -27 -26 -28 -29
right_child=11 2 3 5 15 18 7 -9 9 -11 -12 -13 -14 -15 19 17 -18 -19 -20 20 -22 -23 -24 -25 25 26 28 29 -30 -31
leaf_value=-0.052052443443298492 0.035841998183426337 -0.0068903957786404001 -0.0490327896136247 0.02144063402893167 -0.03009586207509098 -0.087337256251812392 0.023147919614934814 -0.018159249142632779 -0.077585780313210229 0.0059373157311202992 -0.0017715593177347611 0.018143947637270889 0.038476794399696174 0.017625282925809945 -0.056415756854105839 -0.0091076703413770724 0.022227675731030384 0.043878914078884945 -0.0068639783301816144 -0.054019985123421446 0.048362600216916095 -0.083580348323587489 -0.067667166836692036 -0.051951030372619937 -0.051287792838457927 -0.05160705529348706 -0.050425755920147454 -0.050733840609701486 -0.051235697147750142 -0.050197266788436591
leaf_weight=0.34989718720316787 2.3488721754401984 30.531765239080414 29.191802315879613 81.250034972093999 13.328555722720919 3.9961079959757617 27.143903790973127 70.25910828798078 9.8056820300407725 7.8522480081301174 71.789765220601112 6.0339380446821442 12.624818780459462 4.754620407242327 6.1282759802416029 4.8051254111342123 72.343123581726104 33.375240210443735 2.2632443942129612 2.4043608834035695 0.75201640278100956 1.9489018246531475 0.49788710474967945 8.5088124820031208 0.073691001161928393 0.19938415940851051 0.30777551885694265 0.13373213261365968 0.17902859998866916 8.5503943182993662
leaf_count=12 9 194 393 666 440 84 178 4852 58 105 2620 39 50 26 118 87 526 182 64 122 3 9 3 966 4 11 49 10 9 2502
internal_value=0.000130221 0.00196059 0.00303812 -0.00256238 0.0118528 0.00784893 -0.0151891 -0.00664792 -0.00721495 -0.0404442 0.010552 -0.0308912 0.0063811 -0.0396965 -0.0439893 0.0212156 0.0140873 0.0372104 -0.0582399 -0.0532537 -0.0348099 -0.0573172 -0.0563612 -0.0538203 -0.0503339 -0.0502703 -0.0509803 -0.0502146 -0.0507236 -0.0502055
internal_weight=513.732 485.109 475.315 290.649 184.667 159.299 131.349 97.403 60.8145 17.6579 153.04 28.6231 43.1566 33.9464 22.5891 123.852 85.6717 38.1804 6.25935 20.2403 3.65426 16.586 2.90225 14.6371 9.7939 9.44401 0.686188 8.75782 0.486804 8.68413
internal_count=14391 13122 10525 8883 1642 3434 5449 5030 407 163 3286 1269 244 419 1230 1235 966 269 148 1221 128 1093 125 1084 2597 2585 69 2516 58 2512
is_linear=0
shrinkage=0.05


Tree=91
num_leaves=28
num_cat=0
split_feature=18 13 1 1 15 18 1 5 0 14 19 5 18 0 3 0 19 3 15 15 15 9 1 11 3 3 7
split_gain=11.4611 9.30038 9.27912 9.50622 8.99706 14.3993 8.19836 8.30777 7.70864 7.60967 7.9864 7.3309 6.17209 6.13006 6.51981 0.375295 0.191754 0.114274 0.0226429 0.00324133 0.00121372 0.000593092 0.000186223 6.58573e-06 1.2249e-06 6.42126e-07 1.45983e-07
threshold=79.500000000000014 0.012121657361151927 0.97779387389503458 0.97613910834839468 0.01526806526806527 12.500000000000002 0.49807773411466871 0.10476924618419146 0.54000395823132641 0.48112535612535617 1.2354717755000899 0.0031411040062997862 78.500000000000014 0.6677596311914803 0.11876116235271779 0.74999986239518723 0.86370314655063052 0.33050075855130473 0.17694497153700192 0.082843137254901972 0.12034482758620692 18.500000000000004 1.7184139415223687 0.090697887925951112 0.11764707128986036 0.13392155466516034 0.35140682710434845
decision_type=2 2 2 2 2 2 2 2 2 2 2 2 2 2 2 2 2 2 2 2 2 2 2 2 2 2 2
left_child=1 4 3 23 5 6 7 -1 -6 12 -11 -8 -10 -7 -15 -3 18 20 19 -17 21 22 -4 24 26 -26 -2
right_child=2 15 17 -5 8 13 11 -9 9 10 -12 -13 -14 14 -16 16 -18 -19 -20 -21 -22 -23 -24 -25 25 -27 -28
leaf_value=0.0017358883184428184 -0.050149574506845686 -0.10515906845858757 -0.050231357236947619 0.13138567447443936 -0.078216094304617081 0.051916675830534553 -0.054812712331936735 -0.050754567789826836 0.009706199300686549 -0.081836575404766812 0.032598052140740116 0.010664228650102248 0.090626718231573741 0.009979675582686004 -0.041887375608170435 -0.051233119256104943 -0.080635434869415629 -0.076766852840991898 -0.063612755232448068 -0.056200002327281146 -0.054529171713020332 -0.052959746545749253 -0.051082629963474659 -0.050549890843099611 -0.050384320748711832 -0.050249390531748372 -0.050218413450787716
leaf_weight=17.496898183599118 0.36200283817015833 0.70821166783571232 15.424918839940812 1.5311065074056387 2.550029454752802 2.1976186009123913 4.4449230735190204 13.243996028788386 271.73155680065975 4.5043628211133173 2.3048256821930408 111.7231069020927 2.3770474968478075 7.2110682183410963 37.919662671396509 1.0093329290393738 1.2841098406352101 0.41964852809905906 0.72559455689042796 0.48693440482020367 0.17151581984944542 0.2070918008685102 0.67036496964283365 0.1835982338525356 0.10297753009945154 0.61337519367225468 0.097827300662174821
leaf_count=70 124 6 4173 14 35 30 286 86 2457 60 16 898 22 1090 4453 162 26 2 7 11 6 5 70 29 19 134 24
internal_value=0.000461639 0.00199285 -0.0368364 0.04594 0.00264524 -0.00564421 0.0020828 -0.0208784 0.00832533 0.00911091 -0.0431019 0.00815889 0.0104079 -0.0296291 -0.0336 -0.0719603 -0.065254 -0.0510014 -0.0563645 -0.0528495 -0.050345 -0.050301 -0.0502668 -0.0502714 -0.0502279 -0.0502688 -0.0501642
internal_weight=501.704 481.919 19.7844 2.89089 477.705 194.237 146.909 30.7409 283.468 280.918 6.80919 116.168 274.109 47.3283 45.1307 4.21418 3.50597 16.8935 2.22186 1.49627 16.4739 16.3024 16.0953 1.35978 1.17618 0.716353 0.45983
internal_count=14315 9715 4600 344 9503 6913 1340 156 2590 2555 76 1184 2479 5573 5543 212 206 4256 180 173 4254 4248 4243 330 301 153 148
is_linear=0
shrinkage=0.05


Tree=92
num_leaves=25
num_cat=0
split_feature=3 0 13 7 7 8 7 8 2 0 5 5 7 2 19 15 1 18 15 15 6 18 1 18
split_gain=9.68666 8.73227 7.86536 7.70665 13.6034 12.3688 11.1747 9.71939 9.3692 6.73587 4.03552 1.49263 1.3658 0.95094 0.196924 0.0181777 0.0132778 0.000372826 0.000142159 3.2882e-05 1.49601e-05 1.39495e-05 1.27766e-05 3.9983e-06
threshold=0.11764829922345731 0.65265092346082143 0.011561079925153704 -0.10142478842371776 0.33833599945543041 0.20427727673448706 -0.41797534444337953 0.39721576983734047 0.59502553004844527 0.70000566694608735 0.067700074389089968 0.10476924618419146 1.1528959389604383 0.024011312746534164 0.86370314655063052 0.17694497153700192 0.4514169420800534 6.5000000000000009 0.09938271604938273 0.061697065820777171 0.89093726813191132 10.500000000000002 1.4620681573581027 49.500000000000007
decision_type=2 2 2 2 2 2 2 2 2 2 2 2 2 2 2 2 2 2 2 2 2 2 2 2
left_child=17 10 3 6 8 -6 7 -3 -5 -8 -2 -12 16 -4 15 -15 -13 -1 19 20 21 -19 23 -21
right_child=1 2 13 4 5 -7 9 -9 -10 -11 11 12 -14 14 -16 -17 -18 18 -20 22 -22 -23 -24 -25
leaf_value=-0.052054427062935574 -0.0029169402158307433 -0.016036938731474815 -0.17867767545196067 -0.0078489347640667735 0.021175124413476673 -0.0064293503528986759 0.04751905880826926 0.021589191431192228 -0.042642987384050354 0.015405652980974136 -0.085904873535207607 -0.060824560226157259 -0.003034153446408241 -0.052558989669768963 -0.081429420444060083 -0.062799820117606056 -0.055052438928271066 -0.05070506490206881 -0.051438770944780637 -0.05060420277720501 -0.050661300602451789 -0.05018019887724251 -0.051006484759674543 -0.050230829913533538
leaf_weight=0.29706289619207282 5.4844586811959735 51.447499050293118 0.20152671635150854 105.1690087991301 81.957548883510754 80.376791574526578 20.185461761429906 25.755479077342898 23.70969277061522 85.470247704070061 3.0236535212025029 1.477494924329221 1.5863807164132593 1.1960865249857309 1.3285552898887543 0.67948158830404271 3.059244551230222 0.1286254711449083 0.24629145814105946 0.16746931802481491 0.17082631099037904 8.001463500550015 0.15435674740001559 0.12538529466837645
leaf_count=10 38 488 1 2274 759 3111 89 127 3397 976 28 17 14 163 22 6 59 10 18 17 32 2530 10 31
internal_value=0.000265317 0.00122026 0.00238617 0.00293009 -0.00212156 0.00750729 0.0109751 -0.00348459 -0.01425 0.0215409 -0.0368284 -0.0571619 -0.0429683 -0.0733276 -0.0667015 -0.056269 -0.0569323 -0.0503116 -0.0502541 -0.0502207 -0.0501982 -0.0501885 -0.0506384 -0.0504443
internal_weight=501.4 492.109 477.477 474.072 291.213 162.334 182.859 77.203 128.879 105.656 14.6312 9.14677 6.12312 3.40565 3.20412 1.87557 4.53674 9.29148 8.99442 8.74813 8.30092 8.13009 0.447211 0.292855
internal_count=14227 11569 11413 11221 9541 3870 1680 615 5671 1065 156 118 90 192 191 169 76 2658 2648 2630 2572 2540 58 48
is_linear=0
shrinkage=0.05


Tree=93
num_leaves=28
num_cat=0
split_feature=3 0 6 0 15 13 0 8 8 8 17 19 2 8 8 19 15 4 8 0 15 1 19 2 8 15 2
split_gain=11.4203 7.83892 11.562 9.87475 7.76554 6.39563 6.00128 5.44963 15.492 11.6997 5.09529 6.24451 4.54041 2.85909 16.0009 2.35607 0.612685 0.227755 0.00906586 0.00619496 0.00470571 0.00264456 0.00173142 0.000662054 0.000217042 0.000209756 0.000107902
threshold=0.15730038811178773 1.000230123974984 0.73576623743230651 2.2584466459382786 0.21913109756097562 0.013793759512937596 0.65265092346082143 -0.089855396254323844 -0.39333090527602471 0.35143198709261186 0.59508740204942745 8.7141633160738916 0.0069852315619441082 1.0962747249327915 1.1167620562650447 3.2830421115478208 0.133974358974359 0.15169455319382449 -0.13407014732320882 1.9521215774443281 0.10084745762711866 1.1944542296072382 8.7141633160738916 0.19199999156180711 -0.27715675281909663 0.031414473684210534 0.066616475971695663
decision_type=2 2 2 2 2 2 2 2 2 2 2 2 2 2 2 2 2 2 2 2 2 2 2 2 2 2 2
left_child=4 5 12 18 13 6 10 8 -8 -9 11 -2 -3 20 -15 16 -14 -7 -4 -20 22 24 23 -1 -22 26 -16
right_child=1 2 3 -5 -6 17 7 9 -10 -11 -12 -13 15 14 25 -17 -18 -19 19 -21 21 -23 -24 -25 -26 -27 -28
leaf_value=-0.051546589488315822 -0.068687920598000982 0.017437708920418831 -0.059729185411816023 0.072005107849034675 0.033393987722957721 -0.062859211466064074 -0.002554953044691193 -0.012713485524770446 0.02731195598158502 0.0092351808005773327 0.018937004335029834 0.026532785902495939 -0.053304035720643385 0.27907167637037522 -0.051648162213048715 -0.0035529508330366341 -0.079642570592721049 -0.094632406767995433 -0.051027913478435195 -0.058418352283107024 -0.052585486818186838 -0.055892466991854288 -0.055142910508859513 -0.050453253843317128 -0.050870975292159074 -0.052034339894633796 -0.050466784716299874
leaf_weight=1.5178586489055472 7.7137535288929922 2.802195653319365 0.65323152067139778 4.8469938933849335 3.8089974429458371 1.0435497378930443 89.291039205389097 101.08786332956515 84.510729196015745 152.0229566686321 4.0797133878804734 2.2165145082399249 13.540179040050139 0.44231607625260894 0.21873255167156491 2.3036344787105909 2.6381788179278365 1.2273604278452692 1.2267058552242804 0.36880552023649205 0.31411768682301044 0.66541892127133906 0.20758937485515971 15.771856674924491 0.44763636030256637 0.29689639108255494 1.6611664355732498
leaf_count=106 78 10 12 10 15 29 749 4639 738 2702 30 11 905 4 9 29 14 18 186 3 8 14 4 3640 36 16 269
internal_value=0.000273879 0.0020314 -0.0234436 0.031829 -0.032417 0.00366269 0.00409375 0.00515047 0.0119678 0.000469282 -0.0281067 -0.0474339 -0.0418704 -0.0440527 0.00490938 -0.0508626 -0.057599 -0.0800317 -0.0547676 -0.0527362 -0.0508289 -0.0535896 -0.0506037 -0.0505492 -0.051578 -0.0507993 -0.0506042
internal_weight=496.926 471.573 28.3799 7.09574 25.3526 443.193 440.923 426.913 173.802 253.111 14.01 9.93027 21.2842 21.5436 2.61911 18.482 16.1784 2.27091 2.24874 1.59551 18.9245 1.42717 17.4973 17.2897 0.761754 2.1768 1.8799
internal_count=14284 10163 1169 211 4121 8994 8947 8828 1487 7341 119 89 958 4106 298 948 919 47 201 189 3808 58 3750 3746 44 294 278
is_linear=0
shrinkage=0.05


Tree=94
num_leaves=27
num_cat=0
split_feature=18 13 1 2 1 6 5 7 9 18 18 6 17 15 9 18 17 3 4 9 2 1 1 1 8 3
split_gain=10.9724 7.32835 6.93529 6.71502 10.1634 8.22284 5.97518 5.58174 3.68551 8.07482 7.95247 1.63087 1.11173 0.424948 0.344031 0.329012 0.125613 0.0137303 0.00169395 0.00114448 0.000619496 7.15637e-05 5.04531e-05 7.06249e-05 2.90027e-05 4.67605e-06
threshold=83.500000000000014 0.011834733893557424 1.7184139415223687 0.5411877013031503 1.646071292340461 0.12162106446545536 0.05297552370557599 0.67411687735867332 6.5000000000000009 26.500000000000004 40.500000000000007 0.45549465895539992 0.39339826839826847 0.15450928381962867 8.5000000000000018 3.5000000000000004 0.50362318840579723 0.33050075855130473 0.10720912388392859 18.500000000000004 0.13268750633289614 1.7184139415223687 0.98806327284726037 0.97104273854334489 -0.11806609144991262 0.11764829922345731
decision_type=2 2 2 2 2 2 2 2 2 2 2 2 2 2 2 2 2 2 2 2 2 2 2 2 2 2
left_child=1 2 3 5 6 13 -5 -7 9 12 -11 -10 -4 -1 -13 -3 -17 19 -18 21 -20 22 23 -2 -23 -24
right_child=17 15 8 4 -6 7 -8 -9 11 10 -12 14 -14 -15 -16 16 18 -19 20 -21 -22 24 25 -25 -26 -27
leaf_value=-0.055745418040376651 -0.050221694342245486 -0.11170008107864116 0.056546807462122518 -0.0089928601263944054 -0.18746962200033312 0.00025896839062529669 -0.087250064522216828 0.014773252851226487 0.016472466309369379 -0.13071252421543808 0.0029731363544661664 0.035151647173785931 0.018574362488455485 -0.093908570106803646 0.054211432149571484 -0.071396421181336031 -0.057277946288964598 -0.064494802415501137 -0.054291434146500943 -0.053311075053780681 -0.050822736979454587 -0.050345598003392333 -0.050125198424657937 -0.050971849308490559 -0.05119415745846289 -0.050202580112270759
leaf_weight=3.7603831083979449 0.83442530431784045 0.3925312459468836 3.424736915156247 70.432754053268582 0.83181714499369164 283.60284103546292 2.5266732845921061 86.425662041874602 5.4184588193893459 1.7882184034679083 2.9436195890884846 3.1807723194360724 4.4091149512678385 0.90498510003089894 9.2604108899831754 1.9850806456524881 0.12722586165182281 0.17423395812511522 0.14555409550666798 0.31439974461682219 1.1129543015267698 0.16055072611197829 3.1848121727816743 0.50283273332752287 0.27010474004782814 5.0446424926631153
leaf_count=200 251 2 17 4800 11 4243 286 1201 39 30 79 21 33 4 58 36 3 1 2 8 197 35 1307 45 19 1397
internal_value=2.39696e-05 0.00112324 0.00166939 0.000102205 -0.0136843 0.00281729 -0.011703 0.003649 0.0247704 0.00402395 -0.0475483 0.0393672 0.0351748 -0.0631483 0.0493385 -0.068377 -0.063332 -0.0505759 -0.0517797 -0.0503407 -0.0512239 -0.0502473 -0.0502189 -0.0505038 -0.0508778 -0.0501726
internal_weight=493.16 482.674 478.91 448.485 73.7912 374.694 72.9594 370.029 30.4253 12.5657 4.73184 17.8596 7.83385 4.66537 12.4412 3.76335 3.37081 10.486 1.38573 10.3118 1.25851 9.99737 9.56671 1.33726 0.430655 8.22945
internal_count=14325 11262 11022 10745 5097 5648 5086 5444 277 159 109 118 50 204 79 240 238 3063 202 3062 199 3054 3000 296 54 2704
is_linear=0
shrinkage=0.05


Tree=95
num_leaves=29
num_cat=0
split_feature=3 6 17 17 0 7 0 0 18 12 1 2 8 5 15 18 2 16 11 15 15 18 18 15 15 0 18 5
split_gain=8.45078 8.25127 7.39398 11.2945 12.7551 17.4384 10.4359 7.69429 6.64679 6.39056 5.79659 8.43249 4.62963 4.3113 1.90707 1.76331 2.67007 0.894527 1.51212 0.610599 0.0694891 0.029463 0.000275522 9.92487e-05 1.97944e-05 9.34081e-06 9.12467e-06 7.0969e-06
threshold=0.11764829922345731 0.13546192957499817 0.12731481481481485 0.5300120048019209 0.69999816845880403 -0.35745549845138008 0.99999980854987547 0.65265092346082143 11.500000000000002 1.5000004691927546 0.49807773411466871 0.0065023384842218144 1.4636418167782967 0.055322877721848844 0.93750000000000011 12.500000000000002 0.37062847732273257 0.010695493022191719 0.19648175498374612 0.15450928381962867 0.12326685660018995 5.5000000000000009 6.5000000000000009 0.09938271604938273 0.061697065820777171 0.79623927340848721 10.500000000000002 0.021304292616501356
decision_type=2 2 2 2 2 2 2 2 2 2 2 2 2 2 2 2 2 2 2 2 2 2 2 2 2 2 2 2
left_child=22 14 8 7 5 -5 -6 13 10 -9 12 -12 -3 -4 17 -10 -17 19 20 21 -19 -2 -1 24 25 -24 -27 -26
right_child=1 2 3 4 6 -7 -8 9 15 -11 11 -13 -14 -15 -16 16 -18 18 -20 -21 -22 -23 23 -25 27 26 -28 -29
leaf_value=-0.051755182463594611 -0.062796814803680212 -0.041680260970981375 0.0086989482431195746 -0.042223342452355261 -0.041502393654418081 0.043935196634661541 -0.0041488613159289638 0.017344943931449634 -0.11194707034078233 -0.036790558356546259 0.039021698406929463 -0.0089490892639282182 0.020081813406358274 -0.092074516903494663 0.028339650597422564 0.01033586479766214 -0.063031383380207279 -0.052158663804792608 0.0064845330008578622 -0.099220353142620621 -0.077459823806166783 -0.052319593515089885 -0.050773631971118796 -0.05123845612337883 -0.050243685993842602 -0.050613241039546834 -0.050159918744674174 -0.050688168371589543
leaf_weight=0.30395397078245689 1.0746719390153852 16.418476982042197 1.7813406130298961 7.5477785449475041 21.225551472976804 26.465619468130171 157.0585326871369 165.87045342102647 1.1699450504966069 5.636738601140677 11.571926863864062 43.970355286262929 3.7220345567911854 2.6258555953390896 0.82457743585109788 1.629245890304446 5.1920390774030238 3.3439806073438381 1.4290410869289187 1.1630693227052686 0.2953476309776305 1.7863853047601876 0.064000605838373192 0.23286446998827148 0.13720035646110762 0.11275083106011141 7.1696859104558825 0.25996621092781425
leaf_count=12 7 99 14 42 658 122 8024 1228 21 31 65 586 18 36 2 36 189 278 17 5 2 163 7 20 35 10 2593 25
internal_value=-0.000194523 0.000666223 0.00161479 0.0045205 -0.00324283 0.0248161 -0.00859597 0.0138895 -0.0118664 0.0155657 -0.00728725 0.00104536 -0.0302664 -0.051343 -0.0444697 -0.0552348 -0.0455078 -0.0510726 -0.0370984 -0.0686731 -0.054212 -0.0562551 -0.0502777 -0.0502214 -0.0501908 -0.0501722 -0.0501669 -0.0505346
internal_weight=490.083 481.803 471.886 388.212 212.297 34.0134 178.284 175.914 83.674 171.507 75.6828 55.5423 20.1405 4.4072 9.91707 7.99123 6.82128 9.0925 5.06837 4.02413 3.63933 2.86106 8.28042 7.97647 7.7436 7.34644 7.28244 0.397167
internal_count=14345 11643 11169 10155 8846 164 8682 1309 1014 1259 768 651 117 50 474 246 225 472 297 175 280 170 2702 2690 2670 2610 2603 60
is_linear=0
shrinkage=0.05


Tree=96
num_leaves=31
num_cat=0
split_feature=15 19 12 9 2 0 16 18 1 17 18 11 6 4 5 19 6 1 11 19 18 0 6 5 1 15 18 6 11 15
split_gain=10.3619 9.18276 7.97896 9.14567 9.52556 9.16355 8.67094 6.74976 6.5916 6.04825 5.81016 5.75976 5.50682 4.98457 4.86076 4.04166 3.9516 3.32978 4.55363 2.94056 2.82255 2.61633 4.88481 2.66454 2.23693 1.68954 1.03206 0.767246 0.681941 0.676639
threshold=0.19803921568627456 2.1777825801545827 1.4285762823375292 2.5000000000000004 0.16777646931168302 0.69825256127088819 0.50555555555555565 25.500000000000004 0.77333514006760085 0.12731481481481485 12.500000000000002 0.23150153802462067 0.60030011456422139 0.49004915025499135 0.014610876444897622 4.5137154671684039 0.60626871898920853 0.55679044481010587 0.26217372282442036 0.77198296586352322 7.5000000000000009 0.69825256127088819 0.23895440920434821 0.13741766237745101 0.9625782679105892 0.15831244778613202 16.500000000000004 0.82222391860653665 0.15725419837105456 0.069971440228478191
decision_type=2 2 2 2 2 2 2 2 2 2 2 2 2 2 2 2 2 2 2 2 2 2 2 2 2 2 2 2 2 2
left_child=1 2 3 4 8 -6 7 -5 -1 12 11 21 24 25 -12 16 17 28 -19 27 -21 22 -3 -23 -2 -4 29 -18 -11 -16
right_child=9 10 13 6 5 -7 -8 -9 -10 15 14 -13 -14 -15 26 -17 19 18 -20 20 -22 23 -24 -25 -26 -27 -28 -29 -30 -31
leaf_value=-0.015853150473983155 -0.016508715546702166 0.059232486352628767 -0.073203449909747489 0.022468855412523529 0.093517866872753236 -0.031513483247767003 -0.057117641412945223 -0.0019773288022328275 0.0087961227456993269 0.052088356494905577 0.036368291547528672 -0.035304086292891522 0.024365315815244357 0.010684194018736179 -0.069828468303727562 -0.018946845348252247 0.054888097767797989 0.011782473412586709 -0.046853232379764319 0.051586186778955115 0.0056855895782277196 0.027015849799864589 -0.020766129440448682 0.066061627666682277 -0.064254227279958387 -0.14748794509225269 -0.032767540791569287 0.028207145107364578 0.025427256214548472 -0.12819768281413232
leaf_weight=58.345462360652164 5.1535301357507688 2.7120094550773484 3.8621035737451157 44.714070391841233 1.5002251146361221 63.187888626707718 5.5068198195658615 76.621397529845126 50.681439187610522 5.3158953934907895 1.432071279734372 4.1270528472959986 5.2041166424751273 1.7460560500621793 1.0985108809545643 7.5184914618730536 12.322349339723585 61.970300778746605 3.4980071969330302 4.6910499632358578 11.708957772701977 27.718967986293137 6.4381244741380215 5.1869279732927671 4.6817659959197044 0.95464809611439694 0.94240164034999896 3.4485339261591426 4.3702355697751045 0.90602082014083851
leaf_count=635 31 10 86 259 6 9220 111 2115 727 24 13 23 23 8 50 36 76 346 24 28 87 159 48 16 23 8 80 27 19 4
internal_value=0.00049154 -0.00390086 -0.00715148 -0.00596059 -0.0134135 -0.0286138 0.00424647 0.00703148 -0.00439487 0.0125877 0.0158438 0.0210629 -0.0172282 -0.0616905 -0.0391996 0.0164922 0.0189748 0.0126977 0.00864954 0.0336388 0.018815 0.0265943 0.00294467 0.0331706 -0.0392364 -0.0879261 -0.0759221 0.0490539 0.0400593 -0.0962106
internal_weight=487.565 357.682 307.12 300.557 173.715 64.6881 126.842 121.335 109.027 129.883 50.5621 46.1831 15.0394 6.56281 4.379 114.844 107.325 75.1544 65.4683 32.1709 16.4 42.056 9.15013 32.9059 9.8353 4.81675 2.94693 15.7709 9.68613 2.00453
internal_count=14322 13578 13175 13073 10588 9226 2485 2374 1362 744 403 256 77 102 147 667 631 413 370 218 115 233 58 175 54 94 134 103 43 54
is_linear=0
shrinkage=0.05


Tree=97
num_leaves=31
num_cat=0
split_feature=0 3 6 7 7 8 0 14 0 0 7 19 16 7 6 0 4 4 2 11 15 15 15 7 8 0 2 18 15 7
split_gain=9.89167 9.12473 7.96612 7.43124 16.0526 8.85952 10.2101 8.55481 8.2878 16.8134 13.107 11.9123 7.35232 7.29536 7.29516 7.02607 5.5162 3.29202 1.3839 0.889033 3.69632 0.396125 0.0261914 0.0140891 0.00778793 0.00435592 0.00036676 0.000225313 7.48039e-05 7.80113e-05
threshold=1.000230123974984 0.11816395653618708 0.75882775855786877 -0.10142478842371776 0.33833599945543041 0.74594613778068453 0.80000091417840535 0.68148880105401854 0.99301392515452203 0.70000566694608735 -0.43077735514825116 0.55499970541376875 0.089647914274779958 0.2045012082720051 0.63165745801181339 2.2584466459382786 0.59990765690024395 0.39159971913272373 0.0069852315619441082 0.10864910072195741 0.16515151515151519 0.133974358974359 0.14160401002506268 -0.46483259577112274 -0.13407014732320882 1.9521215774443281 0.010884129144007866 6.5000000000000009 0.13680926916221037 0.44729571759652575
decision_type=2 2 2 2 2 2 2 2 2 2 2 2 2 2 2 2 2 2 2 2 2 2 2 2 2 2 2 2 2 2
left_child=1 27 18 8 7 14 -7 13 9 10 -3 12 -10 -5 -6 24 -11 -13 -2 21 22 23 -21 -20 -4 26 -26 -1 29 -29
right_child=2 3 15 4 5 6 -8 -9 11 16 -12 17 -14 -15 -16 -17 -18 -19 19 20 -22 -23 -24 -25 25 -27 -28 28 -30 -31
leaf_value=-0.051683022090464471 -0.0049014011222546583 -0.011997474965065986 -0.060050443797924347 -0.0090501150520768351 0.0060536866151227227 0.044077919695290541 -0.025259621917258775 0.055936236661497656 -0.034050623846219423 -0.061770688688032607 0.039541180649187047 0.032746380883318375 0.023319018681228387 -0.034661105124752595 0.03289124967900918 0.072978385642665802 0.025953150939319405 0.00909864199437487 -0.0598286977843204 -0.052821599741017501 0.052067937246154383 -0.07929820899925942 -0.065489250830930587 -0.053083521701278794 -0.052938758603027915 -0.058225131324447135 -0.05038043618234242 -0.050184719742047239 -0.052026236592657642 -0.050606338260338481
leaf_weight=0.2910616546869268 1.8768214806914389 28.514682586770501 0.41546275583095837 75.525161740137264 73.757661900715902 6.4432476391084483 30.165791494771838 3.9910613407846531 14.828252685023473 13.092164092930032 21.742248397786174 66.91604954842478 8.9588221509475243 44.007821219973266 38.558990557212383 2.9973451495170593 2.0762161621823898 18.866521761287004 0.83990912814625041 3.4590163002721961 1.0312068685889242 1.7449785023927677 0.46261562407016743 9.8908486724831128 0.16649894602596649 0.24218814820051182 0.883270368212834 6.6937246661400387 0.059975875774399223 1.312205712078139
leaf_count=12 9 143 13 1729 1493 53 1117 39 480 154 123 450 152 3655 697 7 16 113 36 189 4 9 3 810 4 2 185 2471 4 177
internal_value=-0.000198894 0.00144881 -0.0314784 0.00241563 -0.00274854 0.00830473 -0.0130561 -0.0160748 0.0104557 -0.00362578 0.0102993 0.018864 -0.0124437 -0.0184792 0.0152672 0.0268616 -0.0497632 0.0275454 -0.045696 -0.050089 -0.0321663 -0.0572043 -0.0543159 -0.0536115 -0.0540956 -0.0521807 -0.0507862 -0.0503163 -0.050267 -0.0502538
internal_weight=479.812 455.802 24.0102 447.445 272.45 148.926 36.609 123.524 174.995 65.4253 50.2569 109.57 23.7871 119.533 112.317 4.70477 15.1684 85.7826 19.3054 17.4286 4.95284 12.4757 3.92163 10.7308 1.70742 1.29196 1.04977 8.35697 8.06591 8.00593
internal_count=14349 13078 1271 10414 8783 3360 1170 5423 1631 436 266 1195 632 5384 2190 211 170 563 1060 1051 196 855 192 846 204 191 189 2664 2652 2648
is_linear=0
shrinkage=0.05


Tree=98
num_leaves=31
num_cat=0
split_feature=3 9 18 16 8 8 8 8 8 18 16 17 2 1 4 8 19 1 8 17 3 6 15 4 11 6 3 1 3 18
split_gain=10.895 7.35919 11.2963 11.3749 9.74908 12.5295 9.68951 6.45243 9.56876 6.42502 6.79887 6.01468 5.98627 6.04851 5.85471 5.84512 6.25996 6.05351 4.97868 6.09154 4.82381 4.66244 4.54111 4.45663 2.59403 1.50847 0.0503504 0.00202096 0.000294444 0.000217989
threshold=0.11832206701141558 4.5000000000000009 5.5000000000000009 0.33568075117370894 0.33480588247320114 1.1167620562650447 -0.16273412639764764 -0.34429611182886427 -0.90822864495876787 25.500000000000004 0.33568075117370894 0.49666666666666676 0.19955868191189238 0.99230659190612946 0.20531388825061278 -0.058420368102735341 0.35300020676557381 0.94067926622973752 0.80955190081919659 0.45346320346320351 0.17663323022181696 0.55651850865010177 0.17902930402930406 0.12555320447677773 0.069386567404423713 0.50872468466710574 0.21257125006781688 1.5544403090052237 0.11764829922345731 6.5000000000000009
decision_type=2 2 2 2 2 2 2 2 2 2 2 2 2 2 2 2 2 2 2 2 2 2 2 2 2 2 2 2 2 2
left_child=28 2 7 4 6 -6 -4 8 25 12 18 -10 21 14 -14 17 -17 -9 20 -20 -11 -3 23 -5 -15 -2 27 -12 29 -1
right_child=1 9 3 22 5 -7 -8 15 11 10 26 -13 13 24 -16 16 -18 -19 19 -21 -22 -23 -24 -25 -26 -27 -28 -29 -30 -31
leaf_value=-0.051692272653056162 0.011442888368600464 0.015734981483535006 -0.0028721853126235973 0.061571183040878177 0.022781135950092415 -0.023851483292032582 -0.037329222604590394 0.042435332100014163 -0.039428426554382029 0.038687011553679693 -0.051387430198330135 -0.00032236337924516976 -0.070075426143697689 0.0040156691652919411 0.015382893078284247 -0.030816915091082836 0.010591827751389327 -0.017497998568098982 0.022072077928907377 -0.079128366639115016 0.0020791789319376162 -0.04756087864079607 -0.14763017691805683 -0.055539645244626304 0.044264874552609662 0.048642088606018735 -0.065250486005264036 -0.055676129151096092 -0.050813334986466813 -0.050199228011096879
leaf_weight=0.25328949280082991 4.9656916279345733 7.0414713677018863 40.139146302826703 0.87264945288188656 39.729189296020195 22.597252007573843 41.493841022951528 23.47027755621821 20.717907641548663 10.608605825807897 0.72608433850109466 18.713976334780455 2.3587088359054169 4.5480594262480727 13.33390017505735 10.385474076494573 75.318716946523637 5.1349704265594474 2.4617185816168776 3.7553335404954851 59.29969105264172 4.9578993320465088 1.2424465483054508 11.759940050775183 33.411358848214149 6.040291354060173 2.9931367710232735 0.44185448950156569 3.4267067790497094 7.022377354442142
leaf_count=10 25 36 737 7 1202 1354 4980 83 219 167 48 82 127 42 75 81 617 34 12 50 596 29 12 456 207 19 32 7 339 2673
internal_value=-0.000549685 0.000589756 -0.00362512 -0.0131844 -0.00901728 0.00587388 -0.0203866 0.00553307 -0.00936346 0.00990635 0.000419445 -0.0208691 0.0215081 0.0286483 0.00253791 0.012106 0.00557399 0.0316766 0.00382122 -0.0390568 0.00763443 -0.0104176 -0.0564204 -0.0474497 0.0394425 0.0318585 -0.0618148 -0.0530099 -0.0504312 -0.0502512
internal_weight=479.222 468.52 322.582 157.834 143.959 62.3264 81.633 164.747 50.4379 145.938 80.2864 39.4319 65.6514 53.652 15.6926 114.309 85.7042 28.6052 76.1253 6.21705 69.9083 11.9994 13.875 12.6326 37.9594 11.006 4.16108 1.16794 10.7024 7.27567
internal_count=14358 11336 9908 8748 8273 2556 5717 1160 345 1428 912 301 516 451 202 815 698 117 825 62 763 65 475 463 249 44 87 55 3022 2683
is_linear=0
shrinkage=0.05


Tree=99
num_leaves=31
num_cat=0
split_feature=3 3 6 1 18 3 18 5 3 3 19 8 8 19 15 9 6 3 1 4 6 16 1 3 9 1 4 18 1 15
split_gain=7.32711 8.73362 6.18142 6.24405 6.95806 7.40996 5.88663 5.61693 5.61354 5.58303 9.03381 10.4552 5.58087 9.27628 8.7932 5.34994 7.21349 5.91763 6.30012 4.84549 4.67178 4.28793 5.34169 4.81516 3.94738 1.90265 1.78285 1.51931 0.905864 0.00702609
threshold=0.32431244694329558 0.41287018271053544 0.33642751140498844 0.52979953369834376 29.500000000000004 0.37380032757528475 33.500000000000007 0.0028819305890080645 0.11764829922345731 0.11819451774647034 0.50674216184158472 1.0962747249327915 0.47091017318790929 0.35300020676557381 0.64583333333333337 3.5000000000000004 0.15733407427089038 0.31771853079203694 0.72285972251239927 0.44074333165112223 0.23316589509597935 0.98888888888888904 1.2722530919261892 0.37380032757528475 1.5000000000000002 0.99890276698622105 0.30430505789962475 26.500000000000004 1.2879906831358634 0.067989214175654858
decision_type=2 2 2 2 2 2 2 2 2 2 2 2 2 2 2 2 2 2 2 2 2 2 2 2 2 2 2 2 2 2
left_child=8 2 21 -4 25 -6 7 19 -1 10 -10 -12 14 -14 -9 17 27 18 -11 -3 -18 22 23 -2 -21 -5 -24 -17 29 -8
right_child=1 6 3 4 5 -7 28 12 9 15 11 -13 13 -15 -16 16 20 -19 -20 24 -22 -23 26 -25 -26 -27 -28 -29 -30 -31
leaf_value=-0.050239295216700779 0.0040788579142026216 -0.13324250098789855 -0.020527130823382009 0.027338814844707456 0.017483383201837049 -0.086649182402761829 -0.050554575191642151 -0.0013459064848907096 0.26881738505285124 0.0088732192476959609 -0.050877751309713753 0.20403520279485665 -0.048009916007461753 0.027512795673995005 -0.080911389969997652 -0.0019148509789928465 0.027558120904717816 -0.10248683479979193 -0.017676754429313612 -0.046743254268767312 0.00014563261580047621 0.052335681215966517 0.0062176187696728752 -0.042640106686965329 0.054972657997690279 0.04783932427092747 0.057059033826188293 -0.077743204882998906 -0.12161358944590071 -0.055380368414315963
leaf_weight=6.9712483593029893 11.607577744405722 1.2495097909122694 6.2376422546803942 18.416510969866067 7.3228021254762989 2.2282019695267081 2.3872788017615671 79.024627573322505 0.46561654401011709 29.415176629088819 1.3762507562059907 0.56835990445688356 4.6301514124497762 33.365451040444896 3.6320625543594351 0.82688164617866178 18.888900402234867 1.8052180893719185 92.948024327284656 4.3096160665154457 87.735912961885333 3.5153827033936969 3.3653934206813565 10.508025404065846 1.224942162632942 29.36367396498099 3.536146726924926 3.2844528527930379 0.5409944332204758 1.1026195194572208
leaf_count=2697 124 9 34 121 68 19 473 472 23 281 130 11 34 169 19 21 182 30 7527 274 1150 19 24 73 6 181 18 64 9 19
internal_value=-2.85216e-06 0.00645258 0.0179092 0.0269808 0.0321497 -0.00681023 -0.00192207 -4.03832e-05 -0.00601651 -0.00471745 0.0709936 0.0236268 0.00244876 0.0183096 -0.00484214 -0.00549428 0.00249596 -0.0126201 -0.0112943 -0.044309 0.00500184 0.000183082 -0.00613513 -0.0181192 -0.0242309 0.0399376 0.0322673 -0.0624924 -0.0614116 -0.0520793
internal_weight=471.855 227.569 96.1014 63.5688 57.3312 9.551 131.467 127.436 244.286 237.315 2.41023 1.94461 120.652 37.9956 82.6567 234.905 110.736 124.168 122.363 6.78407 106.625 32.5325 29.0171 22.1156 5.53456 47.7802 6.90154 4.11133 4.03089 3.4899
internal_count=14281 2165 681 423 389 87 1484 983 12116 9419 164 141 694 203 491 9255 1417 7838 7808 289 1332 258 239 197 280 302 42 85 501 492
is_linear=0
shrinkage=0.05


Tree=100
num_leaves=31
num_cat=0
split_feature=15 11 19 2 8 8 8 8 5 0 15 2 2 9 1 0 2 2 1 1 0 6 11 6 2 2 19 4 19 6
split_gain=8.77981 8.1919 7.7766 7.08278 6.73493 6.52037 11.8141 13.5715 7.6436 6.85361 5.01678 5.6867 7.16006 5.4612 5.94311 4.69749 4.42448 7.31147 8.22428 3.52058 3.48762 3.85 3.26484 3.01445 2.67385 1.29729 1.1617 0.797153 0.785956 0.26572
threshold=0.19803921568627456 0.32172420386594364 2.1777825801545827 0.58924608451428151 -0.90822864495876787 1.3506663390590101 0.44316076252336772 0.20427727673448706 6.2506183300142996e-05 0.72156792546909421 0.39565217391304358 0.010884129144007866 0.016853039026482993 2.5000000000000004 1.0362243658940786 3.0460066071618148 0.0834386738297207 0.13268750633289614 0.66471074773163552 0.90825580521761207 0.69825256127088819 0.22579561098657477 0.009299911304125873 0.55651850865010177 0.32809149393144926 0.60614884445090711 0.54227626836202203 0.46628991918626178 1.2958409878186468 0.56242194320216332
decision_type=2 2 2 2 2 2 2 2 2 2 2 2 2 2 2 2 2 2 2 2 2 2 2 2 2 2 2 2 2 2
left_child=1 2 5 20 -3 6 7 -1 -8 -7 16 -12 -13 19 -15 -11 26 -18 -19 -14 21 -4 -20 25 -22 -5 -2 -28 -6 -25
right_child=10 4 3 23 28 9 8 -9 -10 15 11 12 13 14 -16 -17 17 18 22 -21 24 -23 -24 29 -26 -27 27 -29 -30 -31
leaf_value=-0.0010920728766318395 0.015348751341164677 0.063107078142170425 0.048516325659373256 -0.15279013274860306 -0.062898912287258801 0.039186366715256361 -0.090486694809557594 -0.03344673519969267 0.018340471698015389 -0.038827904725180676 0.047539871258083087 -0.072751395517275649 0.03827299666236772 -0.049839545467922762 0.010058508867584078 0.075086159706225786 -0.037341972764392196 -0.046493152533117699 -0.014869264510912148 -0.015688477115997204 0.046981479687993558 -0.019361377579006328 0.028521840869692668 0.056450572179655351 0.018268113799288301 -0.065337818243846366 0.024036747429762119 0.052438557063293902 -0.10086528854862292 -0.001104374058231615
leaf_weight=150.21414118201938 3.5639529097825315 1.0016076557803897 2.8229774003848425 0.60984162986278523 3.5885209237458175 3.543823143932971 1.651924445061012 41.328319664229639 69.3292353132274 25.735773585387509 5.1829943954944602 3.8661077301949254 10.023127246648075 8.3511753939092177 8.2148392237722856 0.93799046892672677 6.2812142539769402 4.3801382239907971 4.7504316121339789 4.3277377784252158 14.540361838415263 8.0351256476715189 49.584494225680828 0.30363562703132618 18.327734210062772 1.3920923094265161 3.0630114637315264 12.772051170468329 2.1981146093457937 0.59062054008245468
leaf_count=4852 16 3 13 4 145 15 112 4821 1839 1412 20 24 38 48 55 9 38 29 29 22 71 51 317 1 126 86 20 86 12 40
internal_value=0.00187871 -0.00221518 -0.00112732 0.0178387 -0.0566007 -0.00414788 -0.00161619 -0.0080731 0.0158078 -0.0261426 0.0132738 -0.00131952 -0.00860004 -0.00057801 -0.020137 -0.0348221 0.0201846 0.0139301 0.0194151 0.022 0.0228543 -0.00171398 0.0247282 -0.057885 0.0309705 -0.0919781 0.04114 0.0469447 -0.0773208 0.0184378
internal_weight=470.513 346.152 339.364 46.6224 6.78824 292.741 262.524 191.542 70.9812 30.2176 124.361 39.966 34.783 30.9169 16.566 26.6738 84.3953 64.9963 58.7151 14.3509 43.7262 10.8581 54.3349 2.89619 32.8681 2.00193 19.399 15.8351 5.78664 0.894256
internal_count=14354 13612 13452 392 160 13060 11624 9673 1951 1436 742 207 187 163 103 1421 535 413 375 60 261 64 346 131 197 90 122 106 157 41
is_linear=0
shrinkage=0.05


Tree=101
num_leaves=27
num_cat=0
split_feature=3 6 0 0 17 2 15 1 11 1 18 19 7 3 7 7 2 19 11 2 18 15 15 0 18 5
split_gain=6.59419 5.62225 9.17092 7.0168 6.92499 7.38326 11.6756 6.67511 9.02165 7.21661 7.69741 6.96986 6.81457 5.74752 5.65689 5.11213 3.7189 2.27374 0.46795 0.095204 0.000156182 5.41033e-05 2.7195e-05 7.29271e-06 5.79877e-06 4.36629e-06
threshold=0.11764829922345731 0.65938233964265136 1.000230123974984 2.2584466459382786 0.98620624048706251 0.58755973117803451 0.19538706256627789 0.9099157082659024 0.22619403676805275 0.98592011664070689 82.500000000000014 0.52921212002785423 -0.40355911828253266 0.46786100100847638 2.9252214604175215 -0.45132870619760879 0.0096917869218813846 3.2830421115478208 0.15725419837105456 0.035186910940930745 6.5000000000000009 0.14379699248120303 0.061697065820777171 0.69999925015597209 10.500000000000002 0.013435714385088754
decision_type=2 2 2 2 2 2 2 2 2 2 2 2 2 2 2 2 2 2 2 2 2 2 2 2 2 2
left_child=20 2 4 7 5 13 -7 8 12 10 -9 -11 -3 -2 15 -6 -4 18 -18 -16 -1 22 23 -22 -25 -24
right_child=1 3 16 -5 14 6 -8 9 -10 11 -12 -13 -14 -15 19 -17 17 -19 -20 -21 21 -23 25 24 -26 -27
leaf_value=-0.051447775628737286 0.0029808072459078065 -0.048887369914300746 0.016955109737655082 0.068755990209479215 -0.021246450966132938 -0.04155473194687756 0.024849005964134224 0.039170826346843983 -0.097366393836893952 -0.012705234445467787 0.1732710838167843 0.020875889589573007 0.0057724283816887392 -0.016772427665379213 -0.087168371828408253 0.034018808997093607 -0.057897715570596801 0.0060909126812931178 -0.032222592948450805 -0.062077068100058801 -0.050781272527399494 -0.051828433847375566 -0.050288892632619112 -0.050533079720798582 -0.050126163732957696 -0.050632278308825274
leaf_weight=0.25247510243207116 198.15482756914571 6.7899918074253938 2.6515284627676037 4.7374831438064566 4.9815116121899363 26.707787434337661 8.8010332472622377 7.4204288648907077 2.6927658831700674 22.6545345983468 1.2504271005745975 48.598158997949213 35.593163483310491 45.230784856248647 0.64830215275287517 26.151830904185772 11.663762696669435 1.7782137505710114 2.0931273086462161 0.90689468686468899 0.043634944595396408 0.049363168422132619 0.12836597464047361 0.088923200499266275 5.6782714871224016 0.33200999163091183
leaf_count=12 2718 48 9 10 34 3030 43 202 20 1981 22 603 678 567 3 731 777 25 84 42 3 3 36 9 2597 38
internal_value=-0.000502343 0.000208966 -0.00326005 0.00902661 -0.00124558 -0.00379752 -0.0250962 0.00676287 -0.00862258 0.0154401 0.0585095 0.0101989 -0.00298434 -0.000690134 0.0205273 0.0251761 -0.037773 -0.047114 -0.0539912 -0.0725367 -0.0502283 -0.0501796 -0.0501666 -0.0501373 -0.0501324 -0.0505365
internal_weight=466.08 459.507 329.77 129.737 311.583 278.894 35.5088 124.999 45.0759 79.9235 8.67086 71.2527 42.3832 243.386 32.6885 31.1333 18.1866 15.5351 13.7569 1.5552 6.57304 6.32057 6.27121 5.81083 5.76719 0.460376
internal_count=14325 11627 8063 3564 7168 6358 3073 3554 746 2808 224 2584 726 3285 810 765 895 886 861 45 2698 2686 2683 2609 2606 74
is_linear=0
shrinkage=0.05


Tree=102
num_leaves=29
num_cat=0
split_feature=13 15 18 6 6 1 7 8 7 15 11 0 6 15 1 2 2 7 17 2 19 15 12 8 4 1 2 1
split_gain=6.95305 6.65473 10.9563 7.11382 8.12675 6.41154 6.11786 6.21471 6.05032 5.41719 6.26827 4.33999 4.31797 4.26703 7.36136 7.07596 2.65491 9.04658 2.00884 0.55448 0.108407 0.0121676 0.00412018 0.0016852 0.000999682 1.73172e-05 1.42048e-05 6.60564e-06
threshold=1.0000000180025095e-35 0.01526806526806527 12.500000000000002 0.50302008426550671 0.50543132936111623 0.4514169420800534 -1.0061724284617068 2.4463431993412228 0.44729571759652575 0.01709526592635886 0.18383348423363308 0.54000395823132641 0.75512334072228648 0.76388888888888895 0.9625782679105892 0.0834386738297207 0.76266065610000522 1.2235898084201551 0.99528301886792458 0.024011312746534164 0.86370314655063052 0.17694497153700192 1.1666667873945515 -0.13407014732320882 0.10786261037618174 1.4620681573581027 0.53010009316837092 1.1944542296072382
decision_type=2 2 2 2 2 2 2 2 2 2 2 2 2 2 2 2 2 2 2 2 2 2 2 2 2 2 2 2
left_child=1 2 5 16 -5 12 -7 -8 -6 10 26 -11 18 15 -15 -13 22 -18 -1 -2 21 23 -4 24 -21 -25 -3 -28
right_child=19 9 3 4 8 6 7 -9 -10 11 -12 13 -14 14 -16 -17 17 -19 -20 20 -22 -23 -24 25 -26 -27 27 -29
leaf_value=-0.047827962204334912 -0.14076872889231692 -0.050976757613538308 -0.050750559420489262 0.16357561675058352 -0.03083406567374869 -0.090314042862116833 0.0094744827246039769 -0.04682101618328554 0.015973643416067343 -0.060963626862854906 0.12413130425172313 0.027926674728776857 0.02074977885286991 0.012391919379326342 -0.075253494240169194 0.003910260491002268 -0.050466485617412994 0.1600544267235578 -0.0075471985122510486 -0.055945735297764802 -0.071402216683200417 -0.059484822514382286 -0.055167131183698648 -0.050169378954732204 -0.051973424410065819 -0.050914346969725056 -0.050316946875504504 -0.050759854506821349
leaf_weight=11.444086658768358 0.22903078794479315 0.12935767113231067 21.243195756804205 0.66964390059001999 17.726901626097973 1.6359165087342251 113.47210037428886 5.1238227910362175 11.307368286303243 2.4384662401862434 1.9274167465046046 35.704340909607708 4.0902184229344121 5.401209928095339 4.3054444789886475 217.49894733924884 2.0776328507345165 0.67646361689548928 4.2427038699388495 0.25809098174795575 1.4426012941403312 0.69507315848022688 0.54152454680297424 0.87189967918675393 0.40998611587565392 0.085673850495368242 0.46864190814085305 0.10261735646054149
leaf_count=75 1 9 4065 46 3792 19 883 322 1106 32 28 196 21 24 21 2425 625 38 17 4 33 8 39 354 44 7 94 10
internal_value=0.00046594 0.00103342 -0.00601308 -0.0250908 -0.00863304 0.00137808 0.00571763 0.00704229 -0.0126048 0.0061413 0.0775747 0.00543382 -0.0250036 0.00604965 -0.0264837 0.00729683 -0.0450127 0.00124185 -0.0369335 -0.0652356 -0.0606388 -0.053948 -0.0508603 -0.0515807 -0.053508 -0.050236 -0.0505036 -0.0503965
internal_weight=466.22 462.228 194.252 54.2427 29.7039 140.009 120.232 118.596 29.0343 267.976 2.62803 265.348 19.777 262.91 9.70665 253.203 24.5388 2.7541 15.6868 3.99236 3.76333 2.32072 21.7847 1.62565 0.668077 0.957574 0.700617 0.571259
internal_count=14338 13887 11048 9711 4944 1337 1224 1205 4898 2839 141 2698 113 2666 45 2621 4767 663 92 451 450 417 4104 409 48 361 113 104
is_linear=0
shrinkage=0.05


Tree=103
num_leaves=31
num_cat=0
split_feature=3 2 6 17 3 3 17 11 17 7 17 5 5 6 0 16 6 11 16 9 18 4 10 16 15 2 15 18 3 15
split_gain=7.35347 4.911 7.16618 5.54011 10.0879 7.24799 7.1877 7.06946 6.56942 6.55771 6.37215 5.45406 7.90539 6.01294 5.65687 5.47275 5.15642 3.59886 4.09975 3.81483 3.04648 2.15509 1.71846 0.860163 0.253876 0.0234965 0.00529192 0.000124718 7.49931e-05 5.15597e-05
threshold=0.11816395653618708 0.5411877013031503 0.12162106446545536 0.52020408163265319 0.17655112696628947 0.15730038811178773 0.99528301886792458 0.3062827248737629 0.23861283643892342 1.2235898084201551 0.96407056798623081 0.086743710087794898 0.084668555379915647 0.27048155796749412 0.66666428019415547 0.089647914274779958 0.20550970227021789 0.14939617623098336 0.20941306755260247 5.5000000000000009 2.5000000000000004 0.38673635245927801 4.5000000000000009 0.043344068706387552 0.15450928381962867 0.0078627143809997975 0.076436222005842283 6.5000000000000009 0.11764829922345731 0.15450928381962867
decision_type=2 2 2 2 2 2 2 2 2 2 2 2 2 2 2 2 2 2 2 2 2 2 2 2 2 2 2 2 2 2
left_child=27 2 24 8 5 9 16 -8 20 -5 -7 12 13 -4 23 -16 -6 18 -10 -19 -3 -14 -22 -13 25 -2 -27 -1 29 -29
right_child=1 3 11 4 6 10 7 -9 17 -11 -12 14 21 -15 15 -17 -18 19 -20 -21 22 -23 -24 -25 -26 26 -28 28 -30 -31
leaf_value=-0.051392390333601858 -0.063856277860091168 0.064879949648906587 -0.0099110474705559008 -0.043620281279484537 0.0068769247083003224 0.060201682896364066 -0.0028592093427254224 0.21436382198947027 0.057419478283053521 0.097326905033655625 -0.050285916232768041 -0.087976528070349308 0.040001281813894347 0.013207553141308396 -0.0098041597706186034 0.007835946262939238 -0.048713699646764273 -0.050438865582236828 -0.0084286233974267509 0.013700191626613871 -0.050174704005161885 0.10892264834221699 -0.14795281819107603 -0.040536568676209264 -0.085757065249900497 -0.052381892554890855 -0.058916600199388186 -0.050157945341302891 -0.050637396124739366 -0.051898577323534215
leaf_weight=0.24300999287515779 0.65365547593682949 0.53023898601532238 34.947052283445373 6.3190534755121943 4.8949822940630829 7.6998269620817137 1.2406702924054105 0.53653061389923085 8.0110553242266196 0.94919845811091352 1.5712628944311289 1.205096773803233 2.2022492194082579 144.09343732194975 81.248472002800554 95.826221257681027 28.220825505326502 2.9485337771475306 3.3532287345733485 10.846189045812933 3.552782429382205 2.3387480610981584 0.51442711427807797 4.6133985258638859 0.86840537190437306 2.2834072443656628 0.35844846814870823 5.7828810806386173 1.0102756011765448 0.042859156616032013
leaf_count=12 5 1 416 901 365 443 174 1 31 63 400 12 38 1511 1784 1173 3492 35 91 66 201 6 5 81 4 192 5 2670 115 2
internal_value=0.000286127 0.00107836 0.00351809 -0.0100593 -0.019994 0.0121694 -0.0352395 0.0627196 0.00711216 -0.0252133 0.0414763 0.00425918 0.0103474 0.00869502 -0.00185199 -0.000257992 -0.0404966 0.017155 0.0379899 -9.12164e-06 -0.0478459 0.0754978 -0.0625418 -0.0503621 -0.0617062 -0.0553686 -0.0532685 -0.0502793 -0.0502397 -0.0501708
internal_weight=458.906 451.827 370.639 81.1888 51.4324 16.5393 34.893 1.7772 29.7565 7.26825 9.27109 366.475 183.581 179.04 182.893 177.075 33.1158 25.159 11.3643 13.7947 4.59745 4.541 4.06721 5.8185 4.16392 3.29551 2.64186 7.07903 6.83602 5.82574
internal_count=14295 11496 5227 6269 5839 1807 4032 175 430 964 843 5021 1971 1927 3050 2957 3857 223 122 101 207 44 206 93 206 202 197 2799 2787 2672
is_linear=0
shrinkage=0.05


Tree=104
num_leaves=26
num_cat=0
split_feature=13 18 6 0 6 1 18 4 8 4 15 2 19 6 19 2 19 15 15 15 8 4 9 1 1
split_gain=6.34831 6.02297 5.81339 8.17647 6.51571 5.52747 6.30158 5.34506 9.28779 5.61002 4.23315 3.95049 3.51005 3.38144 1.76903 0.411673 0.0890969 0.0753195 0.0105418 0.0105283 0.00136244 0.000818628 0.000523009 2.89929e-05 1.40679e-05
threshold=1.0000000180025095e-35 85.500000000000014 0.65938233964265136 1.000230123974984 0.89344893320642349 1.2722530919261892 82.500000000000014 0.21954239988638688 -0.82990640942565086 0.22226356057559746 0.18257575757575759 0.0069852315619441082 0.81431251950226835 0.79628524394950484 3.2830421115478208 0.024011312746534164 0.86370314655063052 0.11396103896103897 0.10741758241758244 0.17694497153700192 -0.13407014732320882 0.10786261037618174 18.500000000000004 2.3336481143272363 1.7937796538155271
decision_type=2 2 2 2 2 2 2 2 2 2 2 2 2 2 2 2 2 2 2 2 2 2 2 2 2
left_child=1 2 3 7 5 6 -4 8 -1 -9 12 -5 -6 -7 -13 -2 19 18 22 20 21 -17 23 -3 -22
right_child=15 17 4 11 10 13 -8 9 -10 -11 -12 14 -14 -15 -16 16 -18 -19 -20 -21 24 -23 -24 -25 -26
leaf_value=-0.083500583059647901 -0.12808063422802085 -0.050165722017805128 0.0063211360211124059 0.022520005284250005 -0.035398674140510546 0.018500401844665181 0.078484849234757958 0.047103519692598871 -0.0073897152411809656 0.0021530397312634676 0.035992233409445892 -0.053389976961825659 -0.15126207442401463 0.059562950740846901 -0.0037483815165782024 -0.055811116539941676 -0.070029499025740419 -0.079721656867118906 -0.063145160590457924 -0.058993129599336169 -0.050164360663721298 -0.051909533062703073 -0.052880891492522689 -0.050784285841860621 -0.050996167358257842
leaf_weight=4.2233464110177001 0.23798325657844488 4.5870792299974701 96.012861368013546 2.4500591009855297 6.8501393001060915 10.955769038293512 3.1236002617515615 7.1703496362315482 78.715909807709977 217.22231940284837 1.9597777165472505 12.313102602376601 0.72263025352731336 9.2437548637390119 2.10087751969695 0.21016835095360942 1.3862754340516401 0.23382471501827229 0.16483741998672474 0.66731742117553938 0.84768225776497275 0.37314924539532512 0.18784057395532716 0.19759654847439367 0.054073031060397625
leaf_count=39 1 2065 2565 8 431 132 371 81 3888 3291 16 835 7 67 29 4 32 1 1 8 370 45 5 30 3
internal_value=0.000135526 0.00066738 0.00129139 -0.00227948 0.0102747 0.0134522 0.00859488 -0.000419426 -0.0112654 0.00358941 -0.0295048 -0.0361773 -0.0464549 0.0372915 -0.0461546 -0.0644246 -0.0601436 -0.0519684 -0.0507052 -0.0537764 -0.0514323 -0.0533153 -0.0502929 -0.0501913 -0.0502142
internal_weight=462.212 458.436 453.064 324.196 128.869 119.336 99.1365 307.332 82.9393 224.393 9.53255 16.864 7.57277 20.1995 14.414 3.77665 3.53867 5.37118 5.13735 2.15239 1.48507 0.583318 4.97252 4.78468 0.901755
internal_count=14325 13862 11760 8171 3589 3135 2936 7299 3927 3372 454 872 438 199 864 463 462 2102 2101 430 422 49 2100 2095 373
is_linear=0
shrinkage=0.05


Tree=105
num_leaves=30
num_cat=0
split_feature=0 6 0 18 7 7 8 0 14 8 19 4 10 11 2 14 15 15 19 15 7 3 18 8 0 10 2 19 15
split_gain=6.5869 8.88044 6.5741 6.45405 5.00185 12.8882 9.94493 11.6362 8.83199 7.27072 7.2609 6.56497 4.33603 4.40886 3.70334 3.35863 4.05111 2.76582 1.3718 0.375235 0.118087 0.063311 0.0146511 0.00568452 0.00309392 0.000482865 0.000265517 3.03792e-05 1.05686e-05
threshold=1.000230123974984 0.77209342128098624 2.2584466459382786 85.500000000000014 0.35140682710434845 0.228940306806133 0.72488549009415104 0.99301392515452203 0.52488425925925941 3.5062199617612699 4.5137154671684039 0.37536456538181684 2.5000000000000004 0.10822336645577278 0.0069852315619441082 0.63246753246753251 0.090326340326340335 0.39565217391304358 3.2830421115478208 0.133974358974359 0.65677870700723162 0.33050075855130473 5.5000000000000009 -0.13407014732320882 1.9521215774443281 10.500000000000002 0.010884129144007866 0.38198310920148659 0.10215677179962897
decision_type=2 2 2 2 2 2 2 2 2 2 2 2 2 2 2 2 2 2 2 2 2 2 2 2 2 2 2 2 2
left_child=3 14 23 4 5 6 7 -1 9 11 -8 -6 17 -14 -2 -10 -17 -7 19 22 -11 25 -16 -3 26 27 -25 -5 -29
right_child=1 2 -4 21 8 12 10 -9 15 20 -12 -13 13 -15 18 16 -18 -19 -20 -21 -22 -23 -24 24 -26 -27 -28 28 -30
leaf_value=-0.01834627162764511 0.011726573022183011 -0.058627732586117393 0.068126704918497774 -0.051142952288533522 0.0039909000379655807 -0.050510319137176567 0.026827029439587757 0.0068183587590097978 -0.13387633125765855 -0.021299229235661254 -0.06316528314598055 0.026275900523958531 0.058019880258716322 -0.021949469030536479 -0.056104612599240815 -0.063804809966372153 0.038876687768126174 0.014222084819134513 -0.012209879697354925 -0.07569541236112981 -0.052820591820383928 -0.071256889275833166 -0.051998870060480075 -0.052640320105134586 -0.057358933260884773 -0.053410725997225551 -0.050316987924492608 -0.050166913821971762 -0.050825115235297362
leaf_weight=68.713514489121735 2.7778710797429147 0.49512971099466074 3.7545674592256546 0.08255978929810126 62.226460660807788 18.190485469764106 50.282212293008342 138.5939247062197 0.99556774226948519 0.32128623407333989 2.3459760248661032 70.479421491036192 2.2081968876300362 7.8526114266132936 2.9987552817910892 3.1452316420618445 1.3829255728051064 1.8147654458880413 1.9712186381220806 2.2174163311719886 3.9500527502968907 0.38756284117698658 7.8891449888469651 0.14994629006832727 0.22356034815311432 0.11941361054778088 0.68361453386023641 4.6730845358688384 0.061793610220774897
leaf_count=705 11 15 9 9 2022 1431 996 4275 9 15 13 646 41 112 51 123 8 7 29 12 351 2 980 4 2 2 172 2216 7
internal_value=0.00154114 -0.0244447 0.0323441 0.0029158 0.00358936 -0.000179842 0.00340501 -0.00152264 0.01126 0.0137597 0.0228155 0.0158264 -0.0311727 -0.00439739 -0.0413238 -0.0507267 -0.0324453 -0.0446382 -0.0510984 -0.0569478 -0.0504496 -0.0517976 -0.0531297 -0.0542065 -0.0521358 -0.0502699 -0.0507349 -0.0501921 -0.0501755
internal_weight=460.988 23.1612 5.30682 437.827 432.503 290.002 259.936 207.307 142.501 136.977 52.6282 132.706 30.0661 10.0608 17.8544 5.52372 4.52816 20.0053 15.0765 13.1053 4.27134 5.32441 10.8879 1.55225 1.05712 4.93685 0.833561 4.81744 4.73488
internal_count=14275 1285 202 12990 10754 7580 5989 4980 3174 3034 1009 2668 1591 153 1083 140 131 1438 1072 1043 366 2236 1031 193 178 2234 176 2232 2223
is_linear=0
shrinkage=0.05


Tree=106
num_leaves=25
num_cat=0
split_feature=13 18 1 6 0 6 3 4 3 17 9 18 8 4 4 2 17 3 3 10 1 1 1 15
split_gain=5.79544 5.44484 5.45246 4.71867 8.56073 8.17574 6.22191 6.08884 3.83508 3.33532 6.58829 2.79376 2.03732 1.77822 0.952938 0.303538 0.0720215 0.0534548 0.00115194 0.000353187 5.52254e-05 2.51491e-05 7.14389e-06 3.00424e-06
threshold=1.0000000180025095e-35 85.500000000000014 1.7184139415223687 0.68092298026036746 1.000230123974984 0.6882950175892224 0.33050075855130473 0.11863035314223348 0.11832206701141558 0.58561221975856126 6.5000000000000009 9.5000000000000018 0.074580931905591882 0.61055635938457431 0.31868751518755295 0.024011312746534164 0.50362318840579723 0.33050075855130473 0.18773028429816754 11.500000000000002 1.5544403090052237 2.3336481143272363 0.98806327284726037 0.13867521367521371
decision_type=2 2 2 2 2 2 2 2 2 2 2 2 2 2 2 2 2 2 2 2 2 2 2 2
left_child=1 2 3 4 7 8 -7 -1 -5 12 11 -11 14 -6 -4 -2 -17 19 20 21 23 22 -3 -18
right_child=15 17 9 5 13 6 -8 -9 -10 10 -12 -13 -14 -15 -16 16 18 -19 -20 -21 -22 -23 -24 -25
leaf_value=-0.050602539607218194 -0.11744518072021104 -0.050300506289175595 0.052574733573158908 0.19294795618962393 -0.053401005837486498 -0.006963676222286861 0.017054085697081642 -0.0008928479068826934 0.055988994099094205 0.053204596094520509 0.031005827902834401 -0.074796751477520601 0.0067238966675265705 -0.011823757792390241 0.020230716562703949 -0.066245534119207194 -0.050126566526661781 -0.069869349820574869 -0.053142912122811498 -0.052528539945642785 -0.051506168739619086 -0.050764088779037125 -0.050120318335392079 -0.050542051100432132
leaf_weight=6.2958831224823362 0.24448405206203405 0.64889747137203713 10.210470376536255 0.58522068231832136 10.015567915630525 52.279446963570081 55.687686105258763 285.77864486677572 4.0374094302533194 0.49811002612113808 5.7565680490806699 2.9563101335661486 4.6082868231460443 3.4601075840182594 2.9309925644192836 1.8616646723821761 0.75021933519747086 0.37579502165317524 0.58418664068449289 0.16487051546573628 0.082968808710575104 0.1722035213606431 3.6120424836408347 0.046186109306290746
leaf_count=849 1 242 78 16 741 2493 672 6557 77 3 27 102 33 113 35 37 370 2 38 4 5 27 1882 5
internal_value=-0.000217259 0.000286044 0.000867392 -0.000537821 -0.00376206 0.00821223 0.00542429 -0.00196438 0.0733279 0.0226611 -0.00175155 -0.0563396 0.0353298 -0.0427253 0.0453609 -0.0636745 -0.0597211 -0.0517381 -0.0514219 -0.0502562 -0.0502786 -0.0501717 -0.0501478 -0.0501507
internal_weight=453.644 450.075 445.101 418.14 305.55 112.59 107.967 292.075 4.62263 26.9607 9.21099 3.45442 17.7497 13.4757 13.1415 3.56971 3.32523 4.97381 1.46356 4.59801 0.879374 4.43314 4.26094 0.796405
internal_count=14409 13953 11796 11518 8260 3258 3165 7406 93 278 132 105 146 854 113 456 455 2157 418 2155 380 2151 2124 375
is_linear=0
shrinkage=0.05


Tree=107
num_leaves=31
num_cat=0
split_feature=1 14 18 18 10 11 1 3 17 8 1 7 8 8 2 5 9 3 17 16 2 17 0 14 5 16 9 0 15 2
split_gain=5.75311 6.42543 8.39773 6.1305 10.2959 9.66165 8.56621 9.14064 9.02639 7.3782 6.67552 8.34443 18.038 10.9468 7.00876 6.53445 6.35216 6.05354 5.99152 5.95892 5.54099 5.52489 5.26935 4.89331 4.19749 4.96073 7.04029 4.09009 4.41573 3.85014
threshold=1.2984732584877789 0.089898989898989909 23.500000000000004 5.5000000000000009 1.5000000000000002 0.14939617623098336 1.1434833388845649 0.1765519871431239 0.89893315174214061 -0.90822864495876787 0.41154796575205704 0.41430731178616836 0.54609886227422599 1.3852484496582937 0.016853039026482993 0.067700074389089968 3.5000000000000004 0.1827969831578872 0.99528301886792458 0.021858576206402299 0.53552586816383474 0.80099009900990115 0.82253377701730301 0.46998799519807927 0.15503796409158146 0.052864462040055897 5.5000000000000009 0.82492076368956013 0.08631332481907196 0.030830476798263253
decision_type=2 2 2 2 2 2 2 2 2 2 2 2 2 2 2 2 2 2 2 2 2 2 2 2 2 2 2 2 2 2
left_child=3 21 -3 10 6 17 7 8 -5 -7 15 12 14 -13 -12 -1 -11 23 -9 -19 -4 24 -15 -6 25 -2 -27 -8 -29 -14
right_child=1 2 20 4 5 9 27 18 -10 16 11 13 29 22 -16 -17 -18 19 -20 -21 -22 -23 -24 -25 -26 26 -28 28 -30 -31
leaf_value=0.010871300186103369 0.046730730317137911 0.04133597264484995 -0.13505880009734703 -0.051105934670008506 -0.031017561909835206 -0.095394706506898519 0.15772502517092901 -0.040173812664347539 0.030386954084810732 -0.049192571856242782 -0.038169531454649873 0.034371304750187993 0.042427924703202301 0.051449563079529408 -0.0026186395058996528 -0.05218650119995475 -0.0029910721466714948 0.04625953881006116 0.0075595455674127496 0.010402592686351174 -0.024723648520371941 -0.035520892145415442 -0.066034510539818445 0.092140956068824609 -0.042456014507107134 -0.016684109975271401 0.028826981287045528 -0.051457864364853736 0.055180041312770434 0.0073189398985865906
leaf_weight=7.3585740923881557 18.056864467449486 2.5665280437096945 1.9681758051738141 4.7375716331880566 10.224748092121441 2.6634015731979153 0.64954113960266102 53.74656866537407 12.01662456919439 8.8216727387625706 22.849475859664381 43.150058341212571 21.139169467613101 1.2238203212618817 35.253508617170155 9.3015919514000398 47.486109556746669 15.033902653958647 7.4902180978097013 50.53242853959091 2.6973305762512609 4.435661470051854 4.335687720682472 0.87558330269530493 2.4057103565428397 12.120154821313916 28.430829421267845 1.3750551535049442 3.301862895488739 12.382940933108328
leaf_count=31 103 14 22 1166 1420 24 1 4986 2017 665 206 221 101 10 178 59 743 156 350 487 50 374 276 23 28 142 217 199 10 71
internal_value=0.000538082 0.0134155 -0.0313076 -0.00195148 -0.007358 0.00113973 -0.021192 -0.0253818 0.00734327 -0.0140759 0.00558881 0.00914125 0.00025158 0.0258632 -0.0165993 -0.0243347 -0.0102294 0.0128434 -0.0343353 0.0186243 -0.0712693 0.0183574 -0.0401726 -0.0213029 0.0222743 0.0249313 0.0152243 0.0401558 0.0238276 0.0294588
internal_weight=448.631 72.6813 7.23203 375.95 218.955 135.638 83.3174 77.991 16.7542 58.9712 156.995 140.335 91.6251 48.7096 58.103 16.6602 56.3078 76.6667 61.2368 65.5663 4.66551 65.4492 5.55951 11.1003 61.0136 58.6078 40.551 5.32646 4.67692 33.5221
internal_count=14350 950 86 13400 12247 3518 8729 8519 3183 1432 1153 1063 556 507 384 90 1408 2086 5336 643 72 864 286 1443 490 462 359 210 209 172
is_linear=0
shrinkage=0.05


Tree=108
num_leaves=31
num_cat=0
split_feature=3 3 7 1 6 11 15 9 1 1 2 18 18 9 6 18 18 1 1 3 11 8 15 6 8 16 17 0 17 18
split_gain=7.57237 8.65825 5.75332 14.0911 7.89646 6.222 5.27956 4.97449 10.9736 10.1226 9.9381 10.3203 6.76801 6.21643 8.56998 5.48572 5.32192 5.00564 4.95201 5.01159 4.57201 3.9992 4.13749 3.77619 7.17329 4.87137 4.14743 4.85699 3.76906 3.73533
threshold=0.31771853079203694 0.49188335001969546 -0.35745549845138008 0.41154796575205704 0.58719773726029845 0.20958659671981697 0.16515151515151519 3.5000000000000004 0.98806327284726037 0.9879250471210419 0.11205393508925382 10.500000000000002 73.500000000000014 2.5000000000000004 0.77679518015697757 12.500000000000002 29.500000000000004 0.97104273854334489 0.41154796575205704 0.52429209191814763 0.26782373652512365 1.3506663390590101 0.68333333333333346 0.35247833560211494 -0.58769235627512562 0.087167581257914753 0.23861283643892342 0.72156792546909421 0.39339826839826847 28.500000000000004
decision_type=2 2 2 2 2 2 2 2 2 2 2 2 2 2 2 2 2 2 2 2 2 2 2 2 2 2 2 2 2 2
left_child=7 20 3 -3 -5 18 -6 8 9 12 11 28 15 16 -15 -1 -12 -14 -4 -20 23 22 -9 24 -2 -26 27 -25 -10 -28
right_child=1 2 5 4 6 -7 -8 21 10 -11 13 -13 17 14 -16 -17 -18 -19 19 -21 -22 -23 -24 26 25 -27 29 -29 -30 -31
leaf_value=-0.0023214334304787329 -0.045480681697153733 0.073659717223294605 -0.036769427036133305 -0.083224820648263365 -0.043836621352471197 -0.045035945856197135 0.047917178045694037 0.0030000546031949469 -0.064302653571112992 0.12354439503296243 -0.094558219338260224 0.11767120660527096 -0.0081996805325796514 -0.034003513583533589 0.068299863564455041 -0.043505972263768636 -0.043059229544995858 0.096664061582578745 -0.017634656833199126 0.021725027203226274 -0.030254859707026349 -0.049187036708675948 -0.096155487052818803 -0.041187484843051868 -0.010805769305700446 0.023675649892149365 0.030493586969339778 0.015517537704059715 0.01502336390405646 -0.0020396739624594633
leaf_weight=49.460667607840151 6.6004236275330177 2.6332067698240307 6.0515113128349176 8.6451390563743171 4.4316276167519382 6.9574379427358499 2.4260788559913635 99.05274534097407 2.3091019522398692 1.5826256496366102 6.2143606712343162 1.9678610218688843 1.9396062846062694 8.7435310122091305 2.6729046524269497 9.6655269857728836 26.028031481662765 2.7536619986640289 10.892789648380129 31.402854986605234 6.0681314803659907 3.9756411215057588 1.063361421227454 5.3209749311208734 16.599057925399393 26.74893799633719 60.427698653656989 13.008100434206426 4.2598583088256419 10.331421497277914
leaf_count=517 35 6 38 174 96 51 8 1811 28 43 326 39 375 554 77 1209 6870 87 525 220 38 75 5 35 159 204 397 135 46 106
internal_value=-0.0014561 0.00514848 -0.00884052 -0.0332788 -0.0514426 -0.00082648 -0.0113765 -0.00796701 -0.0150136 -0.00136887 -0.0321107 0.0172285 -0.00446653 -0.0417583 -0.0100515 -0.00905399 -0.0529851 0.0533266 0.00553552 0.0115884 0.0122286 -6.09459e-06 0.0019469 0.0140828 0.003078 0.0104718 0.0202527 -0.000944068 -0.0128611 0.0257435
internal_weight=440.235 218.545 73.4406 18.1361 15.5028 55.3046 6.85771 221.689 117.598 65.4021 52.1956 8.53682 63.8195 43.6588 11.4164 59.1262 32.2424 4.69327 48.3472 42.2956 145.105 104.092 100.116 139.037 49.9484 43.348 89.0882 18.3291 6.56896 70.7591
internal_count=14289 2227 1118 284 278 834 104 12062 10171 2231 7940 113 2188 7827 631 1726 7196 462 783 745 1109 1891 1816 1071 398 363 673 170 74 503
is_linear=0
shrinkage=0.05


Tree=109
num_leaves=21
num_cat=0
split_feature=4 0 9 1 8 8 7 17 9 5 15 7 5 7 8 18 8 15 1 15
split_gain=5.23413 5.16407 4.15285 3.98719 4.14924 10.1461 8.65198 3.77488 5.07591 3.73704 3.19915 2.10059 1.3233 1.25652 1.25127 0.0319846 0.0152849 0.00648351 0.00112012 0.000319836
threshold=0.11803770376965893 0.65265092346082143 25.500000000000004 1.7184139415223687 -0.44684191259026701 -0.22225919446814504 1.1820230933067035 0.60097087378640779 6.5000000000000009 0.067700074389089968 0.15831244778613202 0.071592455068093627 0.10476924618419146 1.1528959389604383 -1.0000000180025095e-35 13.500000000000002 0.26080758167646684 0.14160401002506268 2.1365178262240221 0.038218111002921142
decision_type=2 2 2 2 2 2 2 2 2 2 2 2 2 2 2 2 2 2 2 2
left_child=10 9 3 4 6 -6 -3 14 -9 11 15 -2 -11 16 -5 -1 -14 18 19 -17
right_child=1 2 -4 7 5 -7 -8 8 -10 12 -12 -13 13 -15 -16 17 -18 -19 -20 -21
leaf_value=-0.064077899848399053 0.031381060554850571 -0.019596973026952118 -0.090234196863891572 0.042128599420220028 0.02015128003017478 -0.0014152050091321058 0.027767469634250575 -0.056378052562419859 0.024404300825127494 -0.086208224211130322 0.036851073895956647 -0.028710984951074017 -0.053863072280443659 0.00068271478801999947 0.010863590224901238 -0.0503484898246854 -0.061223535830391584 -0.05882583341684261 -0.054535435775166986 -0.05132573272728759
leaf_weight=0.49696304975077321 2.7241532984189671 52.101375424885191 1.2221723301336158 13.0656148577109 68.912168431677856 261.4081837531412 11.831028101034461 3.1616049667354655 5.0515141750220209 2.2679441701620817 1.1857134336605666 3.1197358053177595 2.4531891890801494 1.3668140266090629 4.2382715558633235 5.2097517765359953 0.98995998641476024 0.24998803716152895 0.17735862464178342 0.99758762586861838
leaf_count=16 19 513 7 113 705 10459 57 112 36 24 9 26 61 13 32 1905 15 4 7 149
internal_value=9.04446e-05 0.000843555 0.00179918 0.00206714 0.000827415 0.00308404 -0.0108319 0.0212216 -0.00669252 -0.0302908 -0.039199 -0.000698827 -0.0547234 -0.0398781 0.0344708 -0.0518432 -0.0559793 -0.0509268 -0.0506175 -0.0505055
internal_weight=442.231 433.914 420.992 419.77 394.253 330.32 63.9324 25.517 8.21312 12.9218 8.31736 5.84389 7.07791 4.80996 17.3039 7.13165 3.44315 6.63469 6.3847 6.20734
internal_count=14282 12192 12034 12027 11734 11164 570 293 148 158 2090 45 113 89 145 2081 76 2065 2061 2054
is_linear=0
shrinkage=0.05


Tree=110
num_leaves=31
num_cat=0
split_feature=7 7 7 14 14 7 8 0 19 16 3 4 6 6 8 0 17 8 17 6 1 1 19 4 7 17 15 6 15 19
split_gain=5.40597 7.44776 12.0659 10.8684 8.98071 8.25749 7.32126 8.95322 6.74162 6.36792 7.81665 6.16477 7.32327 7.13142 6.69507 5.57193 5.31926 7.63765 6.81785 5.06828 7.30396 3.54228 3.33368 3.28697 2.51281 2.37778 2.20584 1.3906 0.829697 0.138875
threshold=2.6706599350452187 0.38657769396661867 -0.10142478842371776 0.52488425925925941 0.68148880105401854 -0.41797534444337953 0.95982930226582297 0.99999980854987547 4.5137154671684039 0.66828478964401306 0.28842063355290043 0.37536456538181684 0.60030011456422139 0.59269173940022801 1.3852484496582937 0.70000566694608735 0.93011627906976757 0.11349012824330086 0.95811403508771942 0.57754794997398307 0.49807773411466871 1.1366822660910263 3.5457625179482588 0.17736060946595436 -0.7589426785352823 0.50362318840579723 0.16035714285714289 0.69401788711547863 0.041166501906510382 0.86370314655063052
decision_type=2 2 2 2 2 2 2 2 2 2 2 2 2 2 2 2 2 2 2 2 2 2 2 2 2 2 2 2 2 2
left_child=1 2 5 11 9 6 7 -1 15 10 -4 12 13 -3 -14 -7 17 -13 -18 26 -21 23 -11 -5 -8 -23 29 -22 -29 -2
right_child=19 3 4 21 -6 8 24 -9 -10 22 -12 16 14 -15 -16 -17 18 -19 -20 20 27 25 -24 -25 -26 -27 -28 28 -30 -31
leaf_value=-0.035317929877246891 -0.057504492373755871 -0.0096799729110626787 -0.024261733223455487 0.046826641493138664 0.06131156955562117 0.039983642759030033 0.041573378585411019 0.0033660474678715324 -0.085981494662607988 -0.061911561083352329 0.0016115924348557725 0.033011858812292703 0.028206152558100273 -0.16492513488373928 -0.086873928496229075 0.010733189531058927 0.13508880832730905 -0.011375691375692248 0.03842438220801192 0.041627094581745377 -0.14641033555513336 -0.18380532621996712 0.017502439927970043 -0.060798027623639353 -0.0053353995405493208 -0.058461135153211052 -0.0087181297281435331 -0.05229098408745906 0.046620612165317571 -0.072264675936688089
leaf_weight=27.429873086162843 5.9861115182284284 29.374253572430465 66.683593890164047 0.96274381410330478 3.8262450727634123 20.745465276297182 9.0820073159411532 32.894923278712668 1.6149735841900099 10.179509149398653 51.920083021861501 27.802947313291952 25.198028712184172 0.75885150209069152 1.3305856415536244 75.654102480039001 2.1291262072045329 14.876727411057798 12.733612803509459 4.9353508641943318 0.37634583679027889 0.78495101630687691 1.5186619504820544 2.6963248222600669 4.1637676095124325 0.73044448858126998 2.6222951821982852 2.4894342627376322 0.23175168223679055 2.1717576908413321
leaf_count=182 407 1340 7179 21 38 119 42 534 17 258 517 154 823 16 50 1464 36 363 138 21 19 4 61 120 31 49 14 227 3 57
internal_value=2.01894e-05 0.00118097 -0.00295472 0.0117719 -0.0141897 0.00582769 -0.00683271 -0.0142237 0.0153307 -0.0164068 -0.0129354 0.0149832 0.00327647 -0.0135896 0.0224341 0.017028 0.0265108 0.0175398 0.0522718 -0.0262083 0.00385576 -0.0591037 -0.051602 -0.0324807 0.0268278 -0.123387 -0.0486107 -0.056326 -0.0438671 -0.0614339
internal_weight=443.905 425.092 305.713 119.379 134.128 171.585 73.5706 60.3248 98.0145 130.302 118.604 114.204 56.6617 30.1331 26.5286 96.3996 57.5424 42.6797 14.8627 18.813 8.03288 5.17446 11.6982 3.65907 13.2458 1.5154 10.7802 3.09753 2.72119 8.15787
internal_count=14304 13556 10442 3114 8053 2389 789 716 1600 8015 7696 2920 2229 1356 873 1583 691 517 174 748 270 194 319 141 73 53 478 249 230 464
is_linear=0
shrinkage=0.05


Tree=111
num_leaves=31
num_cat=0
split_feature=13 3 6 9 8 7 8 8 8 7 17 18 8 17 7 4 8 5 1 5 3 17 6 4 9 17 7 3 1 2
split_gain=5.28396 4.71154 6.43002 6.16917 6.24997 6.69393 5.60189 5.55173 9.75396 7.48532 6.59192 5.44183 9.60395 5.64111 7.74415 6.1852 4.50275 10.388 5.01672 4.15436 5.6619 4.11022 4.06802 4.05205 3.56386 2.49918 2.10532 1.38087 1.071 0.219185
threshold=1.0000000180025095e-35 0.32431244694329558 0.328871447630603 4.5000000000000009 0.89145823621153586 1.1111226428630887 0.59220107519618426 0.34260398371135858 0.20427727673448706 1.371796523185111 0.89893315174214061 38.500000000000007 0.49960294560103313 1.0000000180025095e-35 -0.50000080733447205 0.43394123650843808 -0.34429611182886427 0.029482324138965486 0.77777666391739908 0.11170573639713863 0.49366807625963799 0.5300120048019209 0.83147024626683719 0.1772510553497115 6.5000000000000009 0.4777667984189724 0.14014767855559987 0.31048362083684394 1.041921352158363 0.024011312746534164
decision_type=2 2 2 2 2 2 2 2 2 2 2 2 2 2 2 2 2 2 2 2 2 2 2 2 2 2 2 2 2 2
left_child=1 3 16 7 5 6 -5 8 23 10 -9 13 25 15 -15 -4 17 -3 -19 20 -18 -21 -10 -1 -6 -13 -26 -11 -7 -2
right_child=29 2 11 4 24 28 -8 9 22 27 -12 12 -14 14 -16 -17 19 18 -20 21 -22 -23 -24 -25 26 -27 -28 -29 -30 -31
leaf_value=-0.051949621548872428 -0.10889634845986616 0.054879198373261176 0.014507206745379031 0.0019772212660983755 -0.084971960302683655 0.070742146500388861 0.057645277200163964 -0.0083344148698484121 -0.06065779410983916 -0.054278878404199996 0.026264051783390092 0.0532592580778306 -0.32450275028506148 -0.011254948373061296 0.025253311607777908 -0.026117315635394919 0.0031595280139039717 -0.01246373594305855 -0.071312609303460714 0.03623199013828083 -0.045623899506953863 -0.029152843907106957 0.018986682751124917 -0.0056520511773145944 0.020586616338273647 -0.049342372751492447 -0.046833505129259774 -0.16717944235761301 0.03022037396085632 -0.059976446054588954
leaf_weight=5.2131281463662154 0.24833145737647955 3.098109062761071 21.638443858362734 71.990665579447523 2.6363401515409342 4.5542575005674726 4.8219016185030332 36.140694146510214 15.875821946072394 4.3170636842260128 22.238035339512862 0.78129490837454785 0.29100657277740527 17.346341094002128 89.322946750442497 16.524802212836221 23.773538457229737 6.3865328740794203 8.3645437560044211 11.860923005035145 7.9324002703651777 3.0143839613301671 1.7833923520520318 50.582730478025042 2.3839964342769235 2.469359693583101 2.2514809858985245 0.28895962936803687 2.540061759063974 2.9369175600586459
leaf_count=1420 1 14 120 1191 38 39 48 1156 3700 500 1368 6 11 103 603 348 223 49 94 57 50 127 380 1801 19 344 33 5 23 452
internal_value=0.00037684 0.000840913 0.00618939 -0.00415947 0.00590993 0.00976369 0.00547178 -0.0108886 -0.020228 3.42763e-06 0.00484508 0.0119167 -0.0493173 0.0134141 0.0193164 -0.00308334 -0.00699984 -0.0283529 -0.0458338 0.0011823 -0.00904543 0.0229822 -0.0526146 -0.00997773 -0.0385573 -0.0246821 -0.0121598 -0.0613617 0.0562337 -0.0637904
internal_weight=443.608 440.423 212.805 227.619 91.1787 83.9069 76.8126 136.44 73.4551 62.9848 58.3787 148.374 3.54166 144.833 106.669 38.1632 64.4304 17.8492 14.7511 46.5812 31.7059 14.8753 17.6592 55.7959 7.27182 3.25065 4.63548 4.60602 7.09432 3.18525
internal_count=14323 13870 2149 11721 1391 1301 1239 10330 7301 3029 2524 1535 361 1174 706 468 614 157 143 457 273 184 4080 3221 90 350 52 505 62 453
is_linear=0
shrinkage=0.05


Tree=112
num_leaves=31
num_cat=0
split_feature=3 0 6 0 9 17 4 8 19 2 6 17 4 4 5 5 19 17 19 6 11 11 16 2 7 0 19 0 8 19
split_gain=6.1466 6.5011 9.2609 7.28658 5.57573 5.29314 7.1947 7.43256 6.66771 5.51483 5.71306 5.57074 7.74186 5.07033 4.82159 7.09478 4.37382 2.65836 1.80883 1.6471 0.605127 1.84233 0.235322 0.366905 0.694183 0.156992 0.0630874 0.0262104 0.00581135 0.00246921
threshold=0.15730038811178773 1.000230123974984 0.73576623743230651 2.2584466459382786 7.5000000000000009 0.12731481481481485 0.18619599718685839 -0.90822864495876787 2.5969505723818571 0.71383859881945144 0.66137480195205489 0.5300120048019209 0.2508296592562807 0.17632161558063983 6.3685809864717386e-05 6.2506183300142996e-05 4.5137154671684039 0.59508740204942745 3.2830421115478208 0.58719773726029845 0.15725419837105456 0.15841690708931674 0.18230694037145653 0.12191795523649727 -0.33674092772216074 1.0029762839172063 1.07077190978154 0.69999925015597209 -0.13407014732320882 0.35300020676557381
decision_type=2 2 2 2 2 2 2 2 2 2 2 2 2 2 2 2 2 2 2 2 2 2 2 2 2 2 2 2 2 2
left_child=4 5 18 28 14 6 13 -8 -9 11 -11 16 -13 19 15 -1 -7 22 20 -2 25 -22 -6 -24 -25 -3 -16 -28 -4 -30
right_child=1 2 3 -5 17 9 7 8 -10 10 -12 12 -14 -15 26 -17 -18 -19 -20 -21 21 -23 23 24 -26 -27 27 -29 29 -31
leaf_value=-0.050613016993619975 -0.060130147448775068 -0.080674242712574284 -0.057997869331648591 0.069015318000252249 0.059598498169728335 0.013990483077872321 0.046710494964421749 -0.029557556248971335 0.0091894314101583548 0.012767085378409114 0.2415241446648255 -0.016158620583670277 0.006325086175411357 0.063057058614360534 -0.050624220793040645 0.17029097115375247 -0.021666675951659865 -0.051677096424185977 -0.0032689591958627723 0.033439695603881915 0.061212690957126704 -0.054759265088299564 0.064606592743750843 0.059479158448233066 -0.030605747928059014 -0.056298091954065869 -0.052518020855823015 -0.065505904976451521 -0.055656519326756138 -0.050479567062951182
leaf_weight=0.85802758298814541 1.3986457441933446 0.70525738655124115 0.69634388922713686 3.7244302928447723 1.6585299074649809 143.24840178596787 4.5074890404939643 44.502753090113401 14.793960010632871 0.59885190660133847 0.50150216277688742 57.933641949668527 112.89840863319114 5.2865968027617782 11.512674649071412 0.63060667889658362 9.14948618179187 0.88232302840333421 2.0886623123660675 0.70858605275861908 0.4488675594329824 1.4444977529346941 0.52491194009780862 0.40191245079040527 0.45702549477573484 10.413188645383341 0.59942387044429768 1.1036811413941894 0.33735650032758602 0.72601755463983864
leaf_count=185 76 22 13 9 5 1140 14 636 85 37 10 4961 1992 18 3598 28 47 175 31 30 1 75 1 1 41 814 24 36 4 177
internal_value=-0.000113292 0.00114465 -0.0262506 0.0293995 -0.0282117 0.0025704 -0.00977479 -0.0151855 -0.0198906 0.00528045 0.117026 0.00490004 -0.00129973 0.0369161 -0.0423437 0.0429651 0.0118497 0.0247358 -0.0464614 -0.028666 -0.0533947 -0.0272653 0.0468963 0.0316729 0.0115466 -0.0578443 -0.0519529 -0.0609347 -0.0544471 -0.052122
internal_weight=434.742 416.113 20.5846 5.48415 18.6291 395.528 71.198 63.8042 59.2967 324.33 1.10035 323.23 170.832 7.39383 14.7044 1.48863 152.398 3.9247 15.1005 2.10723 13.0118 1.89337 3.04238 1.38385 0.858938 11.1184 13.2158 1.70311 1.75972 1.06337
internal_count=14286 10192 1146 203 4094 9046 859 735 721 8187 47 8140 6953 124 3871 213 1187 223 943 106 912 76 48 43 42 836 3658 60 194 181
is_linear=0
shrinkage=0.05


Tree=113
num_leaves=31
num_cat=0
split_feature=17 17 0 7 0 3 3 1 1 4 7 7 8 6 6 7 7 16 19 0 19 0 4 7 7 10 15 4 4 4
split_gain=4.83774 8.5084 7.08408 10.2469 8.10562 10.5692 7.98671 6.43903 10.4164 9.52262 6.5802 8.28743 5.88959 5.27459 5.17294 5.05783 7.40437 9.2111 7.23878 5.7169 9.03793 7.35076 6.66428 4.89301 4.72167 4.70643 4.39427 4.22449 3.86346 4.24853
threshold=0.5300120048019209 0.12731481481481485 0.69999816845880403 -0.35745549845138008 0.99999980854987547 0.23280819412929563 0.21538829180150251 0.95014546014565993 0.49807773411466871 0.43394123650843808 -0.25650850292636418 0.1272942807194439 1.9796872985457508 0.26409757980192555 0.18618676978938029 0.017949718958651464 0.65677870700723162 0.33568075117370894 0.47914090767986156 0.99600798452680117 0.46409884013214647 0.70000566694608735 0.26803143854791273 -0.48363472228108573 0.65677870700723162 3.5000000000000004 0.61250000000000016 0.28685245725927483 0.11717423582388686 0.11904588088490606
decision_type=2 2 2 2 2 2 2 2 2 2 2 2 2 2 2 2 2 2 2 2 2 2 2 2 2 2 2 2 2 2
left_child=1 7 3 -2 5 6 25 8 12 13 -10 -12 27 -9 -6 19 17 18 -17 21 -21 22 -3 -7 -25 -4 -11 -1 -16 -30
right_child=2 15 4 -5 14 23 -8 9 10 26 11 -13 -14 -15 28 16 -18 -19 -20 20 -22 -23 -24 24 -26 -27 -28 -29 29 -31
leaf_value=-0.0055351476606786939 -0.039476266412509474 0.054595363261913249 -0.055105831502672509 0.032693897099214338 -0.038449237364168713 -0.12409841927764736 0.1020938435945683 -0.056181751853771972 0.041145590978195694 -0.063738444212677117 -0.049678622738940643 0.011965036681037659 0.023415239046726186 0.015323566049319878 -0.052684023979596442 0.077216875760244483 0.023858320213878986 -0.056316552612534578 -0.00469855025413091 -0.071687875744732732 0.033899396675325669 -0.059725209633980515 -0.0032272708577207759 -0.029274115431773065 -0.11660283390115792 0.036150574572672685 -0.16552006775275926 -0.068242775467950503 0.041296432930075969 -0.0036669434689270198
leaf_weight=3.7500038202852037 6.303066992666575 6.8064617086201968 3.8846807544468929 22.386873861309141 11.316581246384883 3.1586570551153264 1.6490821954794226 3.9907153726089764 12.890795670682563 4.099539157934486 6.9070546019356689 25.888064913451672 3.3915322683751574 7.2904780951794237 3.8320091259665778 2.8794359249295658 26.481144054676406 8.4646068622823787 42.556556945084594 2.1109962132759383 50.743409242248163 4.1213043315801761 18.601156452903524 6.2310362489661184 2.0593846323899925 2.220478473813273 1.4304708093404768 9.4641469027847034 5.4901255346485405 121.96611184475478
leaf_count=22 39 32 622 139 1019 28 7 56 52 98 145 557 17 63 1321 28 192 288 325 16 373 36 126 114 32 32 7 75 519 7929
internal_value=-0.000100336 0.00459343 -0.00605983 0.0168384 -0.0101199 -0.0406158 0.00445745 -0.00885865 -0.00144779 -0.0363186 0.010879 -0.00101787 -0.0353616 -0.0099714 -0.00601326 0.0111311 0.00220803 -0.00842867 0.000492713 0.0198373 0.0296823 0.00221561 0.0122629 -0.0711431 -0.050967 -0.0219154 -0.0900667 -0.0504472 -0.00321739 -0.00173016
internal_weight=432.366 241.868 190.498 28.6899 161.808 19.2033 7.75424 79.1028 62.2916 16.8112 45.6859 32.7951 16.6057 11.2812 142.605 162.765 80.3817 53.9006 45.436 82.3833 52.8544 29.5289 25.4076 11.4491 8.29042 6.10516 5.53001 13.2142 131.288 127.456
internal_count=14309 2508 11801 178 11623 835 661 1092 868 224 754 702 114 119 10788 1416 833 641 353 583 389 194 158 174 146 654 105 97 9769 8448
is_linear=0
shrinkage=0.05


Tree=114
num_leaves=26
num_cat=0
split_feature=13 18 6 6 18 1 3 5 9 17 15 15 7 3 2 2 18 19 3 15 3 10 1 18 1
split_gain=4.93931 4.50856 4.60609 5.74426 5.69077 7.70841 5.67949 4.85411 4.7597 5.78873 4.57972 3.5627 5.66848 2.11402 0.954123 0.162432 0.0717339 0.0674111 0.0189017 0.00482818 0.000637321 0.000483266 2.77595e-05 1.39943e-05 1.04794e-05
threshold=1.0000000180025095e-35 85.500000000000014 0.68092298026036746 0.6882950175892224 82.500000000000014 0.98898603487512549 0.33050075855130473 0.00082694159613715286 6.5000000000000009 0.89893315174214061 0.049281521959117593 0.049281521959117593 0.69813284642938445 0.11801739611656839 0.20777877814000092 0.024011312746534164 7.5000000000000009 0.86370314655063052 0.33050075855130473 0.17694497153700192 0.18773028429816754 10.500000000000002 1.5544403090052237 140.00000000000003 0.98806327284726037
decision_type=2 2 2 2 2 2 2 2 2 2 2 2 2 2 2 2 2 2 2 2 2 2 2 2 2
left_child=1 2 7 13 6 -6 -5 11 9 -9 -10 16 -13 -4 -15 -2 -1 19 21 20 22 23 -17 24 -3
right_child=15 18 3 4 5 -7 -8 8 10 -11 -12 12 -14 14 -16 17 -18 -19 -20 -21 -22 -23 -24 -25 -26
leaf_value=-0.065769037395293897 -0.10162126557850942 -0.050343213292916744 0.14382659436779835 -0.0061016951095769142 0.12382695307065826 -0.050177825943503097 0.017100516943768612 -0.0068785216206365563 -0.035783653855745133 0.013115247752233262 0.017469790193208625 -0.03163458019267025 0.056964859146891145 0.072600456137376673 0.024741807454303689 -0.050123121240082329 -0.050613653256006322 -0.068704056629011842 -0.063149500687445598 -0.05717396365090667 -0.052656749023516962 -0.052784012833885147 -0.051092879162011141 -0.050973063136938494 -0.050112486435482696
leaf_weight=0.87855909764766948 0.24993637204170172 0.59034937829710576 0.69672930904198338 51.718490649480373 2.2325009026098992 0.89029700635001052 53.823040667455643 197.18930199334864 4.3920660552103064 44.343087004846893 49.971401546499692 6.2429975301492941 2.5396777968853712 2.1805132208392024 1.9935189199168233 0.61145411455072485 7.0156672121374868 1.1681924153817815 0.30912864953279484 0.4774627937003969 0.44899054162669927 0.18487868830561627 0.083923231577500701 0.052520475233904906 2.9580414771335199
leaf_count=5 1 247 14 2152 25 322 670 3177 270 2498 377 99 17 9 67 374 1995 31 2 6 39 4 6 7 1909
internal_value=0.000503933 0.000952714 0.0014545 0.0100801 0.00769896 0.0742189 0.00573074 -0.00167854 -0.000199309 -0.00320785 0.0131674 -0.0279244 -0.00601437 0.0632011 0.0497432 -0.0630058 -0.0523003 -0.0595465 -0.0512616 -0.0529505 -0.0511883 -0.0502909 -0.0502402 -0.0501629 -0.0501509
internal_weight=433.243 430.203 426.108 113.535 108.664 3.1228 105.542 312.573 295.896 241.532 54.3635 16.6769 8.78268 4.87076 4.17403 3.03996 7.89423 2.79002 4.09492 1.62183 1.14437 3.78579 0.695377 3.60091 3.54839
internal_count=14323 13866 11697 3259 3169 347 2822 8438 6322 5675 647 2116 116 90 76 457 2000 456 2169 425 419 2167 380 2163 2156
is_linear=0
shrinkage=0.05


Tree=115
num_leaves=31
num_cat=0
split_feature=18 6 1 11 3 18 18 16 11 17 9 0 4 17 1 19 7 19 17 16 9 5 15 9 1 3 9 7 1 1
split_gain=7.10706 6.07818 5.57956 5.59245 7.08999 4.84912 4.49782 8.66816 4.54959 3.51921 6.00156 3.46244 3.28495 3.14516 2.98953 2.92678 2.83288 2.69938 2.47411 1.89445 1.23084 1.15707 0.516519 0.338231 0.117607 0.0168182 0.000606536 0.000302795 0.00020689 0.000142572
threshold=79.500000000000014 0.15733407427089038 1.7184139415223687 0.14465586372026906 0.45631481371897847 78.500000000000014 17.500000000000004 0.1502688172043011 0.04283831556209685 0.60097087378640779 6.5000000000000009 0.69999816845880403 0.40276194553749239 0.52020408163265319 0.97779387389503458 5.7405072904009726 -0.24783733585794709 0.46586733731832536 0.45346320346320351 0.016001024065540197 4.5000000000000009 0.00361784107767456 0.16515151515151519 15.500000000000002 0.41154796575205704 0.33050075855130473 8.5000000000000018 -0.029926227683874138 0.97613910834839468 1.4620681573581027
decision_type=2 2 2 2 2 2 2 2 2 2 2 2 2 2 2 2 2 2 2 2 2 2 2 2 2 2 2 2 2 2
left_child=1 11 3 6 5 -5 8 -8 -3 20 19 22 -6 16 17 23 -13 -2 -18 -11 -4 -22 24 -15 -1 26 -16 -26 -19 -28
right_child=14 2 9 4 12 -7 7 -9 -10 10 -12 13 -14 15 25 -17 18 28 -20 -21 21 -23 -24 -25 27 -27 29 -29 -30 -31
leaf_value=-0.079238700097978773 0.076487913098374105 0.0055352715862282973 0.011342028692851844 -0.0048017834060230264 -0.058706390193639914 0.083562929969338007 0.0034307550750888346 -0.03801758767332504 0.024459243136258545 0.018929484276764334 0.035243147445102672 -0.07055631288069697 -0.0046193549688273499 -0.055852153477916514 -0.050162148576673338 0.06441630874338522 -0.00642038335846358 -0.050164322587815814 0.055441360418527777 -0.075315993930155131 0.014072281104452584 0.052585541413378636 -0.10633936189280331 -0.099583078991183516 -0.053208259919376222 -0.062366756059793041 -0.050513536052363028 -0.051355907084165132 -0.052073831584307652 -0.052149576631069672
leaf_weight=0.61348070669919552 0.96582943020621204 148.2734503748361 3.2132813774515006 92.27029453869909 9.2698188452050072 1.5791196711361397 66.474747379077598 15.568145650438963 40.418250585440546 0.6807882643770421 4.4840833693742752 1.2279447098262606 4.0266940370202056 4.3107657692162311 8.1255325062666035 0.5211389660835265 5.7332134079188091 0.5431134324753657 2.2508057222003117 2.4598496551625431 2.367834508419036 11.05663768481463 1.0471164435148237 0.49269284307956684 0.30694765876978625 0.29764885455370027 0.18141226738225746 0.78441218810621638 0.19199866894632578 0.50069004390388727
leaf_count=4 52 1543 24 1276 79 25 4769 867 270 17 18 35 21 487 4162 1 81 270 15 66 26 100 5 2 9 2 55 48 7 24
internal_value=0.000725564 0.00175706 0.00300506 0.00151271 -0.00815621 -0.00331495 0.00533928 -0.00443432 0.00958884 0.0262479 -0.00188149 -0.0272723 -0.0423268 -0.0175365 -0.0393108 -0.0481275 0.00014536 0.0215359 0.0110193 -0.0548866 0.039139 0.0457925 -0.0786994 -0.0603377 -0.0617229 -0.0506774 -0.0502824 -0.0518769 -0.0506631 -0.0517145
internal_weight=430.238 419.432 402.143 377.881 107.146 93.8494 270.735 82.0429 188.692 24.2625 7.62472 17.2885 13.2965 14.5366 10.8062 5.3246 9.21196 1.70094 7.98402 3.14064 16.6378 13.4245 2.75196 4.80346 1.70484 9.10528 8.80763 1.09136 0.735112 0.682102
internal_count=14360 9788 9101 8850 1401 1301 7449 5636 1813 251 101 687 100 621 4572 490 131 329 96 83 150 126 66 489 61 4243 4241 57 277 79
is_linear=0
shrinkage=0.05


Tree=116
num_leaves=23
num_cat=0
split_feature=0 4 0 0 6 0 9 5 15 1 7 15 7 5 6 15 18 18 7 15 3 15
split_gain=6.05119 4.62295 4.33965 6.87593 6.8122 9.45701 4.15568 4.13274 3.83821 6.6837 4.88201 2.8179 1.6177 0.783817 0.559724 0.152434 0.0701469 0.0205592 0.0112076 0.00472864 0.00132647 0.000622038
threshold=0.65265092346082143 0.11803770376965893 1.000230123974984 1.2082988123439498 0.73576623743230651 1.2305378533845428 25.500000000000004 0.067700074389089968 0.76388888888888895 0.72285972251239927 -0.10142478842371776 0.15831244778613202 -0.029926227683874138 0.10476924618419146 0.18618676978938029 0.133974358974359 1.5000000000000002 13.500000000000002 0.80896378580044337 0.14160401002506268 0.5823991314258451 0.038218111002921142
decision_type=2 2 2 2 2 2 2 2 2 2 2 2 2 2 2 2 2 2 2 2 2 2
left_child=7 11 6 15 5 -5 8 12 10 -10 -3 17 -1 -9 -15 16 -4 -2 20 21 -16 -19
right_child=1 2 3 4 -6 -7 -8 13 9 -11 -12 -13 -14 14 18 -17 -18 19 -20 -21 -22 -23
leaf_value=0.029063745648681368 -0.061873972048589812 0.01165819191233031 -0.070075651047826301 0.063294725079099848 0.05744332687728923 -0.054998667904091997 -0.085158360786185439 -0.081550206459217955 0.017367839565380166 -0.067101420012949609 -2.6476339758722369e-05 0.038412992717897734 -0.026563541180896322 -0.0076815185326577886 -0.05280330793205476 -0.073345669406852929 -0.052670871646137679 -0.05030861709973905 -0.060437336799455676 -0.057337462273129726 -0.055158894626036098 -0.051673560523875242
leaf_weight=2.3883065702393651 0.46331595233641465 144.71637400332838 0.64314978150651114 2.3295750580728036 3.886157442117109 6.1497587677440606 1.3215742530301202 2.6667531211860478 4.3719752952456457 5.0433047451078892 233.84059838950634 1.0125824953429399 2.8866235297173244 0.75072773499414314 1.4331483608111746 1.2728170454502103 5.7959444826119579 4.2291997968568467 0.85300474613904942 0.27209432725794602 1.0251348633319137 1.0399425767827777
leaf_count=16 17 1560 5 11 34 289 8 29 20 24 9333 7 27 18 49 7 855 1894 9 6 16 151
internal_value=0.000486735 0.0014957 0.00218547 -0.0204831 0.00262465 -0.0224993 0.00335458 -0.0345127 0.00365608 -0.0278782 0.00444039 -0.0387444 -0.00137742 -0.0604887 -0.0466616 -0.0575347 -0.0544093 -0.0517559 -0.0554991 -0.0509099 -0.0537856 -0.050578
internal_weight=428.392 416.388 409.371 20.0774 12.3655 8.47933 389.294 12.0037 387.972 9.41528 378.557 7.01714 5.27493 6.72877 4.06202 7.71191 6.43909 6.00455 3.31129 5.54124 2.45828 5.26914
internal_count=14385 14221 12146 1201 334 300 10945 164 10937 44 10893 2075 43 121 92 867 860 2068 74 2051 65 2045
is_linear=0
shrinkage=0.05


Tree=117
num_leaves=31
num_cat=0
split_feature=6 8 8 13 7 8 8 0 9 1 1 1 1 7 0 11 4 9 11 1 2 15 19 15 1 2 19 8 15 8
split_gain=5.59542 5.91152 7.14791 4.56179 4.26574 11.5004 7.81772 9.73049 7.77462 9.69764 7.4886 6.63604 5.61851 4.46178 4.07051 2.9158 2.76085 2.09061 1.75259 1.08087 0.70179 0.576109 0.352199 0.326421 0.162289 0.129599 0.0553639 0.0184369 0.00346519 0.000442723
threshold=0.15733407427089038 -0.16273412639764764 -0.39333090527602471 1.0000000180025095e-35 1.1244935545830679 0.74594613778068453 0.89145823621153586 0.73212339746711763 3.5000000000000004 0.90666721375749282 0.41154796575205704 1.3228834719513789 0.41154796575205704 0.57656461128378511 1.000230123974984 0.15994235471830853 0.18619599718685839 17.500000000000004 0.23738250585084988 0.48098664164845051 0.066616475971695663 0.15047169811320757 4.5137154671684039 0.16515151515151519 0.41154796575205704 0.024011312746534164 0.86370314655063052 -0.65097844819150519 0.17694497153700192 -0.13407014732320882
decision_type=2 2 2 2 2 2 2 2 2 2 2 2 2 2 2 2 2 2 2 2 2 2 2 2 2 2 2 2 2 2
left_child=1 2 23 4 6 12 8 19 13 -10 -7 -9 -6 -2 -14 20 -12 18 21 -8 -4 24 -22 27 -3 -5 28 -1 29 -27
right_child=3 17 15 25 5 10 7 11 9 -11 16 -13 14 -15 -16 -17 -18 -19 -20 -21 22 -23 -24 -25 -26 26 -28 -29 -30 -31
leaf_value=-0.062970331661026432 -0.015515039924010718 -0.095041701668441947 0.093937905651807513 -0.096954015585427059 -0.02364606276794752 0.034970703250406882 0.023996653393619487 0.0073901081052404468 -0.028116775201152123 0.010126725028067553 -0.00557585870986025 -0.082914246356733043 0.037866906812705395 0.0085554081812274693 -0.055805870954083861 -0.0069456658236908778 -0.06416035458760809 0.058945206480586369 0.036529885888262691 0.05266236826964054 0.017436251591906041 -0.085397921759099327 0.064233512458636052 -0.097964048089266606 -0.054825952934634853 -0.052264577457071006 -0.067764965042516861 -0.051928779554493647 -0.056396112604290165 -0.050137035080587478
leaf_weight=0.71901336242444824 123.828034103557 0.2624943787231987 1.3933328757993906 0.24975325167179052 4.6433081962168208 3.7951552402228108 4.2729196399450329 45.09187817259226 19.275055283214897 118.39762444474036 2.8027278869412822 2.1304977047257116 35.069575781584717 22.796434861957096 1.1994073204696167 2.2757586621446535 7.1193222042638808 0.38617554306984025 0.44725573621690351 14.272422596812246 0.65837983193341632 2.4588780291378498 1.0327073037624357 0.72446714341640461 5.6615772211225703 0.44918952463194761 1.0761682991869745 0.79729345254600059 0.45135328406468034 0.53665288863703597
leaf_count=9 7077 2 5 1 29 19 18 1290 260 1629 180 24 692 918 108 25 647 1 14 85 47 13 2 4 726 46 27 53 7 347
internal_value=0.000257376 -0.0280061 0.00463672 0.00142392 0.00186107 0.0148557 -0.000166814 0.0153683 -0.00376063 0.00477239 -0.0247635 0.00331591 0.0281394 -0.0117727 0.0347692 0.0359865 -0.0476117 -0.0549273 -0.0599073 0.0460577 0.0676629 -0.0650526 0.0460142 -0.0703555 -0.0566079 -0.0626027 -0.0591892 -0.0571645 -0.0527677 -0.0511064
internal_weight=424.275 16.8173 7.60095 407.457 404.694 54.6295 350.065 65.7677 284.297 137.673 13.7172 47.2224 40.9123 146.624 36.269 5.36018 9.92205 9.21638 8.83021 18.5453 3.08442 8.38295 1.69109 2.24077 5.92407 2.76312 2.51336 1.51631 1.4372 0.985842
internal_count=14305 901 145 13404 12976 1675 11301 1417 9884 1889 846 1314 829 7995 800 79 827 756 755 103 54 741 49 66 728 428 427 62 400 393
is_linear=0
shrinkage=0.05


Tree=118
num_leaves=31
num_cat=0
split_feature=0 18 16 8 8 1 8 5 14 8 8 7 7 7 0 0 7 8 16 16 5 2 8 1 3 8 1 1 15 1
split_gain=4.53229 4.84414 8.59977 6.70245 6.95902 12.3976 9.03951 4.62386 4.42794 4.18582 6.8102 6.43501 16.6843 5.70895 10.183 12.4161 8.64465 8.04014 8.03776 4.50115 3.41476 2.97874 2.74977 2.66458 1.98793 1.01975 0.764574 0.808295 0.688502 0.477713
threshold=0.65265092346082143 17.500000000000004 0.33568075117370894 1.3089136307907405 0.57517209639616285 1.3228834719513789 0.20427727673448706 0.067700074389089968 0.046536796536796543 -0.44684191259026701 -0.46566322369594121 -0.054074501738053136 0.1272942807194439 -0.50000080733447205 0.73212339746711763 0.99600798452680117 -0.63512645822350178 -0.03564335657419828 0.24688317685085426 0.27970588235294125 0.055322877721848844 0.22142803591061264 1.3852484496582937 1.0362243658940786 0.39729962317772166 -0.90822864495876787 0.75648320464827357 0.75111174435957218 0.18257575757575759 0.91520541321861437
decision_type=2 2 2 2 2 2 2 2 2 2 2 2 2 2 2 2 2 2 2 2 2 2 2 2 2 2 2 2 2 2
left_child=7 9 3 4 6 -6 -3 24 22 10 11 20 -13 16 23 -16 17 -11 -18 -12 -2 -10 -5 -15 -1 -9 27 -4 -28 -21
right_child=1 2 26 8 5 -7 -8 25 21 13 19 12 -14 14 15 -17 18 -19 -20 29 -22 -23 -24 -25 -26 -27 28 -29 -30 -31
leaf_value=-0.029979459480380301 0.048239573209454323 0.0026195300168233068 -0.051316451767629168 -0.1388484934389122 0.030162938500656985 -0.079508671926867294 -0.028313949866216943 -0.0014128417058241955 0.09974077282194542 0.064185404010336608 -0.15630932125470964 -0.072689661736689226 0.0041820501759397598 0.044391160649553722 -0.055589702831475407 0.011151324387326016 -0.084383760804270541 -0.0060444868831399127 0.0027099941902037714 -0.051939051568180711 0.0037812020798872743 -0.021044929650982789 -0.04742526900114611 -0.0026094723225887398 0.029011831761986302 -0.066188802920161924 -0.055753134491467904 0.056416013044549809 -0.11600369613545292 0.0052972995782926829
leaf_weight=2.6033740770071727 7.4992149434983757 85.56205609330209 0.4104279645252954 0.92033465765416433 29.005681838956665 2.8281090089585623 32.621435351669788 0.67961779423058022 0.79203112295363043 4.9978650058619705 1.1947047309949987 9.1883399654179794 30.452162411878817 27.351537910290066 7.4574161325581363 106.28639781323727 6.0224211611784977 22.077350596431643 4.7295116763561964 0.79193282709456958 10.185136027634142 1.4356851102202197 7.7351387376547791 3.389174935873597 3.163508877158165 5.732134351041168 7.1233914565527812 0.30237892270088196 0.50797047559171904 0.67552114278078079
leaf_count=36 35 4363 83 41 1341 36 4857 5 14 23 9 124 198 166 67 1315 36 115 24 39 49 41 765 28 10 113 370 1 6 3
internal_value=-4.39733e-05 0.000845596 -0.00564506 -0.0030784 -0.000329775 0.0204197 -0.00591884 -0.0301045 -0.0409663 0.00537929 -0.0060775 -0.002447 -0.0136362 0.00914899 0.0136762 0.00677556 -0.0081432 0.00691938 -0.0460734 -0.0842539 0.0226342 0.0218986 -0.0571463 0.0392093 0.00238109 -0.0593228 -0.055138 -0.0056154 -0.0597636 -0.0255911
internal_weight=423.722 411.543 169.245 160.9 150.017 31.8338 118.183 12.1786 10.8832 242.299 59.987 57.3249 39.6405 182.312 144.485 113.744 37.8271 27.0752 10.7519 2.66216 17.6844 2.22772 8.65547 30.7407 5.76688 6.41175 8.34417 0.712807 7.63136 1.46745
internal_count=14313 14149 11918 11458 10597 1377 9220 164 861 2231 457 406 322 1774 1576 1382 198 138 60 51 84 55 806 194 46 118 460 84 376 42
is_linear=0
shrinkage=0.05


Tree=119
num_leaves=31
num_cat=0
split_feature=18 16 17 2 7 15 9 18 11 11 2 4 11 0 0 1 2 6 19 7 18 14 15 18 15 3 2 17 18 17
split_gain=4.49033 15.2466 7.39932 5.82574 5.96029 5.79132 4.52208 6.89616 4.37687 6.0954 4.23437 9.60783 6.15435 5.22782 4.96972 5.15373 4.10825 3.92339 4.01909 8.95109 3.76401 3.63237 3.52757 3.07888 2.50564 2.4611 2.28584 1.76615 1.4138 0.679862
threshold=5.5000000000000009 0.33568075117370894 0.41728855721393038 0.28296995848612078 0.54043939498550653 0.267948717948718 3.5000000000000004 13.500000000000002 0.31579414320221372 0.3062827248737629 0.016853039026482993 0.39159971913272373 0.25996125645668033 1.000230123974984 0.68023744764755634 0.72285972251239927 0.060398130624445948 0.83147024626683719 0.4769719456753671 -0.36994996738199742 3.5000000000000004 0.11882352941176472 0.43303571428571436 1.5000000000000002 0.17902930402930406 0.23280819412929563 0.36071528304933903 0.99528301886792458 1.5000000000000002 0.49666666666666676
decision_type=2 2 2 2 2 2 2 2 2 2 2 2 2 2 2 2 2 2 2 2 2 2 2 2 2 2 2 2 2 2
left_child=10 2 3 4 22 6 24 26 9 16 11 28 13 14 15 -12 -4 18 23 -20 -16 25 -2 -13 -3 -5 -8 -19 -1 -10
right_child=1 5 8 21 -6 -7 7 -9 29 -11 12 17 -14 -15 20 -17 -18 27 19 -21 -22 -23 -24 -25 -26 -27 -28 -29 -30 -31
leaf_value=-0.039944315350600931 0.017028422867406478 -0.05775000493172542 -0.046007208166806209 0.0079280446620467581 -0.07313009039602987 -0.11759628030523675 0.045238344085269028 -0.051645452754914792 -0.14558090759701922 0.13964502033074336 -0.023732182605712332 0.029789185621794442 -0.040943881460073217 -0.045204426143357332 0.038030633338499362 0.038075651827494297 -0.0036131221119124939 -0.056748287035400052 -0.059176040433719712 0.015880571844075302 0.013599316253891556 -0.021560279489267739 -0.042726075267579759 -0.0035434417940292543 -0.18390350457371596 0.037512247041513458 -0.016481088437713048 0.054702043352298106 -0.08489177010748003 -0.055726416138870485
leaf_weight=4.7369105443358412 11.417201614007356 7.5206135377520758 5.904128703987225 9.4172437345841882 3.0151326581835738 2.3355236500501624 3.8387852869927865 6.7381646374706179 0.22549261152744238 0.73150188219733436 11.34507553977892 20.548752705566589 4.8805209817364803 3.2607933264225712 31.317384695168585 4.7994671342894426 178.02560045465361 3.387887957738712 6.2719464190304306 10.833572185598312 31.745900525711477 3.7597531862556925 3.1516748089343301 10.451304669026284 0.41534268856048573 27.730708658695221 2.4625058721285313 0.39714009314775456 2.7741000838577747 3.1691758836968802
leaf_count=30 80 426 88 68 17 15 19 281 1 19 60 87 26 43 203 18 11704 248 29 60 179 23 19 142 3 196 41 2 27 162
internal_value=-0.000430979 -0.00425894 -0.000604519 0.0149269 -0.00914119 -0.0429098 -0.0345938 -0.0164823 -0.00543532 -0.00440109 0.00660821 -0.00369101 0.0136122 0.0168408 0.0193951 -0.00535788 -0.00497397 0.00395946 0.00781596 -0.0116398 0.025732 0.0252725 0.00410177 0.0185515 -0.0643525 0.0300125 0.0211188 -0.0450545 -0.0565451 -0.061695
internal_weight=416.609 269.859 246.548 58.4917 17.584 23.3109 20.9754 13.0395 188.056 184.661 146.751 59.4016 87.3491 82.4686 79.2078 16.1445 183.93 51.8906 48.1056 17.1055 63.0633 40.9077 14.5689 31.0001 7.93596 37.148 6.30129 3.78503 7.51101 3.39467
internal_count=14316 13162 12377 403 116 785 770 341 11974 11811 1154 625 529 503 460 78 11792 568 318 89 382 287 99 229 429 264 60 250 57 163
is_linear=0
shrinkage=0.05


Tree=120
num_leaves=31
num_cat=0
split_feature=18 15 19 17 1 6 9 18 1 7 0 7 14 7 18 1 8 7 18 1 5 18 18 4 9 9 18 15 9 7
split_gain=6.13738 5.97451 5.87979 6.17502 5.63802 4.92704 4.70714 6.78345 5.88963 5.12417 4.96208 5.34392 4.4808 9.2375 4.21186 3.96682 3.45133 3.31447 3.24158 6.23224 3.30315 3.23894 3.55119 3.47886 0.290706 0.161564 0.0102552 0.00284178 0.000189955 0.000162817
threshold=60.500000000000007 0.050316455696202543 0.49041982620175267 0.50362318840579723 0.98806327284726037 0.12162106446545536 6.5000000000000009 17.500000000000004 0.69582264614216138 1.1820230933067035 0.99999980854987547 0.11987921043239293 0.063508064516129045 0.2376402169470532 78.500000000000014 1.0814992030041923 -0.35747395171466556 -0.28125494599408324 27.500000000000004 1.7184139415223687 0.15503796409158146 73.500000000000014 74.500000000000014 0.17698064707544084 14.500000000000002 14.500000000000002 5.5000000000000009 0.047394429469901175 3.5000000000000004 2.0612803026633739
decision_type=2 2 2 2 2 2 2 2 2 2 2 2 2 2 2 2 2 2 2 2 2 2 2 2 2 2 2 2 2 2
left_child=5 4 -3 -4 21 25 7 12 9 17 16 -12 15 -14 24 -7 -9 -8 20 -20 -10 -2 -23 -24 -5 26 -1 -28 -6 -30
right_child=1 2 3 14 28 6 8 10 18 -11 11 -13 13 -15 -16 -17 -18 -19 19 -21 -22 22 23 -25 -26 -27 27 -29 29 -31
leaf_value=-0.05802036705370256 -0.050639503550837218 0.046823379178222352 0.034864959677354694 -0.057574679636571618 -0.050215569854825282 -0.00054282234428756101 -0.27273492424150991 0.0029037631636884896 0.036932418459124775 0.050434229071278439 0.0070365582999270858 -0.021115410160959344 0.064124327094864028 -0.032844461619107812 0.050167040155552345 0.018737026148375528 -0.064571751004187536 -0.082847246667188748 -0.0034524706594895784 0.047067247072845202 -0.016376101890898755 0.12876497973189624 -0.050779079504421988 0.053086528976364546 -0.082746486223494273 -0.0948260435832982 -0.050814887479455 -0.055343418114441878 -0.050552461633253887 -0.051916486127476819
leaf_weight=1.5346802501007912 1.7170046899700562 5.3704331465996793 3.4801452127285284 3.580434552161023 14.291692798433361 182.29011841327883 0.2871380336582664 2.5809532755520195 23.356724756304178 0.62796107959002245 30.66473248868715 37.43712192599196 7.9803321477957052 3.5479108783183619 0.92266846570419137 31.253529092762619 7.1315911805722845 1.1509409634163592 28.560273075592704 7.7642614394426337 3.3187595698982468 0.75942903931718309 1.4046114360680806 1.8922399291768668 1.6876457529142497 0.2789736371487378 1.0687020458281038 0.51259078504517663 2.416715929168276 0.24054970324505109
leaf_count=29 316 31 25 149 5929 1720 2 50 202 6 1230 2001 32 83 60 249 315 99 271 70 18 20 383 111 14 2 221 10 618 13
internal_value=-0.00036664 -0.0195708 0.00487293 -0.018423 -0.0357517 0.00158629 0.00213951 -0.000481632 0.0143411 -0.0687277 -0.0132075 -0.00843921 0.00391809 0.0342814 -0.0483789 0.00227891 -0.0466412 -0.120762 0.0170652 0.00734597 0.0303002 0.00692278 0.0312886 0.00883497 -0.0656385 -0.0583724 -0.0551087 -0.0522829 -0.0502877 -0.0506759
internal_weight=409.111 37.7636 15.0413 9.67089 22.7222 371.347 367.952 302.886 65.0661 2.06604 77.8144 68.1019 225.072 11.5282 6.19075 213.544 9.71254 1.43808 63 36.3245 26.6755 5.77329 4.05628 3.29685 5.26808 3.39495 3.11597 1.58129 16.949 2.65727
internal_count=14279 7669 279 248 7390 6610 6348 5680 668 107 3596 3231 2084 115 223 1969 365 101 561 341 220 830 514 494 163 262 260 231 6560 631
is_linear=0
shrinkage=0.05


Tree=121
num_leaves=31
num_cat=0
split_feature=3 16 18 6 1 8 0 16 7 7 0 12 18 19 1 18 19 18 5 8 4 5 7 7 2 7 18 15 3 18
split_gain=4.8846 3.6808 10.6478 5.73222 5.35333 7.73689 4.30186 4.54679 5.52402 12.5803 6.60761 3.87547 2.63624 2.24906 2.13008 1.94016 1.64497 1.24892 0.767442 0.765734 1.28927 0.25532 0.00867127 4.74552e-05 3.07877e-05 1.27419e-05 5.97476e-06 5.86344e-06 3.68017e-06 3.59356e-06
threshold=0.11816395653618708 0.57359307359307377 3.5000000000000004 0.8004003582578717 0.66471074773163552 0.80955190081919659 0.54000395823132641 0.49468085106382981 -0.50000080733447205 -0.63512645822350178 0.73212339746711763 1.368585927421911 11.500000000000002 1.5367321187396386 0.74163536167051902 3.5000000000000004 4.5137154671684039 4.5000000000000009 0.014610876444897622 -0.58769235627512562 0.44800547680823638 0.099975648269154685 0.17699669259108267 0.44729571759652575 0.035186910940930745 0.60165447011543394 31.500000000000004 0.062895569620253181 0.11764829922345731 11.500000000000002
decision_type=2 2 2 2 2 2 2 2 2 2 2 2 2 2 2 2 2 2 2 2 2 2 2 2 2 2 2 2 2 2
left_child=23 6 3 4 5 -3 16 8 9 -8 -10 17 15 -14 -6 -9 21 -4 -19 -5 -21 -2 -23 24 -1 -25 -27 29 -28 -26
right_child=1 2 11 19 14 -7 7 12 10 -11 -12 -13 13 -15 -16 -17 -18 18 -20 20 -22 22 -24 25 27 26 28 -29 -30 -31
leaf_value=-0.050946602657688848 -0.08663649980787444 -0.030410354093113701 -0.092032502625845308 0.022738762901734356 0.063866588232385252 0.066311025438473448 0.0015910649099341442 0.013641713971062747 0.019875377241300798 -0.057580651620298101 0.00067543123735365213 0.0274590490483347 -0.05179351473780669 0.048237592256875218 0.020304510939799722 0.046139290524145685 1.0117624224215252e-05 -0.017787533841834742 -0.055472709366310491 0.052985372461415783 -0.055922663828573527 -0.052378637069343641 -0.059932822411796684 -0.050821518462447902 -0.05038521672543992 -0.05078773062654162 -0.050140349943801857 -0.050345519153483322 -0.050430748778360762 -0.050088214762353978
leaf_weight=0.11477037798613254 1.2719639716669915 9.0050786547362858 2.1066039362922302 0.40311750769615251 5.1289677135646325 2.683773227967321 32.918702627066523 8.0860707201063686 54.818867481779307 12.353594494750721 245.45422548655188 1.5254425546154369 1.8377949367277318 0.80939093185588706 6.1964790299534798 10.631062105298041 1.1941631808876989 1.5832810051506374 9.2071227055275795 0.28988501429557612 4.3431832315400243 0.73526008869521298 0.78595335641875863 0.27536907559260715 0.10510874027386385 0.094502688851207495 0.14459556015208364 0.25618494732771058 0.44440485315863043 3.2816242342232727
leaf_count=8 14 137 22 4 16 8 228 40 350 160 9577 8 85 9 47 56 11 80 341 2 292 31 10 27 15 8 82 67 65 2497
internal_value=0.000374649 0.00095194 -0.0129906 0.00496055 0.0155339 -0.00820302 0.00254856 0.00310991 0.00172591 -0.0145553 0.00418064 -0.0479042 0.0254946 -0.0212085 0.0400325 0.0320999 -0.0491061 -0.056818 -0.0499431 -0.0433575 -0.0491084 -0.0701047 -0.0562816 -0.0502204 -0.0501403 -0.0505344 -0.0504187 -0.0501149 -0.0503595 -0.0500974
internal_weight=418.087 413.37 42.4729 28.0505 23.0143 11.6889 370.897 366.91 345.545 45.2723 300.273 14.4225 21.3643 2.64719 11.3254 18.7171 3.98734 12.897 10.7904 5.03619 4.63307 2.79318 1.52121 4.71656 3.75769 0.958872 0.683503 3.64292 0.589 3.38673
internal_count=14297 11528 957 506 208 145 10571 10505 10315 388 9927 451 190 94 63 96 66 443 421 298 294 55 41 2769 2587 182 155 2579 147 2512
is_linear=0
shrinkage=0.05


Tree=122
num_leaves=25
num_cat=0
split_feature=13 6 6 0 18 0 8 2 1 6 17 3 8 1 15 2 19 3 19 18 15 3 19 1
split_gain=4.15947 3.91583 4.118 7.01517 5.0767 5.06074 5.79836 6.52906 6.07827 3.79241 1.7093 2.12285 0.259802 0.220544 0.113002 0.0939237 0.0357 0.0140771 0.0128215 0.00256804 0.000998704 0.000591348 0.000321616 1.69088e-05
threshold=1.0000000180025095e-35 0.91668085810691202 0.65938233964265136 1.000230123974984 79.500000000000014 2.2584466459382786 1.3506663390590101 0.11205393508925382 0.62848428248156607 0.57194920742150523 0.37884436160298235 0.40567437963548053 0.11349012824330086 1.1111115942713357 0.133974358974359 0.024011312746534164 0.86370314655063052 0.33050075855130473 0.78953164811527199 10.500000000000002 0.077524038461538478 0.18773028429816754 0.58166177032972988 1.5544403090052237
decision_type=2 2 2 2 2 2 2 2 2 2 2 2 2 2 2 2 2 2 2 2 2 2 2 2
left_child=1 2 3 4 9 6 8 -8 -4 -1 11 -5 -3 18 -12 -2 19 -6 20 -17 -14 23 -23 -21
right_child=15 12 5 10 17 -7 7 -9 -10 -11 14 -13 13 -15 -16 16 -18 -19 -20 21 -22 22 -24 -25
leaf_value=0.0037850918602182013 -0.090173770098629369 -0.085206138726314259 -0.018205067915430896 0.0012562892560174866 -0.050242767283678852 0.06504647823287088 0.011424634760205922 -0.060624662728414797 0.017339787559212758 -0.012844343860269298 -0.052813218150039067 -0.060215545185656166 -0.050843794711170655 0.0042092627714591753 -0.070104375873111122 -0.056538936967933474 -0.064686147729494811 -0.061616862513527042 -0.064638907779722241 -0.050113275578203664 -0.054924184744760768 -0.051469157573488071 -0.053994340499941167 -0.050939264843189863
leaf_weight=237.72053862531902 0.24703139066696111 0.58061774820089285 14.063144068000836 4.2200594304595125 4.4236568168271324 4.0389581322669974 6.4170465716160816 6.1653857447090559 83.079203740519006 40.06260307948105 5.1512602607836016 2.1050112163648009 1.8964727139100443 0.18683949066326011 1.1571356207132337 0.30611402541399035 1.0670604821061713 0.28985702246427525 0.19316243659704913 0.48654025938594692 0.16283515095710743 0.28893112926743925 0.22373364632949233 0.071000815136358142
leaf_count=5226 1 3 122 114 2534 11 151 361 3434 904 769 34 267 6 6 3 30 2 2 360 2 40 5 6
internal_value=0.00117507 0.00157981 0.00199877 -0.00111655 0.000513632 0.0100807 0.00805737 -0.0238795 0.012194 0.00138675 -0.0375691 -0.0192018 -0.0551467 -0.0479918 -0.0559849 -0.0607927 -0.0578222 -0.0509422 -0.0523218 -0.0525006 -0.0511664 -0.0513455 -0.0525712 -0.0502185
internal_weight=414.604 411.914 408.894 295.13 282.497 113.764 109.725 12.5824 97.1423 277.783 12.6335 6.32507 3.01993 2.43931 6.3084 2.69041 2.44338 4.71351 2.25247 1.37632 2.05931 1.07021 0.512665 0.557541
internal_count=14393 13948 13668 9589 8666 4079 4068 512 3556 6130 923 148 280 277 775 445 444 2536 271 414 269 411 45 366
is_linear=0
shrinkage=0.05


Tree=123
num_leaves=29
num_cat=0
split_feature=3 3 17 17 7 17 14 14 1 2 15 17 1 0 7 16 18 3 6 15 6 18 18 1 8 3 5 18
split_gain=3.96504 3.70685 5.17934 9.24806 3.69525 7.25461 7.15627 8.51493 7.04341 5.64552 5.1817 4.55241 4.39639 3.90161 3.67869 2.57912 6.69052e-05 5.1876e-05 3.21473e-05 7.86979e-06 3.59848e-06 2.35561e-06 1.95959e-06 1.67149e-06 1.29123e-06 1.16103e-06 1.0872e-06 6.36778e-07
threshold=0.11764829922345731 0.11819451774647034 0.95633104500381394 0.95932156646442368 -0.063511575829301795 0.98620624048706251 0.32584189497716903 0.21778656126482215 0.97613910834839468 0.39303790821748624 0.76388888888888895 0.5300120048019209 0.4514169420800534 0.90597971050851256 0.10718494091408032 0.089647914274779958 6.5000000000000009 0.11816395653618708 0.73576623743230651 0.061697065820777171 0.67201516122529015 10.500000000000002 45.500000000000007 0.99890276698622105 0.49960294560103313 0.10850629405815061 0.013435714385088754 78.500000000000014
decision_type=2 2 2 2 2 2 2 2 2 2 2 2 2 2 2 2 2 2 2 2 2 2 2 2 2 2 2 2
left_child=16 2 17 -4 10 6 7 -6 9 -7 11 13 -13 -3 -10 -8 -1 20 23 21 -2 -18 -21 -5 27 -26 -24 -23
right_child=1 4 3 18 5 8 15 -9 14 -11 -12 12 -14 -15 -16 -17 19 -19 -20 22 -22 24 26 -25 25 -27 -28 -29
leaf_value=-0.051077660277020799 -0.050351923499696055 0.0025042867868706707 0.19120852395593932 -0.050508863196862978 -0.0058453887722258492 0.024538392716292143 -0.085557899133297866 0.068116219486539398 0.051266441118452966 0.0994440516977491 -0.050466629139345326 -0.098955393224794769 8.6848836842891945e-05 0.023741084261887827 -0.046499245921483454 -0.02319929547819009 -0.050380191207749003 -0.051370930706531509 -0.051239679529489185 -0.050549040133962636 -0.050657902428125179 -0.050099971374502617 -0.050110808440818957 -0.050308803368542945 -0.050134765845677366 -0.050398083633825912 -0.050364527228412205 -0.050053849357651975
leaf_weight=0.19005533680319731 0.17801097512710784 35.279485642910004 1.157338256947696 0.25337901222519565 200.22320055699674 18.370490376721143 3.6207117555895811 3.9685519068734711 1.2064533721422765 2.9145252081798381 3.8521040081977835 1.1395662575960148 66.8156367886113 55.889541458338499 4.75240009999834 3.0590403224341571 0.069992824923247876 0.3293614680878818 0.16923540132120252 0.098288971697911509 0.20879724016413093 1.6154800626100048 0.066433783096726984 0.17757700709626079 0.15366792998975132 0.057536427222657949 0.1158551397966221 1.3942296569584867
leaf_count=12 35 232 9 31 8035 173 173 33 23 97 19 6 1173 431 954 81 10 22 11 12 24 919 38 33 87 15 24 1579
internal_value=0.000933584 0.00140985 0.0624287 0.108613 0.00103352 -0.00293692 -0.00607388 -0.00440791 0.0213436 0.0347951 0.0068345 0.00822166 -0.00157403 0.0155231 -0.0267052 -0.0570003 -0.0501635 -0.0509098 -0.0506557 -0.0501149 -0.0505171 -0.0500932 -0.0503691 -0.0504264 -0.050087 -0.0502065 -0.0502721 -0.0500786
internal_weight=407.327 403.565 2.4737 1.75753 401.092 238.115 210.872 204.192 27.2439 21.285 162.976 159.124 67.9552 91.169 5.95885 6.67975 3.76154 0.71617 0.600191 3.57148 0.386808 3.29091 0.280578 0.430956 3.22091 0.211204 0.182289 3.00971
internal_count=14291 11595 165 84 11430 9569 8322 8068 1247 270 1861 1842 1179 663 977 254 2696 81 75 2684 59 2610 74 64 2600 102 62 2498
is_linear=0
shrinkage=0.05


Tree=124
num_leaves=31
num_cat=0
split_feature=18 8 8 4 7 7 0 2 1 8 0 0 0 8 19 7 0 1 5 6 17 7 15 1 4 1 9 2 10 1
split_gain=5.30329 3.68976 11.6083 5.89909 4.47647 9.15299 6.7478 10.4462 5.35955 4.39837 9.67573 8.34889 9.23371 8.13663 6.73232 6.21243 4.28254 3.9133 4.38938 4.01233 2.93476 2.72978 2.58289 1.66671 1.80976 1.56108 0.484962 0.0118916 0.000281387 2.05842e-05
threshold=83.500000000000014 -0.39333090527602471 -0.22225919446814504 0.16935684816732685 -0.063511575829301795 0.41430731178616836 0.71907509476955089 0.091302273320216773 1.3938334370633683 0.35143198709261186 0.99600798452680117 0.73212339746711763 0.90597971050851256 0.20427727673448706 1.1132633492280302 0.4689944944094398 0.69999816845880403 0.9099157082659024 0.086743710087794898 0.13546192957499817 0.65365575019040378 -0.30287055565358506 0.24722222222222226 0.87824254343408314 0.5081080517737695 0.66471074773163552 7.5000000000000009 0.48871955612943035 6.5000000000000009 0.98806327284726037
decision_type=2 2 2 2 2 2 2 2 2 2 2 2 2 2 2 2 2 2 2 2 2 2 2 2 2 2 2 2 2 2
left_child=1 3 17 21 6 8 25 -8 -6 10 15 14 -13 -12 -11 -4 -7 23 20 -20 -19 -1 26 24 -3 -5 -23 -2 29 -29
right_child=27 2 9 4 5 16 7 -9 -10 11 13 12 -14 -15 -16 -17 -18 18 19 -21 -22 22 -24 -25 -26 -27 -28 28 -30 -31
leaf_value=-0.0025153811573742826 -0.060858470162620096 0.049839030853216518 -0.046042814400391402 0.060030599701161681 -0.039945553010488279 0.027270242629117609 -0.096890243104086338 0.0080213948159089214 0.031753041922755375 0.043481070434151253 0.0091904113560708524 -0.06824132013881179 0.0021758039173067306 -0.024739073934021985 -0.0085549293085261154 0.019192480727355167 -0.01344945220344655 0.036537134254031968 0.078791805323269085 -0.015432430239928753 -0.0023235714576113533 -0.069075262146632316 -0.17904018575647601 0.084870791321320166 0.0052294641860471157 0.024571348489313197 -0.01106643659170093 -0.050412432702517052 -0.051979623609758253 -0.050112165664063568
leaf_weight=1.6890452126972375 0.27999073080718417 9.5750769254518655 21.202043174183931 5.124386506155135 25.130468560382727 14.133306173607707 2.834303084760907 14.570518831023945 2.9080444280989459 21.781999795697633 65.466477494221181 4.8623537741950704 109.3947956195916 24.201977042248473 8.6978459893725795 4.4083376842318094 11.888451070524752 21.927732207695957 1.2445444420445699 12.257222336484118 6.2411928715882814 3.1820991167332973 0.5481286272406577 2.3813946581794871 2.9814898687181985 7.8721260707825422 0.40630018478259433 0.67428292456315819 0.22281430440489192 3.7178988540545106
leaf_count=28 4 70 346 13 294 75 27 274 23 145 2267 154 3468 2889 57 85 81 155 23 348 115 163 4 24 46 52 87 290 10 2769
internal_value=0.00088012 0.00150245 0.00404495 -0.00741372 -0.0040572 -0.0126893 0.0112925 -0.00906303 -0.0325093 -0.000422136 -0.00770883 0.00538151 -0.000820884 3.26688e-05 0.0286319 -0.0348138 0.00866681 0.0245632 0.0166922 -0.00674718 0.027927 -0.056078 -0.0779489 0.0465201 0.0392467 0.0385526 -0.0625072 -0.0508532 -0.0502462 -0.0501583
internal_weight=411.807 406.912 316.624 90.2872 84.4616 54.0603 30.4013 17.4048 28.0385 260.016 115.279 144.737 114.257 89.6685 30.4798 25.6104 26.0218 56.6087 41.6707 13.5018 28.1689 5.82557 4.13653 14.938 12.5566 12.9965 3.5884 4.89499 4.615 4.39218
internal_count=14386 11313 10192 1121 839 473 366 301 317 9411 5587 3824 3622 5156 202 431 156 781 641 371 270 282 254 140 116 65 250 3073 3069 3059
is_linear=0
shrinkage=0.05


Tree=125
num_leaves=22
num_cat=0
split_feature=0 3 13 15 11 19 15 2 2 5 5 19 2 13 7 15 18 15 15 18 18
split_gain=4.46085 3.89068 3.5137 3.2935 4.91734 5.1489 4.71048 3.60794 4.40807 2.9249 1.1096 0.508286 0.0675393 0.0266358 0.00822287 0.00167007 5.62333e-05 3.26974e-05 7.76198e-06 1.75361e-06 1.16191e-06
threshold=0.54000395823132641 0.11764829922345731 0.012121657361151927 0.19803921568627456 0.32172420386594364 0.38198310920148659 0.17694497153700192 0.013447805167802801 0.01947196092398883 0.029482324138965486 0.099975648269154685 2.0045430519108818 0.024011312746534164 0.20112359550561801 0.3426038622457388 0.13867521367521371 6.5000000000000009 0.17902930402930406 0.061697065820777171 12.500000000000002 45.500000000000007
decision_type=2 2 2 2 2 2 2 2 2 2 2 2 2 2 2 2 2 2 2 2 2
left_child=9 16 3 4 6 -6 -3 -5 -9 -1 -11 14 -4 -14 -12 -15 -2 18 19 -18 -20
right_child=1 2 12 7 5 -7 -8 8 -10 10 11 -13 13 15 -16 -17 17 -19 20 -21 -22
leaf_value=0.031401660438508193 -0.051080085079918236 0.0021621437445145659 -0.086150646697884359 0.051543925300766485 0.06266016362260321 -0.063068052678244252 -0.035508367705384146 -0.038950143922909165 0.01049022871457336 -0.090148722856657135 -0.052657087521598936 -0.006066612291695004 -0.065013269242409868 -0.051177226670662372 -0.060257892327323974 -0.055106779281433184 -0.050310008239514183 -0.051714138518776348 -0.050484824949299317 -0.050079421128262171 -0.050278698218671772
leaf_weight=1.0195974395610381 0.16136613069102113 274.55213311710395 0.24353927373886053 5.0446418002247801 0.96203886438161035 5.3028759147273377 8.5571893090382201 4.7227828986942759 99.330497974529862 1.9846264105290172 0.73476372053846739 0.77704457798972715 0.81469808041583736 0.56789045693585627 0.6899695685133338 0.51613271050155163 0.084809875348584085 0.032047729939222225 0.10892246779985715 2.9664169712923467 0.18361401313450187
leaf_count=12 10 10446 1 22 3 147 68 31 676 21 31 18 36 156 10 11 15 1 15 2599 60
internal_value=0.00144835 0.00204074 0.00250172 0.00284506 5.39399e-05 -0.0437613 0.00102352 0.0102483 0.00824622 -0.04454 -0.0630355 -0.0385964 -0.0613617 -0.0581821 -0.056338 -0.0530482 -0.0501682 -0.0501247 -0.0501094 -0.0500858 -0.0503554
internal_weight=409.358 404.152 400.614 398.472 289.374 6.26491 283.109 109.098 104.053 5.206 4.1864 2.20178 2.14226 1.89872 1.42473 1.08402 3.53718 3.37581 3.34376 3.05123 0.292536
internal_count=14389 14297 11597 11393 10664 150 10514 729 707 92 80 59 204 203 41 167 2700 2690 2689 2614 75
is_linear=0
shrinkage=0.05


Tree=126
num_leaves=30
num_cat=0
split_feature=0 5 1 11 0 19 0 8 9 2 11 8 4 4 0 0 9 11 18 1 19 5 9 18 3 17 15 18 15
split_gain=4.63573 4.6412 3.92612 4.02773 4.8053 5.20973 6.55174 5.88461 4.57499 7.22521 6.78838 8.52637 6.95069 5.48729 4.17119 3.91894 2.21788 3.87425 1.62978 2.55128 1.58592 1.56991 1.15542 1.91193 0.523822 1.05063 0.114002 0.0167754 0.0088746
threshold=0.65265092346082143 0.050612144220888229 1.7184139415223687 0.14322934435000687 1.000230123974984 2.1777825801545827 0.69825256127088819 0.52290297662694907 5.5000000000000009 0.13806618905089707 0.15725419837105456 0.35143198709261186 0.51833380904852178 0.21954239988638688 1.2082988123439498 1.2305378533845428 3.5000000000000004 0.13912995636695044 65.500000000000014 2.1365178262240221 0.56959365571386844 0.10476924618419146 11.500000000000002 25.500000000000004 0.54894981886123084 0.49666666666666676 0.133974358974359 16.500000000000004 0.16515151515151519
decision_type=2 2 2 2 2 2 2 2 2 2 2 2 2 2 2 2 2 2 2 2 2 2 2 2 2 2 2 2 2
left_child=1 -1 3 4 5 7 -7 -2 10 -10 11 -5 -12 -11 26 -16 17 -4 22 -20 27 -3 23 -18 25 -23 -6 -19 -24
right_child=2 21 16 8 14 6 -8 -9 9 13 12 -13 -14 -15 15 -17 18 20 19 -21 -22 24 28 -25 -26 -27 -28 -29 -30
leaf_value=0.013639875515056464 -0.0047018905343915902 -0.084333149002051411 -0.15132162086625345 -0.039220772869994106 -0.054065480051532402 -0.02050042980610782 0.031919397654411139 0.012245671596269918 -0.092851963549656025 -0.012943702457398688 -0.02272918720566322 -0.19951851674971061 0.019462247782764706 0.021139521508668855 0.063320391984511379 -0.019887852717658541 0.045214416159574181 -0.068858764555140645 -0.056848434613685675 0.032451749003908834 0.047998858164398236 -0.053802866577641953 0.055924956264701425 0.0050793209579333767 -0.055998875886771882 0.017654849043389882 -0.071535244804982898 -0.050730598409303253 0.051677690076909512
leaf_weight=3.565562369534744 126.6005909339292 2.9406997552141547 0.48318548133829908 3.8553335432661688 4.5404274877510025 7.3450732214841983 31.629002650268376 86.024435986822937 1.8866967055946577 20.305396707495674 39.240419928974006 1.0570001509040592 12.993975334218701 28.222665528766811 1.7888794608879814 6.7716872780001722 5.8627078491263145 0.19886791706085194 1.3822861654334695 1.8981099167140199 1.0090864807134492 1.043960822978989 2.3385694101452819 6.0083578168414533 1.7167314141988752 1.0140269831754265 1.1756576001644132 0.35618377401260659 2.5942866802215576
leaf_count=31 7596 33 18 123 836 136 179 2912 12 373 1095 12 126 200 7 266 58 1 30 27 17 38 11 61 36 17 6 69 32
internal_value=0.000682346 -0.0324643 0.00154384 0.000331181 0.00363397 0.00523518 0.0220403 0.0021548 -0.0078328 0.00314597 -0.0175183 -0.0737125 -0.0122335 0.00687822 -0.0245844 -0.00250004 0.0220056 -0.02757 0.0270592 -0.00517737 0.0106588 -0.0569434 0.0333522 0.0249007 -0.0356055 -0.0185937 -0.0576586 -0.0572257 0.0536912
internal_weight=405.85 10.281 395.569 373.437 265.876 251.599 38.9741 212.625 107.561 50.4148 57.1467 4.91233 52.2344 48.5281 14.2767 8.56057 22.1316 2.04732 20.0843 3.2804 1.56414 6.71542 16.8039 11.8711 3.77472 2.05799 5.71609 0.555052 4.93286
internal_count=14358 155 14203 13879 11938 10823 315 10508 1941 585 1356 135 1221 573 1115 273 324 105 219 57 87 124 162 119 91 55 842 70 43
is_linear=0
shrinkage=0.05


Tree=127
num_leaves=21
num_cat=0
split_feature=18 1 6 7 7 8 14 8 18 5 8 8 8 19 3 10 10 1 19 15
split_gain=4.60814 4.58363 3.58979 4.13135 14.9695 10.0714 9.47946 5.94544 5.87019 2.46204 1.83493 0.215407 0.188439 0.0113647 0.0111531 0.000265231 2.11185e-05 1.27674e-05 2.37944e-05 2.94179e-06
threshold=83.500000000000014 0.10021843759488121 0.91668085810691202 0.33833599945543041 0.14013491434353278 0.72488549009415104 0.50308641975308654 0.20427727673448706 22.500000000000004 0.10914967418496127 0.89145823621153586 0.11349012824330086 2.1333948667868929 0.78953164811527199 0.33050075855130473 10.500000000000002 5.5000000000000009 0.98806327284726037 0.45232883615062158 0.082843137254901972
decision_type=2 2 2 2 2 2 2 2 2 2 2 2 2 2 2 2 2 2 2 2
left_child=1 10 3 4 5 -3 7 -5 -6 -8 -1 -4 -13 -14 15 16 17 18 -2 -19
right_child=14 2 11 6 8 -7 9 -9 -10 -11 -12 12 13 -15 -16 -17 -18 19 -20 -21
leaf_value=-0.065169717252150844 -0.050960135927194006 -0.001896324129814599 -0.082409846693178163 0.022386819775708347 -0.011737515483212869 0.025563253705397929 -0.078337067994755274 9.3667021674949998e-05 -0.046509469917120731 -0.010290821528230985 -0.010794979454367856 -0.00073917163582102013 -0.051105020941261473 -0.063983498647208079 -0.060649428513280174 -0.052168485017884347 -0.050851721246983464 -0.050086376298130057 -0.050181075470429326 -0.050530870076983439
leaf_weight=3.6397622637450686 0.12365201633656342 172.41258957644459 0.56330686807632391 62.605788245447911 27.339548443793319 41.412296982482076 3.6960769472643724 57.262678474769928 21.828678191173822 2.0759248313261196 2.7043451815843582 0.19375684694387052 1.9451489879284056 0.18784771487116803 0.27354109287261952 0.16927829198539246 0.10391533898655314 3.2920556021272209 0.47263575292890891 0.037649535690434166
leaf_count=27 13 3237 3 678 532 371 101 2445 3449 143 17 10 250 2 2 5 15 2730 287 6
internal_value=-0.000398546 0.000168807 0.000851949 0.00126482 -0.00229837 0.00342188 0.00872335 0.0117371 -0.0271748 -0.0538639 -0.041991 -0.0546671 -0.0479506 -0.0522392 -0.0508669 -0.0502296 -0.0501482 -0.0501296 -0.0503426 -0.0500914
internal_weight=402.34 397.868 391.524 388.634 262.993 213.825 125.64 119.868 49.1682 5.772 6.34411 2.89006 2.32675 2.133 4.47273 4.19919 4.02991 3.92599 0.596288 3.32971
internal_count=14323 11265 11221 10956 7589 3608 3367 3123 3981 244 44 265 262 252 3058 3056 3051 3036 300 2736
is_linear=0
shrinkage=0.05


Tree=128
num_leaves=31
num_cat=0
split_feature=13 3 6 11 19 0 7 8 5 8 1 17 9 1 11 17 1 19 2 2 7 8 7 7 7 5 18 2 19 15
split_gain=3.40235 3.29016 5.27081 5.22718 5.4296 6.40199 6.31946 4.97614 9.46182 5.80277 7.8263 4.20161 8.71287 7.29813 8.7182 5.10553 6.997 10.9303 7.46319 5.68605 4.54222 4.25965 4.02306 3.90363 3.82684 1.79845 0.475292 0.0610109 0.027288 0.00160539
threshold=1.0000000180025095e-35 0.32431244694329558 0.33642751140498844 0.26217372282442036 0.53367154443743792 0.69999925015597209 -0.35745549845138008 -0.34429611182886427 0.029482324138965486 1.2465884703370806 0.78492360720100185 0.89893315174214061 3.5000000000000004 0.72285972251239927 0.021261833239849211 0.90049504950495063 0.98806327284726037 0.44936892213496371 0.39303790821748624 0.72065643823447367 -0.52397714857510425 1.4248521342142422 -0.35745549845138008 1.1528959389604383 -0.063511575829301795 0.099975648269154685 44.500000000000007 0.024011312746534164 0.86370314655063052 0.17694497153700192
decision_type=2 2 2 2 2 2 2 2 2 2 2 2 2 2 2 2 2 2 2 2 2 2 2 2 2 2 2 2 2 2
left_child=1 11 7 4 5 -4 -6 8 -3 22 -11 12 13 14 -1 19 18 -18 -17 -13 -15 23 -9 -14 -10 -5 -23 -2 29 -29
right_child=27 2 3 25 6 -7 -8 9 24 10 -12 15 21 20 -16 16 17 -19 -20 -21 -22 26 -24 -25 -26 -27 -28 28 -30 -31
leaf_value=0.018721763188865728 -0.083754379799679035 0.05393733169492361 0.032999595136943213 -0.058352775835565335 -0.0020950255066735798 -0.015058595051556293 0.027850931233930953 -0.01692912763901553 -0.017641574436674298 0.023238185365848263 -0.11174692521004043 -0.050746275502949356 0.00099991350455469084 -0.084407710667396371 -0.070768349260608265 0.0014444656851696613 0.049970530535205469 -0.034930595821047197 0.056942671779075416 0.23566593863250274 -0.028071042544517762 -0.036693243822995852 0.017957417056452343 0.044149031422990453 -0.069981550423120029 -0.0060363446184264801 -0.079940737809181386 -0.050920581923919322 -0.063646599316139849 -0.054821579331100989
leaf_weight=16.182557129359342 0.2405941635370249 2.7926052063703564 9.2145766708999854 3.3683144599199286 24.281531788525172 27.947968709049746 64.19180327700451 11.704437857726587 6.2750809281133124 1.9011818789876986 2.4674255405552685 0.26429613749496539 84.911179172981065 3.9124813852831712 3.2717996130231759 14.328554232954049 4.9959371411823694 15.717034436645916 10.494397674978243 0.50324048654874787 41.835894665215164 1.11453473358415 28.112232428975403 5.5864732885383992 7.8750739089446116 3.2065394669771194 1.4774890353437511 0.80345336906611942 0.92235789739061136 0.39261078648269176
leaf_count=217 1 16 41 20 176 770 475 108 74 23 41 53 1437 52 28 444 332 4862 813 6 3407 33 293 57 75 22 25 415 33 8
internal_value=-2.413e-05 0.000330789 0.00500773 0.0106213 0.0128956 -0.00314241 0.0196323 -0.0071335 -0.0301714 0.00170034 -0.0530025 -0.00408882 -0.00796413 -0.0219806 0.00367147 0.00915925 0.00700371 -0.0144526 0.0249074 0.137042 -0.0328891 0.00185341 0.00770223 0.00366353 -0.0467707 -0.0328382 -0.0613449 -0.0598943 -0.0571845 -0.0522011
internal_weight=400.294 397.935 193.339 132.211 125.636 37.1625 88.4733 61.128 16.9428 44.1853 4.36861 204.596 158.292 65.2027 19.4544 46.3035 45.5359 20.713 24.823 0.767537 45.7484 93.0897 39.8167 90.4977 14.1502 6.57485 2.59202 2.35902 2.11842 1.19606
internal_count=14357 13900 2134 1504 1462 811 651 630 165 465 64 11766 5256 3704 245 6510 6451 5194 1257 59 3459 1552 401 1494 149 42 58 457 456 423
is_linear=0
shrinkage=0.05


Tree=129
num_leaves=31
num_cat=0
split_feature=8 8 4 7 12 9 11 11 3 1 3 1 19 15 9 8 7 4 7 17 1 5 14 4 6 0 5 4 6 8
split_gain=3.48758 11.6269 5.29587 9.28852 6.81839 5.87244 5.6902 9.9682 6.83657 5.22174 9.82785 5.02958 4.97883 4.72518 4.32733 4.30647 8.27708 11.3014 8.23527 7.13536 6.4201 5.75816 5.47433 5.20537 5.039 4.6599 4.13819 3.89361 3.7401 3.66731
threshold=-0.39333090527602471 -0.058420368102735341 0.20531388825061278 -0.28125494599408324 1.368585927421911 10.500000000000002 0.1517685294963014 0.051670768331537414 0.41287018271053544 0.9099157082659024 0.49366807625963799 0.77258361379890628 0.56767779731273882 0.038218111002921142 8.5000000000000018 0.35143198709261186 -0.39030301982911508 0.18467869478113513 0.99709048094221953 0.55028089887640463 0.71037848594885877 0.00036341295856721602 0.24117158288325721 0.58554812661962574 0.7456506002142621 0.73212339746711763 0.093985547306543085 0.32426193337035342 0.12667605852839928 0.035869902596029082
decision_type=2 2 2 2 2 2 2 2 2 2 2 2 2 2 2 2 2 2 2 2 2 2 2 2 2 2 2 2 2 2
left_child=2 9 3 -1 6 14 7 11 27 -2 13 -4 -12 28 -5 16 17 -3 22 21 -20 -18 25 -24 -21 -17 -10 -8 -11 -19
right_child=1 15 4 5 -6 -7 8 -9 26 10 12 -13 -14 -15 -16 18 19 29 20 24 -22 -23 23 -25 -26 -27 -28 -29 -30 -31
leaf_value=0.015042923032630088 0.037274033613373669 0.039392769656543682 -0.003190816042191276 -0.065732758519086804 0.035439613788448662 -0.19865888940337503 -0.051271327842120254 0.03847546565818178 -0.1174916124181928 0.07472742284349275 -0.0085237258179527379 -0.057784318207597454 -0.093658258407200046 0.024381243894539648 0.039494946284005739 0.02345242220344524 -0.092071903092525151 -0.015266973683177427 0.012120349634275039 -0.026393671832957002 -0.046576478081891914 0.022161512879994308 0.0010821137046613963 0.080569151644206319 0.016095862751613867 -0.00072856134155827349 -0.03634075480488997 0.0047382046076891848 -0.030689736897690469 -0.069849005865060543
leaf_weight=5.9989518907968895 27.06638532364741 3.7545186879579004 18.095239932648841 7.9650753014138846 10.379933470627291 0.74711695499718267 4.294199938245586 13.09774358733557 2.8247992889955631 0.95924778643529762 4.036019393708556 5.5014449392911038 2.9892887840978801 45.248199766559992 1.1136096025584263 26.238600103650242 1.1527778010349745 4.0645234629046199 7.1340484792599481 29.488006609579315 13.425437848200088 25.628590211796109 3.5732929841615242 4.8624069280922413 9.1408678281004523 82.782892430957872 3.5392374126240611 11.184929531184023 6.8484678933746181 12.671783214609603
leaf_count=74 268 81 202 279 69 7 48 86 20 33 210 206 23 376 35 168 22 27 107 5719 1091 370 43 11 1423 2523 21 94 509 132
internal_value=0.00109438 0.00354408 -0.00789782 -0.0339825 -0.00190829 -0.063914 -0.00853085 0.00349661 -0.0287358 0.0190391 0.0108243 -0.015919 -0.0447487 0.0181829 -0.0528253 -0.00248649 -0.0112758 -0.0390059 0.00298392 -0.00258884 -0.0262089 0.0172444 0.00809378 0.0468991 -0.0163392 0.00509116 -0.0723611 -0.0107999 -0.0177383 -0.0565934
internal_weight=395.808 311.065 84.7423 15.8248 68.9175 9.8258 58.5376 36.6944 21.8432 87.1476 60.0812 23.5967 7.02531 53.0559 9.07868 223.918 85.9011 20.4908 138.017 65.4102 20.5595 26.7814 117.457 8.4357 38.6289 109.021 6.36404 15.4791 7.80772 16.7363
internal_count=14277 13136 1141 395 746 321 677 494 183 1419 1151 408 233 918 314 11717 7774 240 3943 7534 1198 392 2745 54 7142 2691 41 142 542 159
is_linear=0
shrinkage=0.05


Tree=130
num_leaves=27
num_cat=0
split_feature=6 7 8 8 15 3 19 0 2 7 7 19 14 1 19 7 2 17 7 15 5 9 15 2 11 5
split_gain=4.87963 4.69845 6.91487 6.52013 7.8533 6.18478 5.22343 6.17123 5.11184 5.04125 4.99093 6.79573 6.26829 4.83262 4.79371 3.87589 4.10201 2.6933 2.05383 2.03319 1.64044 0.164063 0.0163898 0.00864529 0.0019811 0.00103809
threshold=0.12162106446545536 0.69813284642938445 1.0157462166549913 0.89145823621153586 0.81666666666666676 0.1834434309816049 0.99115816246793997 2.2584466459382786 0.5411877013031503 -0.63512645822350178 -0.063511575829301795 0.64782784536459037 0.77294685990338174 0.41154796575205704 4.5137154671684039 0.7215531905028697 0.0096917869218813846 0.3712316968130922 0.80896378580044337 0.37638888888888894 0.057129847457985473 15.500000000000002 0.32379032258064522 0.0078627143809997975 0.25738773791934083 0.29805499120475426
decision_type=2 2 2 2 2 2 2 2 2 2 2 2 2 2 2 2 2 2 2 2 2 2 2 2 2 2
left_child=21 3 13 4 10 9 7 18 14 -5 11 -2 -12 -3 -7 20 -17 -10 -4 -11 -15 22 23 -1 25 -25
right_child=1 2 6 5 -6 8 -8 -9 17 19 12 -13 -14 15 -16 16 -18 -19 -20 -21 -22 -23 -24 24 -26 -27
leaf_value=-0.058880280999721715 -0.014040587702916075 -0.02434849733007657 0.018693492217368903 0.088576296648698413 -0.074916912040324232 0.026199622030932769 0.041430517227815461 0.06692080166415211 0.044985252447342375 -0.055265995990267373 -0.014538861590361439 0.0099578292381723322 0.05198972679409658 0.038339247262727069 -0.052961016063357486 0.048453636750344926 0.013066413120477417 -0.090021367754743065 -0.052725139744251651 0.059832583031219445 0.11712763282116477 -0.096639557484574701 -0.063359229454129126 -0.051246900537796659 -0.057537742553621596 -0.054286310451948261
leaf_weight=0.57055674679577384 45.245970300922636 6.2231294065713874 1.117916224990039 0.76955100335180748 4.1041296720504752 43.250187480822206 2.8605576027184716 1.3663628459908057 0.48381774500012342 5.5856596074881955 116.77220947144087 84.761918742326088 3.6512693052645764 1.2217768540140235 2.0009410120546809 9.9069492667913419 47.231586541747674 1.5622942800400776 10.114848501456434 0.41198691725730885 1.4385148100554941 0.2496977150440215 0.47145743668079365 1.9724171454436152 0.15399325487669546 0.32758650928735722
leaf_count=6 1568 38 20 3 19 563 31 12 11 636 7461 716 41 36 11 42 1721 62 926 1 8 1 3 386 6 12
internal_value=-0.000688108 -0.000142727 0.0105364 -0.00296242 -0.00631193 0.0128071 -0.0195642 -0.0334127 0.0192039 -0.0319014 -0.00518762 0.00160578 -0.0125217 0.0175848 0.0226993 0.0219487 0.019202 -0.0580981 -0.0456174 -0.0473597 0.0809429 -0.0574846 -0.054688 -0.0533364 -0.0520474 -0.0516798
internal_weight=393.827 390.082 81.4816 308.6 254.535 54.0644 15.4597 12.5991 47.2972 6.7672 250.431 130.008 120.423 66.022 45.2511 59.7988 57.1385 2.04611 11.2328 5.99765 2.66029 3.74571 3.49601 3.02455 2.454 2.3
internal_count=14340 13926 2834 11092 9805 1287 989 958 647 640 9786 2284 7502 1845 574 1807 1763 73 946 637 44 414 413 410 404 398
is_linear=0
shrinkage=0.05


Tree=131
num_leaves=26
num_cat=0
split_feature=13 3 3 17 17 3 4 0 9 3 11 17 2 19 15 3 4 8 18 15 18 10 15 3 18
split_gain=3.34498 3.01714 3.08836 4.04712 7.37758 2.79752 4.39741 7.3825 4.17583 3.81769 3.60587 3.0112 0.0435134 0.0228667 0.00112518 0.00019796 5.52078e-05 4.54392e-05 3.60432e-05 2.98697e-05 2.82978e-05 8.65761e-06 6.07789e-06 1.97299e-06 1.31571e-06
threshold=1.0000000180025095e-35 0.11764829922345731 0.11819451774647034 0.95633104500381394 0.95932156646442368 0.33050075855130473 0.51833380904852178 0.99600798452680117 3.5000000000000004 0.23943741492975773 0.14465586372026906 0.16869918699186995 0.024011312746534164 0.86370314655063052 0.17694497153700192 0.18773028429816754 0.107834811170562 0.72488549009415104 6.5000000000000009 0.17902930402930406 47.500000000000007 5.5000000000000009 0.069971440228478191 0.11816395653618708 12.500000000000002
decision_type=2 2 2 2 2 2 2 2 2 2 2 2 2 2 2 2 2 2 2 2 2 2 2 2 2
left_child=1 18 3 17 -5 8 7 -7 9 -4 -10 -8 -2 14 15 21 -17 23 -1 22 -6 -14 24 -3 -20
right_child=12 2 5 4 20 6 11 -9 10 -11 -12 -13 13 -15 -16 16 -18 -19 19 -21 -22 -23 -24 -25 -26
leaf_value=-0.050927312782158778 -0.079684515189095542 -0.050410303230917511 -0.002926614400508256 0.16048351281046691 -0.051236147547906841 -0.012996337748164897 -0.0039981479221792206 0.010123596324993862 0.016197847340915447 -0.022954722140009126 -0.0031066229158283813 0.032568081832550839 -0.050094390883078821 -0.062523815247351178 -0.054300851468278399 -0.052719430105390909 -0.05134337850292281 -0.051380861960461946 -0.050273585069300769 -0.051658698123053487 -0.050436999482591754 -0.05080772939343952 -0.050388025586635979 -0.050626682206108747 -0.050073023812808287
leaf_weight=0.1447985023260111 0.23375025391578619 0.26489553123246823 70.108589766488876 1.2976506249979136 0.14572311518713821 52.245215426431969 7.5452081635594395 101.81664543575607 39.789832149690483 36.017320100974757 61.699827771284617 22.182406652253121 0.37438764510443456 0.97008719679433841 0.35732404934242368 0.11181428318377584 0.20938910188851878 0.21676630969159305 0.084643621463329821 0.031077809631824382 0.46188480965793133 0.047986953286454082 0.17092754854820658 0.17491412977688015 2.4103669523319695
leaf_count=11 1 48 7301 8 10 397 50 1489 651 525 758 142 377 31 8 5 35 16 17 1 70 7 39 20 2357
internal_value=0.000826803 0.00117565 0.00154595 0.0562654 0.0931575 0.00118779 0.00568055 0.0022832 -0.00278937 -0.00972381 0.00446185 0.0232872 -0.059235 -0.0569269 -0.051995 -0.0508869 -0.0518224 -0.0507884 -0.0501588 -0.0501176 -0.0506287 -0.0501754 -0.0500996 -0.0504964 -0.0500798
internal_weight=399.113 396.809 393.967 2.56183 1.90526 391.405 183.789 154.062 207.616 106.126 101.49 29.7276 2.30474 2.07099 1.1009 0.743578 0.321203 0.656576 2.84181 2.69702 0.607608 0.422375 2.66594 0.43981 2.49501
internal_count=14374 13910 11485 172 88 11313 2078 1886 9235 7826 1409 192 464 463 432 424 40 84 2425 2414 80 384 2413 68 2374
is_linear=0
shrinkage=0.05


Tree=132
num_leaves=31
num_cat=0
split_feature=6 11 15 0 4 16 14 16 5 4 7 2 6 9 15 19 18 18 16 5 6 7 1 6 8 4 18 19 15 1
split_gain=4.18197 5.6929 5.62958 5.45974 4.73675 10.8028 10.4103 7.04448 6.70702 5.31243 9.52767 4.35937 4.32175 4.96902 6.35062 10.357 4.17546 4.14574 3.43912 4.36871 4.01413 3.39732 3.0371 2.89169 1.32613 0.833453 0.910039 0.60374 0.204432 0.0192358
threshold=0.68092298026036746 0.25432111549416364 0.30860805860805868 1.2305378533845428 0.51833380904852178 0.12974987974987975 0.24117158288325721 0.13712060166532369 0.081914392038553718 0.45498363021152477 -0.7589426785352823 0.0069852315619441082 0.6882950175892224 1.5000000000000002 0.32379032258064522 0.47858970987225691 79.500000000000014 78.500000000000014 0.025751547303271446 0.1588086707919252 0.89344893320642349 -0.13096268984793788 0.82046412833142901 0.36492905472264153 0.74594613778068453 0.24092311485140935 18.500000000000004 0.99115816246793997 0.14160401002506268 0.78492360720100185
decision_type=2 2 2 2 2 2 2 2 2 2 2 2 2 2 2 2 2 2 2 2 2 2 2 2 2 2 2 2 2 2
left_child=3 12 21 4 9 6 8 -7 -6 16 -11 -9 24 14 15 -14 17 -1 19 -15 -20 -3 -12 -8 25 26 -2 28 -23 -5
right_child=1 2 -4 29 5 7 23 11 -10 10 22 -13 13 18 -16 -17 -18 -19 20 -21 -22 27 -24 -25 -26 -27 -28 -29 -30 -31
leaf_value=-0.0032870398639855006 0.057119530950177272 -0.23619275835004538 0.054540734902605373 -0.060433211548044236 0.028036395351985169 0.12093405149752826 -0.0099545789510000291 0.070361281859500843 -0.031050845079892999 -0.14705355436539433 -0.00091776958020513299 0.016269400166253223 0.008596561398026439 0.04605881737814331 0.054526411572308191 -0.047365023620575354 -0.050783267754024489 0.060286150139704932 0.013603986666139687 -0.023983730770015019 -0.054049499627651425 -0.054877347837135264 -0.040527709729643924 0.076336650105790438 0.095359917833256355 0.055498569107188728 -0.052977483241842885 -0.097760087489512704 -0.0050483986880232867 -0.05269020669643143
leaf_weight=187.10601223917911 0.32732054591178839 0.32634562300518188 0.97100237011909474 0.99025861313566466 5.9078882709145573 2.0394187270430875 1.2777812264394004 4.4138423232361701 25.672303624800406 1.6064238599501575 9.8718018197687361 23.859152271179482 22.616292081598658 15.435548863926671 4.0072327367961398 13.032010586757677 4.5695495201216536 2.6000871752621597 35.483121988829225 2.6014241857919833 2.3369612164096898 1.525132367270998 9.4931535824434814 4.0419843139825389 1.6131860346067695 1.9506483435397965 0.44000006665010005 0.94048838969320048 0.23795359535142768 4.2215560552722309
leaf_count=4816 1 3 5 35 28 10 40 10 783 14 82 454 1285 491 31 1248 3127 195 652 33 34 151 386 42 17 15 66 5 5 256
internal_value=-0.000346892 0.00825396 -0.0502284 -0.00345166 -0.00251599 0.00907115 -0.009097 0.0311876 -0.0199971 -0.00613415 -0.0300422 0.024714 0.0105975 0.00838227 -0.00515285 -0.0118614 -0.00355337 -0.00241571 0.0179915 0.0359568 0.00942357 -0.0838039 -0.0203355 0.0556099 0.0594478 0.0381331 -0.00601274 -0.0654092 -0.0481522 -0.0541614
internal_weight=391.516 103.845 4.00092 287.671 282.459 67.2124 36.9 30.3124 31.5802 215.247 20.9714 28.273 99.8437 95.5126 39.6555 35.6483 194.276 189.706 55.8571 18.037 37.8201 3.02992 19.365 5.31977 4.33115 2.71797 0.767321 2.70357 1.76309 5.21181
internal_count=14320 4042 169 10278 9987 1367 893 474 811 8620 482 464 3873 3774 2564 2533 8138 5011 1210 524 686 164 468 82 99 82 67 161 156 291
is_linear=0
shrinkage=0.05


Tree=133
num_leaves=23
num_cat=0
split_feature=0 19 4 12 0 12 8 8 11 1 12 4 16 8 8 3 15 5 15 15 15 15
split_gain=4.43947 3.42153 3.16109 3.18438 4.62735 3.58981 4.39919 8.71519 4.5464 2.55933 1.94508 1.64147 1.33153 1.11255 1.06029 0.639142 0.628778 0.475774 0.0887406 0.0066746 0.000279463 3.73558e-05
threshold=0.65265092346082143 5.7405072904009726 0.11133818354815887 1.4285762823375292 0.68023744764755634 1.368585927421911 -0.39333090527602471 -0.22225919446814504 0.1517685294963014 0.97104273854334489 1.3333335779642186 0.20531388825061278 0.24688317685085426 -0.58769235627512562 -0.37734305668795159 0.33487493228289039 0.23845060412224592 0.25577236752720162 0.14160401002506268 0.14160401002506268 0.076436222005842283 0.048583792289535806
decision_type=2 2 2 2 2 2 2 2 2 2 2 2 2 2 2 2 2 2 2 2 2 2
left_child=1 10 16 5 12 6 8 -8 -4 -6 13 -7 -5 -1 -11 -13 19 18 -15 20 21 -2
right_child=2 -3 3 4 9 11 7 -9 -10 14 -12 15 -14 17 -16 -17 -18 -19 -20 -21 -22 -23
leaf_value=-0.11182156943099109 -0.050225457469937645 0.016703787644009965 0.001606222206052246 -0.023034992387628482 -0.0041356494715798732 -0.0036357446172959823 0.02407909672200691 0.00094845324296104661 -0.024881830068922153 -0.12997440286984061 0.0034913858900800839 0.04730750201931911 0.019449240210692043 -0.055260669001014354 -0.067821610924457917 0.019359656951934267 0.051746051340502433 -0.023704834423905016 -0.071051431003710128 -0.058576476657859394 -0.051834133146593714 -0.050831321086159023
leaf_weight=0.96824431046843518 2.3044465081766257 2.608882303815335 39.235983973077964 3.3979276651516557 1.1853253045119325 2.9257733882986932 49.154187676322181 237.4229108056752 27.591813253355213 1.1011224368703552 1.3626897020731119 6.9098710474790987 4.0337204933166504 2.2460694750770913 1.8209616831736639 2.9060394950211048 0.15562636032700528 1.0716780615039168 1.4733629086986182 0.27788440708536644 0.33152610476827238 0.2859925235970876
leaf_count=9 1492 25 552 21 8 34 593 10953 246 16 24 54 19 56 38 21 2 27 15 5 33 63
internal_value=0.0010661 -0.0322829 0.00191776 0.00234701 -0.0235148 0.00316204 0.00222198 0.00491586 -0.00933015 -0.066105 -0.0502273 0.0292356 2.44308e-05 -0.0629373 -0.0912425 0.0390334 -0.0463982 -0.0530582 -0.0615158 -0.0511715 -0.0504673 -0.0502923
internal_weight=390.772 9.73093 381.041 377.686 11.5391 366.147 353.405 286.577 66.8278 4.10741 7.12204 12.7417 7.43165 5.75935 2.92208 9.81591 3.35548 4.79111 3.71943 3.19985 2.92197 2.59044
internal_count=14306 156 14150 12555 102 12453 12344 11546 798 62 131 109 40 107 54 75 1595 98 71 1593 1588 1555
is_linear=0
shrinkage=0.05


Tree=134
num_leaves=25
num_cat=0
split_feature=6 0 0 1 4 14 17 14 7 8 18 9 18 8 8 19 8 10 0 5 1 19 0 18
split_gain=4.54108 3.3393 5.60452 3.92102 6.02484 6.97925 6.42156 4.50375 6.98145 3.96121 3.2923 1.3288 2.69375 1.26066 1.14233 1.33266 1.32143 0.52307 0.0906288 0.0654592 0.0552023 0.0115573 0.00646086 0.00337748
threshold=0.13546192957499817 2.2584466459382786 1.000230123974984 1.1049726468453904 0.18582701838873572 0.2606112054329372 0.73511693834160186 0.075961538461538483 0.43603658890415475 0.026892853541537625 1.5000000000000002 2.5000000000000004 8.5000000000000018 0.074580931905591882 -0.37018611142517455 1.2958409878186468 0.068817244198285735 5.5000000000000009 1.0029762839172063 0.091794172922770187 2.4889299632725064 2.9436955508062881 0.80681229363945361 4.5000000000000009
decision_type=2 2 2 2 2 2 2 2 2 2 2 2 2 2 2 2 2 2 2 2 2 2 2 2
left_child=13 2 3 7 6 -6 -5 9 -9 -2 -4 18 -13 14 19 16 22 20 -12 -1 21 23 -16 -15
right_child=1 -3 10 4 5 -7 -8 8 -10 -11 11 12 -14 17 15 -17 -18 -19 -20 -21 -22 -23 -24 -25
leaf_value=-0.07787306121823899 0.0025902400346427251 0.042826539315334006 0.029098931619622966 0.00024539710921366476 0.019922639477325876 -0.055056806451958297 -0.060094434033840682 0.046923533494816247 -0.043423885242882383 -0.010283167535679981 -0.07373397223316687 0.035219962615442905 -0.053846265149660372 -0.056695114663172376 -0.059336758861703934 0.050278195207912373 0.057410473285694 -0.11264843013967979 -0.054033757789609685 -0.052811210429125177 -0.079344558316014446 -0.064754369012162638 -0.051744692350061378 -0.05183769640766922
leaf_weight=0.44824610056821279 110.33698068058584 4.4883844288997343 1.8169419434852887 33.102382157754619 71.020370446029119 3.2454130362020797 5.0869209069351191 9.5302238514414039 2.7567380951368241 130.35051797088818 0.63953157275682126 1.4081903677433731 2.1375545927439816 0.44702545134350824 0.55000085337087534 0.82072516670450557 0.33725246787071217 0.48174235224723805 6.6993027172284201 0.62220843334216624 0.23305761814117421 0.22249424085021008 0.57131335421581664 1.7942857409652786
leaf_count=16 1694 34 8 284 764 36 932 102 166 8662 28 13 165 7 6 9 1 2 894 29 1 2 85 403
internal_value=-0.00075264 -4.7118e-05 -0.000556025 0.00057884 0.00834697 0.016646 -0.00779204 -0.00287434 0.0266529 -0.00438169 -0.0332067 -0.0436073 -0.0184737 -0.0421025 -0.0206992 -0.00068938 -0.0293685 -0.0646581 -0.0557505 -0.0633057 -0.0560856 -0.0538855 -0.0554686 -0.0528065
internal_weight=389.148 382.619 378.131 365.43 112.455 74.2658 38.1893 252.974 12.287 240.687 12.7015 10.8846 3.54574 6.52835 3.34975 2.27929 1.45857 3.17861 7.33883 1.07045 2.69686 2.46381 1.12131 2.24131
internal_count=14343 13782 13748 12640 2016 800 1216 10624 268 10356 1108 1100 178 561 146 101 92 415 922 45 413 412 91 410
is_linear=0
shrinkage=0.05


Tree=135
num_leaves=23
num_cat=0
split_feature=5 17 17 17 1 2 11 4 17 19 7 7 15 18 14 1 5 19 19 8 15 19
split_gain=3.43619 3.11747 4.75548 5.9184 6.13203 5.03186 4.75037 4.09487 5.16477 5.06475 3.90448 4.84327 3.38635 8.8452 3.97461 3.34296 2.69435 0.375029 4.58749e-05 2.2174e-05 1.66591e-05 1.13122e-05
threshold=0.35019181444754016 0.98620624048706251 0.9644437420986095 0.95260557053009898 0.98806327284726037 0.76380525227465668 0.3062827248737629 0.38673635245927801 0.98657657657657671 3.2830421115478208 -0.39030301982911508 -0.57706482529811243 0.01526806526806527 7.5000000000000009 0.36515151515151517 0.97613910834839468 0.27788560539623164 0.4410038054149284 1.2354717755000899 0.35143198709261186 0.016001024065540197 0.56959365571386844
decision_type=2 2 2 2 2 2 2 2 2 2 2 2 2 2 2 2 2 2 2 2 2 2
left_child=1 2 3 12 15 -6 7 8 -3 -10 11 -9 13 -1 -14 -5 -12 -2 19 21 -21 -4
right_child=17 6 18 4 5 -7 -8 10 9 -11 16 -13 14 -15 -16 -17 -18 -19 -20 20 -22 -23
leaf_value=0.00058950945471268829 -0.11100903149972803 0.10069790333957679 -0.050145654402024321 0.027662715192061496 -0.050541941355727739 0.094186823473790565 0.14386864625856272 0.025001109676455847 -0.049818013179582815 0.032200736016646449 0.037888988572805524 -0.068723108306458308 0.0028755812783799895 -0.030229417775379065 -0.035647799687341837 0.1280492958239936 -0.0017119156392230641 -0.057714201419518912 -0.051796818845168839 -0.050354874711802812 -0.051016964395043531 -0.050578442322463828
leaf_weight=74.38942566793412 0.45886088814586301 0.86231402942212021 2.5746660203731149 1.3217150733689771 2.0231152496417057 0.85410565277561534 0.68215891032013942 3.0301698514958844 6.8108190619095694 2.6010481864213943 18.744470756384548 2.5286664569284794 219.07589989091503 33.887275151937502 6.9066285624867296 2.2260810966836289 5.5720059641171238 1.1762595705222336 0.0494061755016445 2.0564393787644808 0.099609146360307821 0.16039258628734376
leaf_count=817 18 29 1444 160 700 78 4 12 1204 14 248 35 2750 6072 91 40 53 37 2 455 7 48
internal_value=-0.000340462 -3.44303e-05 -0.00157797 -0.00087169 0.0466619 -0.00757908 0.013031 0.010808 -0.016421 -0.0271514 0.0201722 -0.0176332 -0.00178537 -0.00905587 0.0016982 0.0906507 0.0288146 -0.0726702 -0.0502809 -0.0502656 -0.0503855 -0.050171
internal_weight=388.092 386.456 345.625 340.684 6.42502 2.87722 40.8317 40.1495 10.2742 9.41187 29.8753 5.55884 334.259 108.277 225.983 3.5478 24.3165 1.63512 4.94051 4.89111 2.15605 2.73506
internal_count=14318 14263 12664 10708 978 778 1599 1595 1247 1218 348 47 9730 6889 2841 200 301 55 1956 1954 462 1492
is_linear=0
shrinkage=0.05


Tree=136
num_leaves=31
num_cat=0
split_feature=5 5 14 16 16 18 5 3 8 15 6 7 16 8 2 4 8 4 8 3 11 8 7 19 5 16 1 7 15 1
split_gain=3.71653 7.07724 5.35241 6.13795 6.65657 5.81198 4.99643 5.5495 4.81558 6.80067 5.92564 8.34797 5.81735 4.70292 4.50902 6.45534 4.94479 6.63153 4.39795 3.51208 3.69996 3.85549 3.14767 2.91101 2.86033 2.81717 1.8157 1.38986 0.826798 0.342454
threshold=0.086743710087794898 0.084668555379915647 0.21020142949967513 0.12974987974987975 0.13811445341159209 20.500000000000004 0.10914967418496127 0.19298430050120638 0.15817007244905235 0.32379032258064522 0.60626871898920853 0.10109997042244655 0.32529069767441871 -0.37018611142517455 0.4278065176571117 0.42787815026319781 -0.11806609144991262 0.23108473634408191 1.228222419830258 0.15944142435111255 0.31579414320221372 0.14783857845082884 0.11987921043239293 2.4155686289891518 0.20761134577732462 0.14833149981664837 0.72285972251239927 -0.31398055679186959 0.22792207792207794 0.99999957465430922
decision_type=2 2 2 2 2 2 2 2 2 2 2 2 2 2 2 2 2 2 2 2 2 2 2 2 2 2 2 2 2 2
left_child=1 8 3 14 24 13 -4 -8 19 10 11 -10 -12 -6 16 22 17 -2 -18 27 21 -21 -16 -11 -5 -7 -3 28 -1 -9
right_child=2 26 6 4 5 25 7 29 9 23 12 -13 -14 -15 15 -17 18 -19 -20 20 -22 -23 -24 -25 -26 -27 -28 -29 -30 -31
leaf_value=-0.052261785701046816 -0.051189028624868398 0.11045040413829682 -0.090706807049678873 0.028589974426274957 -0.016063462688077651 0.030508659948244733 -0.057220715905320824 0.04369443811290756 0.0040477239206790005 0.045765699816246376 0.013867062866737698 -0.038347650971269166 -0.046855135514099665 0.014198794110676888 0.03242824875723168 0.16709395688875234 -0.044921133218253258 0.0070666329024605228 -0.0078403379550429069 0.011639255830037304 -0.039326828707137787 0.067576579090550051 -0.02478197794670679 -0.018044176232884172 0.12424041353139004 -0.050553230153481635 0.042937501275157053 -0.059231919245273705 0.055095977856291015 0.064610026506219595
leaf_weight=0.27750160885625552 6.3045641414355513 1.6493415758013714 0.78558607713784923 1.6324710899498307 18.228325276635587 1.2556902093929219 1.254082771600223 3.3640253711491805 19.68144225110882 8.6106030084192735 30.644038583501242 28.318083358055446 4.5269852014025664 43.41642639413476 4.7368588246754335 0.64242139563430178 26.527670255920384 21.698166429880075 11.44682551716687 115.81661754410015 3.4596242113038889 3.164641245850361 4.8823777676443569 2.2555316388607016 1.4995526530547065 7.319440235150978 2.5136678097769618 2.4814280608552499 0.50697722285985947 4.6792324474081397
leaf_count=70 369 4 12 26 234 35 150 22 374 88 2527 3655 300 454 92 30 959 477 507 1713 38 73 264 19 23 418 52 1311 3 22
internal_value=0.000945523 0.0051017 -0.00488258 -0.00725925 0.00306626 -0.000114797 0.0303778 0.0406089 0.00387817 -0.00467972 -0.00953987 -0.0209641 0.0060513 0.00525026 -0.0171938 0.0136389 -0.0219893 -0.00604911 -0.0337437 0.01028 0.011645 0.0131271 0.0033904 0.0325204 0.0743856 -0.038683 0.0696854 -0.0408922 0.0171192 0.0558623
internal_weight=383.58 223.906 159.674 149.591 73.3519 70.2199 10.0829 9.29734 219.743 94.0367 83.1705 47.9995 35.171 61.6448 76.2389 10.2617 65.9772 28.0027 37.9745 125.707 122.441 118.981 9.61924 10.8661 3.13202 8.57513 4.16301 3.26591 0.784479 8.04326
internal_count=14321 10227 4094 3888 1190 1141 206 194 10171 6963 6856 4029 2827 688 2698 386 2312 846 1466 3208 1824 1786 356 107 49 453 56 1384 73 44
is_linear=0
shrinkage=0.05


Tree=137
num_leaves=31
num_cat=0
split_feature=5 7 2 8 7 5 3 8 5 8 7 7 14 8 1 17 5 15 3 17 5 2 3 15 11 14 19 5 5 7
split_gain=3.32361 2.96532 7.54616 11.9198 6.04253 5.72038 5.55055 5.63885 6.63365 5.54333 5.41642 7.611 7.02935 6.56048 4.92427 4.6881 4.25932 7.5264 4.11157 4.09032 3.90642 3.82435 3.04393 3.59843 2.96103 2.46524 2.27719 2.25108 2.06587 0.310917
threshold=0.35019181444754016 -0.50000080733447205 0.27469057818643411 0.80955190081919659 -0.10142478842371776 0.055322877721848844 0.49366807625963799 1.3506663390590101 0.12725266599966814 0.017487893688464814 0.33833599945543041 0.228940306806133 0.52488425925925941 -0.44684191259026701 0.93476445619447091 0.89893315174214061 0.026779774880431508 0.17902930402930406 0.25132760191275411 0.39339826839826847 0.11492041045544195 0.016108494178921573 0.22295915690902016 0.76388888888888895 0.14252569019502412 0.069204980842911892 0.67254193223561287 0.10914967418496127 0.065829763225480634 0.29656281365165071
decision_type=2 2 2 2 2 2 2 2 2 2 2 2 2 2 2 2 2 2 2 2 2 2 2 2 2 2 2 2 2 2
left_child=1 2 3 9 6 16 22 8 -8 19 11 13 15 -6 -11 -12 26 -18 20 -1 -7 -5 24 -24 -3 -13 -4 -14 -20 -2
right_child=29 4 5 21 10 18 7 -9 -10 14 12 25 27 -15 -16 -17 17 -19 28 -21 -22 -23 23 -25 -26 -27 -28 -29 -30 -31
leaf_value=0.02668593635456841 -0.10524234428489765 0.018373985384672827 -0.035015214821382902 0.053069889787340008 -0.027318240194490293 -0.052739976462664331 -0.06394493830441815 0.055362211433012759 0.0034527394454038785 -0.096304849022736963 0.0017174643969896965 -0.030661512481305265 -0.073761939435889795 0.0053280198379044418 -0.030226979712403679 0.024380782517681422 -0.12745960057304506 0.0068350160033052738 0.12214203018270096 -0.045171221179741317 0.042945241724801464 -0.012699436856058 0.027753855225294711 -0.029180965035409064 -0.016563496622233557 -0.092279481893750709 0.02557840952121615 -0.00418942009611679 0.047830840049499258 -0.057159240353028135
leaf_weight=3.2259331797249668 0.48039778764359553 14.497864992881661 2.1518256792332995 4.5280917696654779 20.743713212024886 2.0368677311344054 6.2211986023467061 2.5987273054197422 8.8368314239196462 7.2468872754834575 93.445314549899194 22.344495730911152 3.6162731034564777 59.615001469937852 4.6150046384427696 30.191044100240106 1.9044774812646208 2.3072464130818844 1.1080891508609054 5.1293637372436933 2.2393971603014506 4.3180949995294213 52.965168267022818 2.9286716841161242 10.425749125453875 1.7504094489268016 5.5490353631321341 1.7136115781613623 5.9965389649150893 1.1200729685369877
leaf_count=21 22 682 61 16 261 33 56 17 349 48 1849 2008 112 5488 30 2006 27 13 7 43 62 30 527 13 234 44 39 136 84 33
internal_value=0.000311355 0.000610845 -0.010448 -0.0274418 0.0023554 0.0107552 0.0127423 -0.0126542 -0.0243925 -0.048623 -0.00202659 -0.0104898 0.00482799 -0.00309925 -0.0705965 0.00725167 -0.0134635 -0.053891 0.0361053 -0.0174276 -0.00263148 0.0209659 0.0182909 0.0247706 0.00375935 -0.0351378 0.00864694 -0.0513937 0.059421 -0.0715919
internal_weight=385.851 384.251 52.3569 29.0634 331.894 23.2935 98.4742 17.6568 15.058 20.2172 233.42 104.454 128.966 80.3587 11.8619 123.636 11.9126 4.21172 11.3809 8.3553 4.27626 8.84619 80.8175 55.8938 24.9236 24.0949 7.70086 5.32988 7.10463 1.60047
internal_count=14351 14296 514 188 13782 326 1878 422 405 142 11904 7801 4103 5749 78 3855 140 40 186 64 95 46 1456 540 916 2052 100 248 91 55
is_linear=0
shrinkage=0.05


Tree=138
num_leaves=31
num_cat=0
split_feature=6 0 0 3 3 3 6 1 2 19 6 3 3 1 16 6 2 1 2 9 2 6 8 8 4 1 17 3 5 1
split_gain=2.88728 4.6666 4.58465 4.21954 7.27371 5.73408 7.37347 5.67409 5.03382 4.73613 3.86486 6.55548 5.30286 8.81002 4.75383 7.09804 4.4464 4.36489 3.61371 3.59914 6.17507 5.62044 3.44879 2.64261 2.22356 2.12227 1.86717 6.10393 3.75297 1.78811
threshold=0.65938233964265136 1.2305378533845428 2.2584466459382786 0.1765519871431239 0.33050075855130473 0.17651369057449642 0.6882950175892224 0.9099157082659024 0.20777877814000092 0.58166177032972988 0.57194920742150523 0.28183602975084893 0.49188335001969546 0.99667527621724894 0.18564064801178207 0.60030011456422139 0.0065023384842218144 0.41154796575205704 0.016853039026482993 1.5000000000000002 0.01947196092398883 0.8004003582578717 0.57517209639616285 0.0072406022811538845 0.30970043606228304 0.99447604509197407 0.4777667984189724 0.27243999406403191 0.01577841084655705 0.98898603487512549
decision_type=2 2 2 2 2 2 2 2 2 2 2 2 2 2 2 2 2 2 2 2 2 2 2 2 2 2 2 2 2 2
left_child=1 10 3 5 19 6 22 8 -6 -8 12 26 16 18 23 -16 -1 -18 -14 20 -5 -21 -2 -13 -15 -9 28 -28 -12 -7
right_child=2 -3 -4 4 7 29 9 25 -10 -11 11 14 13 24 15 -17 17 -19 -20 21 -22 -23 -24 -25 -26 -27 27 -29 -30 -31
leaf_value=0.049501025488137826 -0.050505488275157231 -0.053260261534722145 0.063933733205518858 0.0015809217238948973 0.0032629977570661998 0.11364638514142883 -0.043845915635169 0.061051416847361775 -0.070842418948677863 0.039128886435312954 0.052658748665883597 0.037895434592569312 -0.028803580903495912 -0.040076376936692963 -0.074507800273496391 0.012554398815283287 -0.055623023319260924 0.0027420780713292366 0.0099983233781575122 -0.02455081905257718 -0.064055240324923934 0.021740748914256786 0.105901313879032 -0.0046078327834534697 -0.095665884296701253 0.022653235304546722 -0.050735607602117809 -0.28549870101377944 -0.045131304629512252 0.033095020160825342
leaf_weight=5.002580562606453 0.41529825489851502 4.6176899661077178 3.3359197452664366 6.419294847175478 20.314488082891334 2.2257102071307595 4.7293860251375008 4.2576759895309833 2.5829707344528279 2.7024944653676357 1.3091846238821734 7.2320612269686553 9.7633468415588158 3.6270003064419134 4.498287081718443 4.8817715651821345 3.2585747614502898 189.07864783081459 15.569315344619097 14.852110361796806 8.111342909280209 11.740136775770223 2.3288983184611425 7.3979389253654517 3.5690133608877659 23.242374619469047 8.6045789493073208 0.28608468174934465 3.9154095482081175 0.99781752587296058
leaf_count=16 171 284 10 48 359 11 1251 40 47 156 15 87 70 185 34 46 22 7537 244 298 1453 200 32 78 21 302 1161 2 77 96
internal_value=-0.000680315 -0.00342367 0.00622803 0.00439328 0.000556561 0.0305984 0.0121894 0.0132894 -0.00509654 -0.0136733 -0.00256495 -0.0173087 -0.000119602 -0.0188247 -0.00141175 -0.029197 0.00296367 0.00175326 -0.00495614 -0.015048 -0.0350587 -0.00411368 0.0822312 0.0164028 -0.0676472 0.0285982 -0.0443494 -0.0582898 -0.020627 0.0887123
internal_weight=380.867 272.611 108.256 104.92 91.5204 13.3996 10.1761 50.3975 22.8975 7.43188 267.994 38.1253 229.868 32.5287 24.0101 9.38006 197.34 192.337 25.3327 41.1229 14.5306 26.5922 2.7442 14.63 7.19601 27.5001 14.1153 8.89066 5.22459 3.22353
internal_count=14353 9879 4474 4464 2747 1717 1610 748 406 1407 9595 1500 8095 520 245 80 7575 7559 314 1999 1501 498 203 165 206 342 1255 1163 92 107
is_linear=0
shrinkage=0.05


Tree=139
num_leaves=31
num_cat=0
split_feature=1 14 11 7 11 4 7 19 8 19 18 18 19 0 0 0 8 8 0 14 7 15 9 1 8 4 9 18 8 17
split_gain=3.27679 5.52294 5.18398 6.72779 6.08815 5.42231 6.71864 6.06194 6.01942 4.89699 4.19718 6.69609 3.8954 4.79424 6.02965 4.3298 9.38141 8.75246 4.31401 3.91023 8.6957 4.52963 3.88092 3.79597 7.4985 9.13631 3.34619 5.42218 3.16893 2.88839
threshold=1.2984732584877789 0.069204980842911892 0.14465586372026906 1.1820230933067035 0.20460683913961672 0.20531388825061278 -0.50000080733447205 5.7405072904009726 -0.3319247457787054 0.71964311972930595 22.500000000000004 40.500000000000007 1.5367321187396386 0.99600798452680117 0.73212339746711763 0.69999925015597209 0.44316076252336772 -0.16273412639764764 0.69825256127088819 0.048809523809523817 0.44729571759652575 0.069971440228478191 10.500000000000002 1.3228834719513789 0.652649378059874 0.33891773384158358 5.5000000000000009 12.500000000000002 0.52290297662694907 0.49666666666666676
decision_type=2 2 2 2 2 2 2 2 2 2 2 2 2 2 2 2 2 2 2 2 2 2 2 2 2 2 2 2 2 2
left_child=2 23 12 5 -5 8 -7 -8 22 -10 -3 -12 15 14 18 16 17 -1 -14 21 -21 -17 -4 -2 26 -26 27 -25 -15 -13
right_child=1 10 3 4 -6 6 7 -9 9 -11 11 29 13 28 -16 19 -18 -19 -20 20 -22 -23 -24 24 25 -27 -28 -29 -30 -31
leaf_value=0.011528570778411051 0.051287919231625401 0.030423775852025676 -0.058198136840959126 -0.042421670511109927 0.040720486520689325 -0.067110205773207601 -0.0017437051586956806 -0.088971417329995361 -0.056713373917068703 0.014906478674509666 -0.11340478990330603 0.051570756262261888 -0.015401716831134005 0.036717321096939363 -0.075109125027020759 -0.015917545727032519 0.046031244108911254 -0.060320080429839357 0.029740233672107153 0.03931602956235053 -0.051898307609332908 0.0024761518569981164 -0.14357929472718575 0.037282850444196838 -0.15474417813847072 0.01290158700019655 0.025892441118671006 -0.024068841337527905 -0.0010734813832939144 -0.060176269542650179
leaf_weight=16.384215613361448 6.3477437530818852 1.891885324846952 4.2436359584098637 2.9305810039513736 8.8542837687418778 5.0531726174522182 39.963343554438325 2.0962643451057366 4.8757532969466428 4.6753570213913918 2.5497178546502255 1.3437261306680741 11.743951485201254 20.588328576879579 2.6431747163878745 88.40731982406578 13.345207012258468 5.7179846474900868 9.6342128338292241 11.265714579640187 3.4018763023777856 53.862987367727328 1.9390539564192293 5.51262995135039 1.481872386822942 1.7996695408364756 28.170895893999841 10.386952458327867 7.5931926276534787 1.0151033028960226
leaf_count=204 109 13 67 39 102 37 625 18 629 67 25 12 173 178 30 10068 90 53 56 143 266 480 12 41 34 22 304 346 73 40
internal_value=-0.0010654 0.00960374 -0.00308747 -0.0146224 0.0200453 -0.0211232 -0.0126359 -0.00609116 -0.0465372 -0.0216548 -0.0328479 -0.0572345 0.000432188 0.0125456 -0.00386655 -0.00285474 0.0129283 -0.00705915 0.00494181 -0.00641963 0.0181606 -0.00895376 -0.0849759 0.0149797 0.0101125 -0.0628036 0.0155419 -0.00279727 0.026535 0.00348132
internal_weight=379.72 60.5002 319.22 74.6314 11.7849 62.8466 47.1128 42.0596 15.7338 9.55111 6.80043 4.90855 244.588 52.2029 24.0213 192.385 35.4474 22.1022 21.3782 156.938 14.6676 142.27 6.18269 53.6998 47.352 3.28154 44.0705 15.8996 28.1815 2.35883
internal_count=14356 946 13410 1596 141 1455 680 643 775 696 90 77 11814 510 259 11304 347 257 229 10957 409 10548 79 856 747 56 691 387 251 52
is_linear=0
shrinkage=0.05


Tree=140
num_leaves=23
num_cat=0
split_feature=18 1 2 16 18 9 7 2 18 12 6 0 4 3 6 3 10 1 1 18 15 11
split_gain=3.5769 3.18268 3.42453 6.01824 4.98113 6.23925 3.67186 8.71071 5.00552 3.4846 3.23846 3.57831 2.52427 2.19598 0.0623118 0.00741254 0.00012507 1.45323e-05 1.53903e-05 6.18395e-06 2.9582e-06 2.87781e-06
threshold=83.500000000000014 0.10021843759488121 0.0069852315619441082 0.57359307359307377 3.5000000000000004 1.5000000000000002 -0.52397714857510425 0.27469057818643411 5.5000000000000009 1.368585927421911 0.71977709760569575 0.70000566694608735 0.49646902716571661 0.56266526592694399 0.78946665235500335 0.33050075855130473 6.5000000000000009 0.98806327284726037 0.97613910834839468 140.00000000000003 0.021164613661814113 0.21156867210002825
decision_type=2 2 2 2 2 2 2 2 2 2 2 2 2 2 2 2 2 2 2 2 2 2
left_child=1 13 10 6 5 -5 7 -4 -8 -6 11 -3 -12 -1 -14 16 17 18 21 20 -19 -2
right_child=15 2 3 4 9 -7 8 -9 -10 -11 12 -13 14 -15 -16 -17 -18 19 -20 -21 -22 -23
leaf_value=-0.067446316317063063 -0.050096376068825443 0.053313696662400947 -0.033275136005075666 -0.031635854028840026 -0.054508697822012092 0.033629711238806217 0.014537654114242579 0.010522438916892019 -0.00096666235662271082 0.024835149563552532 0.024636926013109142 0.0033740589247294827 -0.072344132282002871 -0.0037747196830010261 -0.05344543322506945 -0.059181539306970891 -0.051546952035220465 -0.050063949293550604 -0.05068473251821122 -0.050747747095931384 -0.050232603951990265 -0.050712100973873936
leaf_weight=2.9833099134266368 0.27275117379031177 8.2217517658136767 23.844575938303024 8.4504785696044582 11.913962744292801 6.4621430002152911 69.331966870464385 21.669567349832505 208.93669488601154 1.5656210635788728 1.6174043342471116 6.3629900477826622 0.65627469122409809 2.4798094518482685 1.3004238181747494 0.24724489450454701 0.1660665861563756 2.3208675226778732 0.23131022474262863 0.0354435997433028 0.29280001734150563 0.02039614983368665
leaf_count=26 250 30 146 355 464 41 433 259 9346 9 9 27 4 17 69 2 10 2565 39 6 167 6
internal_value=-0.00113402 -0.000659708 -0.000100835 -0.00119262 -0.0232652 -0.00335408 0.0007429 -0.0124228 0.00289631 -0.0452931 0.0210735 0.0315262 -0.0215807 -0.0385446 -0.059784 -0.0508278 -0.0502093 -0.0501393 -0.0503798 -0.0500917 -0.0500828 -0.0501392
internal_weight=379.384 375.797 370.334 352.175 28.3922 14.9126 323.783 45.5141 278.269 13.4796 18.1588 14.5847 3.5741 5.46312 1.9567 3.58688 3.33964 3.17357 0.524458 2.64911 2.61367 0.293147
internal_count=14280 11235 11192 11053 869 396 10184 405 9779 473 139 57 82 43 73 3045 3043 3033 295 2738 2732 256
is_linear=0
shrinkage=0.05


Tree=141
num_leaves=25
num_cat=0
split_feature=2 2 6 3 3 7 2 0 6 4 7 4 17 4 15 1 7 15 7 1 1 7 9 7
split_gain=4.81716 5.57111 3.21649 5.86378 5.20822 5.38379 4.8575 4.82586 4.77064 3.80709 6.46748 4.93958 3.21067 2.4536 0.68374 0.0103827 0.00208238 0.00125894 8.05974e-05 6.41119e-05 7.28783e-05 4.25234e-05 2.44586e-05 3.64472e-06
threshold=0.72381175733080105 0.72065643823447367 0.68092298026036746 0.33487493228289039 0.17659994511822472 -0.28125494599408324 0.016853039026482993 1.2305378533845428 0.83481862328269274 0.21954239988638688 0.077434959587938959 0.22226356057559746 0.78193473193473206 0.38673635245927801 0.22792207792207794 0.78492360720100185 -0.50000080733447205 0.082843137254901972 0.39664593069877219 0.98806327284726037 0.97104273854334489 0.60165447011543394 9.5000000000000018 -0.37690105055535078
decision_type=2 2 2 2 2 2 2 2 2 2 2 2 2 2 2 2 2 2 2 2 2 2 2 2
left_child=1 2 7 4 8 -6 13 9 -4 10 -1 -11 -8 -5 16 -9 -2 -17 22 20 -20 -21 23 -18
right_child=14 -3 3 6 5 -7 12 15 -10 11 -12 -13 -14 -15 -16 17 18 -19 19 21 -22 -23 -24 -25
leaf_value=0.0034051469867678822 -0.054939893436193404 0.13774443782211829 0.048359878258659471 -0.082657670723110477 0.018115302675824549 -0.023871255489332693 0.03412509232887511 -0.058390098754397962 -0.035318280953923559 0.044721293181014601 -0.026767531118705057 0.0010978185950675937 -0.016455164217756748 -0.00079751294018132559 0.051529943917127875 -0.051827726507168631 -0.050404461983687025 -0.054027915492962333 -0.050387999711396042 -0.050792034216407593 -0.051248528907923231 -0.050302711711313577 -0.050743635058860342 -0.050073617625628043
leaf_weight=37.45814482338028 0.27436155211762514 0.74550962806097132 7.4100979976064973 1.0082452129572619 10.617187467869369 27.181726274720859 34.273921274929307 0.89479418913833697 2.211687930917833 6.7164074539323328 33.773214943910716 191.79871856232057 3.4535683052381492 9.9375542034395021 0.16906425356864918 2.6800695600686599 0.088968590338481035 0.85841596871614445 0.39523247187025867 0.62836551107466254 0.65180126269115135 1.5131980281730646 0.16234917539986771 1.2938883097667706
leaf_count=870 17 53 617 12 92 1657 268 35 290 90 3521 3735 132 282 2 236 27 16 84 73 50 365 39 1731
internal_value=0.000530586 0.00119894 0.000924023 0.00879573 -0.00371757 -0.0120778 0.020987 -0.00183484 0.0291254 -0.000984437 -0.0109007 0.00257374 0.029495 -0.00833786 -0.0473664 -0.0535783 -0.0507049 -0.0523615 -0.0504594 -0.0506031 -0.0509237 -0.0504463 -0.0501631 -0.0500949
internal_weight=376.196 371.019 370.274 96.094 47.4207 37.7989 48.6733 274.18 9.62179 269.746 71.2314 198.515 37.7275 10.9458 5.17723 4.43328 5.00816 3.53849 4.7338 3.1886 1.04703 2.14156 1.54521 1.38286
internal_count=14294 11906 11853 3350 2656 1749 694 8503 907 8216 4391 3825 400 294 2388 287 2386 252 2369 572 134 438 1797 1758
is_linear=0
shrinkage=0.05


Tree=142
num_leaves=31
num_cat=0
split_feature=17 15 7 8 7 4 8 16 7 16 8 6 6 19 11 0 11 11 11 8 6 17 8 3 3 5 5 17 17 3
split_gain=2.64098 4.14731 4.17586 6.22197 6.62379 5.72548 5.03607 8.1007 5.36305 3.60019 10.2551 4.85305 6.50978 4.35788 3.31353 3.30884 3.24726 3.37598 4.96911 4.38193 3.88668 3.60271 3.54186 3.40846 3.02984 2.74184 7.89041 4.85535 4.10613 1.98965
threshold=0.5300120048019209 0.81666666666666676 -0.10142478842371776 -0.34429611182886427 0.1272942807194439 0.20531388825061278 0.20427727673448706 0.50555555555555565 0.55570485167485184 0.17749472414832682 -0.10560895493855127 0.57194920742150523 0.60314899956574541 0.86370314655063052 0.2156950842406623 0.99999980854987547 0.32172420386594364 0.19283921617177496 0.14252569019502412 0.49960294560103313 0.33642751140498844 0.99528301886792458 -0.72859526607884362 0.35917689753513715 0.5823991314258451 0.12027388927983304 0.076824943790356703 0.33630952380952389 0.39339826839826847 0.39729962317772166
decision_type=2 2 2 2 2 2 2 2 2 2 2 2 2 2 2 2 2 2 2 2 2 2 2 2 2 2 2 2 2 2
left_child=1 2 25 4 24 -6 8 -8 -5 16 13 29 -13 14 -11 -14 17 18 22 21 -20 -19 -2 -21 -4 26 27 -1 -28 -12
right_child=9 -3 3 6 5 -7 7 -9 -10 10 11 12 15 -15 -16 -17 -18 19 20 23 -22 -23 -24 -25 -26 -27 28 -29 -30 -31
leaf_value=-0.0010592658342459405 -0.062416130070339561 -0.041578327750542349 -0.064957395816125793 0.0044476172618685391 -0.08141652074827252 0.00074511920517087587 0.0055306222652216682 -0.049049264140527668 0.045378857914529197 -0.0092266864325175873 -0.057241432534184768 -0.21851710485847797 -0.18867778669454374 0.021496744059744083 -0.13891889206052685 -0.032964602663639479 -0.065137435092079296 0.019926273770006178 -0.083608995896162108 -0.076698985755599358 -0.019168076869019161 0.13488597903413962 0.00033793978022124893 0.035947072862917463 0.0082711726144723136 0.02755818302800216 -0.0075179759435333952 0.033518786284503846 -0.065439942744348306 0.019174404021202462
leaf_weight=17.316135773202404 2.2980561214790205 4.9506288468837729 8.3155634228605759 18.690270912717097 2.2963890662067596 27.664671223144978 42.439312884933315 8.0949654737487418 13.995311718899755 1.2772927539190306 3.1696707621740634 1.0689137341687458 0.43349911039695177 8.5341323012253252 0.80156124796485517 1.6017425149329936 2.0219263554899944 20.526487124676358 2.9361258496937799 2.0726316047948781 11.522618437040363 0.70492459880188008 104.21720856419415 0.99338848888874043 1.7015752238221455 24.220269860699773 12.902493430650795 24.539008074090816 4.0109110699850126 1.1648724624537861
leaf_count=156 39 25 144 210 127 191 483 540 103 44 373 22 8 58 14 173 141 829 110 131 304 3 9525 5 13 178 111 199 38 17
internal_value=-6.00412e-05 0.00364586 0.00473171 -0.00110839 -0.0173203 -0.00555222 0.00667968 -0.0032124 0.0219736 -0.00479229 -0.0258674 -0.0708819 -0.118605 0.0056835 -0.0592332 -0.0661309 -0.00220941 -0.00133356 -0.00474953 0.0156741 -0.032254 0.0237432 -0.00101597 -0.0402017 -0.0525183 0.0134014 0.00756699 0.0192133 -0.0212538 -0.0367053
internal_weight=376.483 211.138 206.187 123.198 39.9782 29.9611 83.2199 50.5343 32.6856 165.345 18.0517 7.4387 3.10416 10.613 2.07885 2.03524 147.293 145.271 120.974 24.2974 14.4587 21.2314 106.515 3.06602 10.0171 82.9888 58.7685 41.8551 16.9134 4.33454
internal_count=14314 2518 2493 1811 475 318 1336 1023 313 11796 709 593 203 116 58 181 11087 10946 9978 968 414 832 9564 136 157 682 504 355 149 390
is_linear=0
shrinkage=0.05


Tree=143
num_leaves=25
num_cat=0
split_feature=0 4 8 1 1 3 8 7 1 7 11 18 17 3 7 19 7 19 19 15 4 15 15 2
split_gain=4.09354 2.8964 2.91722 7.35831 8.34264 6.079 6.04194 8.57894 8.55573 5.63747 5.4378 5.14567 4.11104 3.72568 4.12038 1.26103 0.92659 0.480789 0.218995 0.158296 0.0169013 0.00469075 0.000177108 2.14167e-05
threshold=0.54000395823132641 0.11133818354815887 1.3506663390590101 0.69582264614216138 0.74163536167051902 0.50823545767590905 0.89145823621153586 1.1244935545830679 1.3470872676719015 0.9320143054107316 0.31579414320221372 3.5000000000000004 0.49666666666666676 0.33487493228289039 -0.57706482529811243 5.7405072904009726 0.80896378580044337 0.65815745109487522 0.66251464895065648 0.28388278388278393 0.36511661803800305 0.14160401002506268 0.076436222005842283 0.6988784464133555
decision_type=2 2 2 2 2 2 2 2 2 2 2 2 2 2 2 2 2 2 2 2 2 2 2 2
left_child=15 19 6 13 11 -6 7 10 9 -8 -3 -5 -9 17 -15 16 18 -4 -1 21 -20 22 23 -2
right_child=1 2 3 4 5 -7 8 12 -10 -11 -12 -13 -14 14 -16 -17 -18 -19 20 -21 -22 -23 -24 -25
leaf_value=-0.023503777293124042 -0.050399942284606682 -0.0017570646437042867 0.033360722539279297 -0.28535074153904477 -0.032218098439527859 0.047606663875339877 0.036140931123762952 0.0031725063741385898 -0.087245713498467603 -0.025964208119575539 -0.054764396725343056 -0.076413597571026504 0.037256647571995614 -0.078921906355451654 0.016256333887748258 0.0011684741339888375 -0.10878500515899361 0.06298329843702323 -0.0520343409708394 0.05066260353210137 -0.0625201974006179 -0.057107490249030807 -0.051603611067237799 -0.050080117464784628
leaf_weight=0.64666346460580815 1.3231253958074383 256.08953682408901 2.5258731138892454 0.46996125485748297 18.492236406542364 2.7382104471325865 28.559076488920255 15.10549062641803 1.6877344560343761 4.1901101664989246 4.9314506726223035 0.79009211016818881 21.352045066771097 1.5097760036587713 4.6067490053828806 0.93237298866733898 0.8736805673688649 2.9927141098305583 0.66782338474877156 0.038722909986972698 0.90511376759968698 0.29386957129463542 0.28253005060832936 0.86606504197698075
leaf_count=11 400 9011 28 20 1323 19 525 139 18 346 140 31 891 8 76 14 8 13 33 1 20 5 32 1189
internal_value=0.000343663 0.000890976 0.00127879 -0.012642 -0.0293415 -0.0219226 0.00271004 0.0004148 0.0225372 0.0281949 -0.00275853 -0.154341 0.0231345 0.019638 -0.00723704 -0.0498032 -0.0651671 0.049425 -0.0479981 -0.0497298 -0.0580682 -0.0511355 -0.0504255 -0.0502734
internal_weight=372.871 368.845 366.041 34.1256 22.4905 21.2304 331.915 297.479 34.4369 32.7492 261.021 1.26005 36.4575 11.6351 6.11653 4.02565 3.09328 5.51859 2.2196 2.80431 1.57294 2.76559 2.47172 2.18919
internal_count=14301 14215 12588 1518 1393 1342 11070 10181 889 871 9151 51 1030 125 84 86 72 41 64 1627 53 1626 1621 1589
is_linear=0
shrinkage=0.05


Tree=144
num_leaves=25
num_cat=0
split_feature=0 13 1 17 9 8 8 0 11 17 8 1 5 18 8 17 5 8 5 2 19 2 18 1
split_gain=3.09541 3.06829 2.84037 2.75836 3.68775 2.59422 9.071 4.94863 8.72063 7.21999 4.46824 3.95772 2.24547 2.05151 1.89352 1.19496 0.848552 0.533623 0.488129 0.0395484 0.0226882 0.00312287 0.000581234 0.000124119
threshold=0.54000395823132641 1.0000000180025095e-35 1.7184139415223687 0.58561221975856126 6.5000000000000009 -0.39333090527602471 -0.22225919446814504 0.70000566694608735 0.16647801362806786 0.40175438596491236 0.34260398371135858 0.94400859743805177 0.029482324138965486 9.5000000000000018 0.074580931905591882 0.72776679841897252 0.099975648269154685 -0.46092728728054716 0.00361784107767456 0.024011312746534164 0.86370314655063052 0.016853039026482993 28.500000000000004 2.1365178262240221
decision_type=2 2 2 2 2 2 2 2 2 2 2 2 2 2 2 2 2 2 2 2 2 2 2 2
left_child=12 2 5 14 13 7 11 9 -9 -2 -8 -7 -1 -5 18 -6 -14 -18 -4 -3 22 -19 -21 -24
right_child=1 19 3 4 15 6 10 8 -10 -11 -12 -13 16 -15 -16 -17 17 21 -20 20 -22 -23 23 -25
leaf_value=0.029152994058798981 -0.019048549595510882 -0.079223630760722655 0.020159024830888991 0.052576420355245991 -0.0072773769566605306 0.045894505462619251 -0.0096831667150835601 -7.5568218410014731e-06 -0.051866893458918872 0.024399560914942438 0.0044626176682025943 0.013456479632675251 -0.085556209036873637 -0.070625891626704337 0.0023721106090461622 0.043250769678840964 0.0028069800778343992 -0.057772094037598469 0.048395564497807735 -0.053154544654991878 -0.062798974571194349 -0.052675660867151045 -0.050306374270684732 -0.052806546483268518
leaf_weight=0.89557159901596506 18.042395928059705 0.23280628025531713 1.8736963961273456 0.39625994861125891 2.1044888887554407 13.098782925168051 98.210743197618285 18.757146723160986 14.276624758262185 20.342136814724654 129.34609312866814 33.329200187319657 1.6534342179074886 2.2938943102781195 3.9243908757343879 2.6354327278677374 0.59478585212491442 0.56235422007739522 8.3577227003406716 0.37640885473228969 0.93321599668706767 0.64572078152559698 0.46364225505385548 0.05559312179684639
leaf_count=13 308 1 26 3 17 148 7844 426 132 96 3945 539 19 136 33 26 15 8 94 14 29 33 409 2
internal_value=0.000518126 0.00101248 0.00135419 0.01895 -0.00572068 0.00025454 0.00246688 -0.00823274 -0.0224203 0.00397706 -0.00164253 0.0226083 -0.0414042 -0.0524782 0.0318991 0.0208167 -0.0596865 -0.035961 0.0432246 -0.059814 -0.0573432 -0.055048 -0.0516586 -0.0505741
internal_weight=373.403 369.051 366.989 21.5859 7.43008 345.403 273.985 71.4183 33.0338 38.3845 227.557 46.428 4.35187 2.69015 14.1558 4.73992 3.4563 1.80286 10.2314 2.06167 1.82886 1.20808 0.895644 0.519235
internal_count=14316 14228 13773 335 182 13438 12476 962 558 404 11789 687 88 139 153 43 75 56 120 455 454 41 425 411
is_linear=0
shrinkage=0.05


Tree=145
num_leaves=31
num_cat=0
split_feature=6 0 2 6 8 8 10 9 4 6 0 3 2 4 18 7 1 1 6 16 7 2 2 3 6 1 18 15 3 19
split_gain=3.06753 4.35775 4.49366 5.49167 6.55605 6.51578 5.08009 5.96896 4.45907 4.05697 4.27597 3.93441 4.82331 6.57924 5.13049 4.50389 7.23762 3.83965 3.53609 1.77358 1.25453 0.879904 0.675369 1.73097 0.201829 0.0087763 0.000926144 0.000998928 0.000446283 0.000433441
threshold=0.68092298026036746 1.2305378533845428 0.0089826272204031367 0.56914133904187858 -0.39333090527602471 -0.089855396254323844 4.5000000000000009 10.500000000000002 0.20531388825061278 0.6882950175892224 2.2584466459382786 0.33050075855130473 0.40022882137423249 0.17679571014603759 12.500000000000002 -0.43077735514825116 0.91890950459675824 0.10021843759488121 0.89888571970390563 0.094467108618052034 0.36014459268377269 0.76380525227465668 0.20777877814000092 0.32431244694329558 0.4458902243411903 0.78492360720100185 1.5000000000000002 0.056710977701543742 0.43151404720194447 3.990584418574215
decision_type=2 2 2 2 2 2 2 2 2 2 2 2 2 2 2 2 2 2 2 2 2 2 2 2 2 2 2 2 2 2
left_child=1 2 17 4 8 -6 7 -5 -4 21 11 12 14 -14 -11 16 -13 -1 -17 -8 24 22 -2 29 -19 -3 -27 28 -28 -24
right_child=9 25 3 6 5 -7 19 -9 -10 10 -12 15 13 -15 -16 18 -18 20 -20 -21 -22 -23 23 -25 -26 26 27 -29 -30 -31
leaf_value=-0.023147122948488526 0.064359526057626057 -0.058170137890986864 -0.048059017145564736 -0.023502934331723846 0.020494598836384628 -0.0017388559560949615 -0.0056631560246439804 -0.17510623832318872 -0.0090945617407392817 -0.00890440682549269 0.063063970799700414 -0.07119739418224301 -0.050235876268651058 0.018460301708680276 -0.064869698507943635 0.026401565228896792 0.028503312963456554 0.01196078018145807 -0.029313659849973236 0.056325196434703843 0.049018691331673719 0.10428328846339499 -0.050791358566901715 0.058168270048239136 0.027598993939560824 -0.055011640145158108 -0.051055674682085987 -0.053532916549617338 -0.052642012963951317 -0.054076197008763122
leaf_weight=3.7947494536638287 1.9754496351815753 0.81901041558012266 9.2706129166181181 36.560411828599172 45.574963739461964 118.98316855661687 2.0600658685434601 0.66100236307829519 35.304843975551194 14.136572584742682 3.1309569999575606 3.6506991245551026 4.1427296963229336 21.965670592675451 5.76510514342226 33.113464250927791 3.6304975724779069 3.9987819613888842 3.1158083149930453 2.6233102008700371 6.8072987748309961 0.75320274225668971 0.41329223854700092 1.0502521386370061 4.2626047059893608 0.30525556951761279 1.480855275323848 0.88316474831663061 0.63282959721982468 0.1326596662402153
leaf_count=32 10 32 264 1863 753 6575 40 10 409 174 10 31 1406 1219 471 391 46 25 219 24 31 9 82 12 15 4 200 21 22 2
internal_value=0.000194985 -0.0025097 -0.00173057 -0.00349908 -0.000188744 0.00441878 -0.0200199 -0.0261952 -0.0171982 0.00783753 0.00562801 0.00361921 -0.00657419 0.00755999 -0.0251164 0.0143982 -0.0214853 0.0218051 0.0216099 0.0290585 0.0331255 0.0551721 0.0448154 0.0206277 0.0200296 -0.0535371 -0.0523879 -0.0521207 -0.0515306 -0.0515895
internal_weight=370.999 274.023 269.902 251.038 209.134 164.558 41.9048 37.2214 44.5755 96.9764 92.6515 89.5205 46.0101 26.1084 19.9017 43.5105 7.2812 18.8634 36.2293 4.68338 15.0687 4.32486 3.57165 1.5962 8.26139 4.12112 3.30211 2.99685 2.11368 0.545952
internal_count=14402 10320 10041 9938 8001 7328 1937 1873 673 4082 3967 3957 3270 2625 645 687 77 103 610 64 71 115 106 96 40 279 247 243 222 84
is_linear=0
shrinkage=0.05


Tree=146
num_leaves=31
num_cat=0
split_feature=6 6 11 14 5 15 17 0 16 6 2 2 4 4 19 6 0 0 7 6 0 2 6 1 5 5 1 1 17 19
split_gain=3.22511 3.0647 7.33785 4.80666 4.56252 4.6312 4.27925 6.17013 4.01399 3.70675 4.09187 5.75533 5.25987 5.18654 4.47041 4.25809 3.4217 5.31048 3.29522 3.11503 3.00384 3.2021 3.11396 2.44862 1.89081 1.51505 1.86148 1.48148 1.99639 0.868935
threshold=0.15733407427089038 0.22378703801318856 3.50856679133663e-06 0.13335704125177814 0.041717831160174038 0.24722222222222226 0.72776679841897252 0.75191467646277799 0.13811445341159209 0.4810098041222442 0.58755973117803451 0.44112924189349406 0.17473043803296059 0.28685245725927483 4.5137154671684039 0.47437174336991345 2.2584466459382786 1.000230123974984 1.2235898084201551 0.89344893320642349 0.69999816845880403 0.36071528304933903 0.12162106446545536 0.89889912528868932 6.367178524241729e-06 0.2656890174587902 1.0000017017858542 1.1049726468453904 0.52020408163265319 0.57282846289323786
decision_type=2 2 2 2 2 2 2 2 2 2 2 2 2 2 2 2 2 2 2 2 2 2 2 2 2 2 2 2 2 2
left_child=20 2 4 6 5 24 8 -8 -4 10 11 15 18 -13 -14 -3 17 19 -12 -11 -1 22 -22 -23 -2 26 -6 28 -24 -25
right_child=1 9 3 -5 25 -7 7 -9 -10 16 12 13 14 -15 -16 -17 -18 -19 -20 -21 21 23 27 29 -26 -27 -28 -29 -30 -31
leaf_value=-0.076758327213357819 0.058587993816493877 -0.0083552121096849077 0.059102092091552851 -0.046389663997061403 0.016570071811690065 -0.18042896596412444 0.072117020262416717 -0.061398932563844516 0.020863044175609233 0.0061089212454280032 -0.0096542331200947049 0.0012021611771752454 -0.050855198531651193 0.049102085488502076 -0.3387998400693174 -0.095958748416119122 0.063275764756370326 -0.055326993810850073 0.10029324891203231 -0.030420770882544107 -0.055383670013830821 0.020835112302020949 0.035963722384874879 -0.022201848559713418 -0.057061348280377899 -0.059816484422716469 -0.062736466989587236 0.067184488499330272 -0.059388823958693875 -0.069875275161607672
leaf_weight=2.1663033039076245 0.4210953575093298 83.019986997591332 12.089078867284121 2.1701680122641838 6.4017104645608907 0.73595067113637913 1.2794000534340768 2.6734529331442864 15.874605807475744 176.73845395754324 3.3725140832539173 16.729515956947584 8.6161557664454413 8.5341844430658949 0.13693580776453096 1.4106820169836272 2.4414211809635153 3.7345389291003803 0.854059375647921 6.0352122843323732 1.281872172083238 1.3438224049168637 1.9624301322037356 1.3533381062443366 2.1994423170981463 0.94802186544984568 0.83660661851172324 1.8590738328057339 0.76211779686855141 3.2540218222420663
leaf_count=64 5 1478 61 38 193 5 5 244 177 6606 849 386 1597 215 3 34 8 548 38 449 137 47 29 389 403 31 43 17 52 174
internal_value=0.00092266 0.00184466 0.013947 0.0256149 -0.0205093 -0.0696022 0.0305109 -0.0181845 0.0373943 7.25735e-05 -0.00669524 -0.00355405 -0.0332422 0.017383 -0.0553599 -0.00981891 0.00446652 0.0036967 0.0125627 0.00490271 -0.0226335 -0.0127111 0.0135063 -0.0385509 -0.0384776 -0.000380668 0.0074038 0.0327723 0.00929145 -0.055872
internal_weight=371.236 357.253 45.6295 34.0867 11.5428 3.35649 31.9165 3.95285 27.9637 311.624 122.674 109.694 12.9797 25.2637 8.75309 84.4307 188.95 186.508 4.22657 182.774 13.983 11.8167 5.86549 5.95118 2.62054 8.18634 7.23832 4.58362 2.72455 4.60736
internal_count=14325 13416 1205 525 680 413 487 249 238 12211 4600 2113 2487 601 1600 1512 7611 7603 887 7055 909 845 235 610 408 267 236 98 81 563
is_linear=0
shrinkage=0.05


Tree=147
num_leaves=31
num_cat=0
split_feature=1 14 18 15 16 1 7 2 8 14 3 6 18 8 3 2 1 16 19 6 7 9 5 14 6 4 16 5 19 4
split_gain=2.90979 4.81114 6.26175 7.6513 7.75721 6.17025 5.91315 5.49653 5.47734 4.12435 4.00071 10.3059 6.35267 5.21911 4.8827 4.31307 3.73127 5.31789 4.44866 3.37966 4.79343 2.93012 3.37164 2.00256 1.55846 1.35779 1.22419 0.696818 0.695771 0.367911
threshold=1.1049726468453904 0.048809523809523817 6.5000000000000009 0.76388888888888895 0.33568075117370894 1.041921352158363 0.43603658890415475 0.13806618905089707 1.3089136307907405 0.43271604938271607 0.49662977963469751 0.57754794997398307 25.500000000000004 -0.37734305668795159 0.30312374838037431 0.28296995848612078 0.64463252499111656 0.32529069767441871 8.7141633160738916 0.36492905472264153 0.11394342374582715 1.5000000000000002 0.20228061177372156 0.63246753246753251 0.52121096909648246 0.30970043606228304 0.49468085106382981 0.19774989832460493 0.86370314655063052 0.17719800933068544
decision_type=2 2 2 2 2 2 2 2 2 2 2 2 2 2 2 2 2 2 2 2 2 2 2 2 2 2 2 2 2 2
left_child=1 2 5 4 8 16 19 -6 -4 10 12 25 21 14 -14 -15 18 -18 -1 20 -3 -2 -23 -11 -25 -12 29 -21 -22 -8
right_child=9 6 3 -5 7 -7 26 -9 -10 23 11 -13 13 15 -16 -17 17 -19 -20 27 28 22 -24 24 -26 -27 -28 -29 -30 -31
leaf_value=-0.00090127584009209213 0.073147083427563792 0.047195802956437868 -0.0033956227630681326 -0.17049809934257798 -0.127682454781506 -0.058969805910305921 0.0053372435742314881 -0.034758668015609201 -0.04791279504061257 -0.07588186362260213 -0.052882233244018854 0.03568632918310953 -0.017434195172423776 -0.047527542236648478 -0.12196801785513522 0.010209071684028811 -0.00020092310294623746 0.027505297754352866 -0.062795180664240516 0.047648669184533234 -0.026322063037148947 0.027242824748577463 -0.037300048591488152 0.026941999866314861 -0.07386506991522318 -0.11225907752833 0.047398074064333516 0.079031378430420171 -0.091696675823647489 -0.05668351054259918
leaf_weight=51.365856237942353 3.222342594061046 2.8063014374347386 88.950616282352712 0.76394563913345237 1.8620393896708254 3.8383814205881199 0.26707279670517881 10.948283432458991 7.4915738358977242 2.1282632859656583 1.9024538890807883 3.4905519532039762 4.9545839741476803 3.446201628423295 1.4422656192909924 52.685804671200458 36.112361390143633 33.279646416776814 3.0770906079560509 3.562252230127342 0.77679872472071998 33.769603798864409 2.1523769521154454 1.2414458853891117 0.55471665400546033 1.9493438377976415 0.36766402865760017 3.5132800717838109 0.85491766221821308 2.2842657688888721
leaf_count=434 32 27 8778 4 73 39 65 556 888 33 31 31 121 33 18 1705 216 487 24 50 30 322 22 42 36 13 9 7 15 169
internal_value=0.000620111 -0.00236758 -0.00406956 -0.012812 -0.0117094 0.00346385 0.0256624 -0.0482656 -0.00685369 0.0072897 0.00910258 -0.0265409 0.0116766 0.00178788 -0.0410029 0.00666436 0.00539904 0.0130867 -0.00439949 0.041777 0.00757221 0.0274727 0.0233755 -0.0430697 -0.00419068 -0.0829321 -0.0378993 0.0632314 -0.0605743 -0.0501912
internal_weight=365.062 252.122 237.69 110.016 109.253 127.673 14.4326 12.8103 96.4422 112.94 109.016 7.34235 101.673 62.5289 6.39685 56.132 123.835 69.392 54.4429 11.5136 4.43802 39.1443 35.922 3.92443 1.79616 3.8518 2.919 7.07553 1.63172 2.55134
internal_count=14310 11871 11499 10299 10295 1200 372 629 9666 2439 2328 75 2253 1877 139 1738 1161 703 458 129 72 376 344 111 78 44 243 57 45 234
is_linear=0
shrinkage=0.05


Tree=148
num_leaves=31
num_cat=0
split_feature=3 7 8 8 15 0 19 7 1 8 19 6 7 19 0 1 7 3 5 2 6 3 5 0 11 15 7 2 7 15
split_gain=2.99444 2.75012 6.47307 4.80069 6.20331 5.94955 5.76848 6.21882 5.18931 6.19038 5.00634 4.3816 4.14528 3.93347 5.60227 3.71917 3.6282 2.51052 1.61201 1.28241 1.0198 1.01412 0.868286 0.354133 0.268893 2.15415e-05 2.39695e-05 1.32205e-05 6.07941e-06 2.87121e-06
threshold=0.11816395653618708 0.69813284642938445 0.99654850008642581 0.72488549009415104 0.81666666666666676 0.69999816845880403 4.5137154671684039 0.1272942807194439 0.64463252499111656 -0.72859526607884362 3.2830421115478208 0.537001017520779 0.74353160206334612 0.60979634129605087 2.2584466459382786 0.41154796575205704 1.1244935545830679 0.43151404720194447 0.076824943790356703 0.0834386738297207 0.56914133904187858 0.31048362083684394 1.0917389314938217e-05 0.91286976681731569 1.0000000180025095e-35 0.17902930402930406 0.44729571759652575 0.051724022510004984 0.60165447011543394 0.062895569620253181
decision_type=2 2 2 2 2 2 2 2 2 2 2 2 2 2 2 2 2 2 2 2 2 2 2 2 2 2 2 2 2 2
left_child=25 3 12 4 8 17 7 -7 9 -2 -10 22 18 14 -13 20 -17 24 21 -15 -14 -3 -4 -24 -5 26 27 -1 -28 -29
right_child=1 2 11 5 -6 6 -8 -9 10 -11 -12 13 15 19 -16 16 -18 -19 -20 -21 -22 -23 23 -25 -26 -27 28 29 -30 -31
leaf_value=-0.050716815264286175 0.011754109264115069 -0.017990356550029438 0.053198522224816192 0.05861797089023435 -0.072374727904601685 0.021759336999104588 -0.098479220487987754 -0.014914561756591511 -0.004192704552159407 -0.0406336202007542 0.024289478050705436 -0.055149070137773454 -0.044833682407027543 0.075994909029033678 0.071564086293138388 -0.00074760266673459949 0.026868935542125029 0.0030548134971772555 0.091504452564664954 0.016544033215183246 -0.0038481611716520286 0.052897065274756808 -0.091270638626254452 -0.055861398829766234 0.041535451801313232 -0.051551106549146179 -0.050690915993572817 -0.05006770189437354 -0.050355007208692598 -0.050282264108462177
leaf_weight=0.085830646567046975 8.0171647663228232 0.70040669047739301 0.16952800750732322 6.3186411540955287 3.4257111959159365 25.195924089755863 1.3887186497449864 21.357946696400177 176.51678751161671 19.009343574638478 16.905764042458031 4.3444867618964036 3.1414655791595569 1.2834682464599607 1.0914260670542715 19.189202582871076 31.2791563354549 3.4814123623073092 2.2325225218664855 3.0932334596291184 2.936364971101284 1.8041100958362219 0.84989091171883036 4.1739059224200901 3.6253836802206933 0.029183398932218441 0.18454167211893935 2.0229576561541767 0.49869660078547895 0.16893964182236221
leaf_count=9 35 57 1 28 17 267 9 1261 6499 291 149 535 25 2 3 721 994 29 9 70 16 13 16 443 22 1 27 2548 154 63
internal_value=-0.000369111 4.30234e-05 0.00847536 -0.00221223 -0.00560836 0.010177 0.00193862 0.00493412 -0.00457083 -0.0250933 -0.00170327 -0.0209575 0.0156824 -0.00130199 -0.0297075 0.0119186 0.0163685 0.0395967 0.0606111 0.033978 -0.0250325 0.0330729 -0.0580961 -0.0618517 0.05239 -0.0501993 -0.050186 -0.0501081 -0.0504457 -0.0500842
internal_weight=364.522 361.532 76.2892 285.243 223.875 61.368 47.9426 46.5539 220.449 27.0265 193.423 15.0059 61.2832 9.81261 5.43591 56.5462 50.4684 13.4254 4.73704 4.3767 6.07783 2.50452 5.19332 5.0238 9.94402 2.99015 2.96097 2.27773 0.683238 2.1919
internal_count=14314 11512 2905 8607 6991 1616 1537 1528 6974 326 6648 1070 1835 610 538 1756 1715 79 79 72 41 70 460 459 50 2802 2801 2620 181 2611
is_linear=0
shrinkage=0.05


Tree=149
num_leaves=31
num_cat=0
split_feature=16 18 1 1 8 6 12 8 0 18 16 10 17 7 1 8 7 15 7 8 8 1 2 6 5 7 7 8 8 7
split_gain=2.73272 8.66364 4.87564 7.01183 5.22694 5.13522 3.58512 3.26257 3.04118 3.00905 6.72354 6.01865 5.2445 4.76803 5.76308 4.99578 4.68862 4.1652 3.95264 3.15927 7.06946 6.13952 2.98139 1.3895 1.16293 1.49106 0.720167 0.597326 0.490518 0.408823
threshold=0.57359307359307377 3.5000000000000004 0.96058751494802697 0.64463252499111656 0.80955190081919659 0.88034820074986941 1.368585927421911 -0.90822864495876787 0.54000395823132641 5.5000000000000009 0.33568075117370894 3.5000000000000004 0.5300120048019209 -0.36994996738199742 0.41154796575205704 -0.37018611142517455 0.017949718958651464 0.29679679679679688 1.846256774524188 0.39721576983734047 0.017487893688464814 0.74163536167051902 0.010884129144007866 0.58719773726029845 0.014012648389230367 1.3313084831017938 1.1528959389604383 -0.54280639795109298 -0.55333107764835965 -0.57706482529811243
decision_type=2 2 2 2 2 2 2 2 2 2 2 2 2 2 2 2 2 2 2 2 2 2 2 2 2 2 2 2 2 2
left_child=8 2 3 4 7 -5 24 -2 23 13 12 17 16 19 22 -16 -11 -12 -14 20 -10 -21 -15 27 25 -3 29 -1 -28 -26
right_child=1 6 -4 5 -6 -7 -8 -9 9 10 11 -13 18 14 15 -17 -18 -19 -20 21 -22 -23 -24 -25 26 -27 28 -29 -30 -31
leaf_value=-0.11367597517446637 0.052845735217051638 -0.055263105723137897 -0.06411866866886666 0.053706879877526974 0.051453380551314043 -0.050741929229359987 0.025070973879082182 -0.049754077261309829 0.002024973319572413 0.022438562778877069 -0.045789522043982414 0.020376845191505715 -0.0029414883638305871 -0.034591388876983688 0.0048188253409941111 0.035579225156331176 -2.6310033483325495e-05 -0.15572013220873862 -0.049047974993011112 -0.019665892369769612 -0.063272629077520556 0.050829471658068073 0.019681387046297568 0.0017422538704866361 -0.010566062304325814 0.04889408651087384 -0.14083165823945051 -0.053875710264379185 -0.072000207011971032 -0.060044514185201008
leaf_weight=0.63263212400488567 0.87993306294083584 0.86865179357118794 2.2159124155296004 9.7028136495500785 2.1286729525309056 1.3391897913534183 1.5639101611450303 6.4869096896145546 13.404959731735294 45.576802004594356 7.8675502571277303 3.4094843391794702 117.49343739554752 7.0832125060260278 20.836770239286125 36.012564605101943 47.36202647103346 0.96764246746897686 4.8398767804901572 6.43585007637739 6.0005605928599826 5.9383149594068527 3.9368520677089691 0.89043116883840401 0.44095212430692843 0.56846432015299797 0.44936019647866488 1.2284683833131558 0.61046351573895552 7.8453042342443968
leaf_count=9 4 83 64 45 16 222 9 156 59 379 328 29 10841 53 126 241 402 6 722 31 38 29 14 10 14 18 4 48 40 307
internal_value=0.00130881 -0.0119546 0.00634416 0.0139468 -0.017558 0.0410392 -0.0456759 -0.037499 0.00271994 0.00316018 -1.32656e-05 -0.0360531 0.00203668 0.0104057 0.0178898 0.0243047 0.0109904 -0.0578293 -0.0047656 -0.00557752 -0.0181663 0.0141646 -0.0152028 -0.0496263 -0.0559365 -0.0140628 -0.0623753 -0.0742032 -0.101184 -0.0574115
internal_weight=365.018 35.1005 22.7534 20.5375 9.49552 11.042 12.3471 7.36684 329.917 327.166 227.517 12.2447 215.272 99.6491 67.8694 56.8493 92.9388 8.83519 122.333 31.7797 19.4055 12.3742 11.0201 2.75153 10.7832 1.43712 9.34608 1.8611 1.05982 8.28626
internal_count=14347 982 507 443 176 267 475 160 13365 13298 12707 363 12344 591 434 367 781 334 11563 157 97 60 67 67 466 101 365 57 44 321
is_linear=0
shrinkage=0.05


Tree=150
num_leaves=31
num_cat=0
split_feature=16 18 6 1 2 16 6 4 2 6 15 4 3 8 6 8 5 8 1 8 8 19 4 19 5 1 6 8 1 15
split_gain=3.08501 8.50471 4.63672 4.33331 4.12638 4.1696 6.04346 6.96091 4.13923 7.61356 10.0237 6.37823 13.3115 4.1055 4.02117 5.82813 4.55247 3.80312 4.82136 3.30634 2.95326 2.89338 2.82515 2.72563 2.5486 2.53198 2.26045 3.61562 2.02612 1.97814
threshold=0.57359307359307377 3.5000000000000004 0.8004003582578717 0.64463252499111656 0.066616475971695663 0.16489180922170615 0.35247833560211494 0.39159971913272373 0.10159720626531864 0.58433066474066853 0.17902930402930406 0.70604187211180058 0.18152793560152744 0.80955190081919659 0.20550970227021789 -0.16273412639764764 0.072070103065640337 1.3089136307907405 0.64463252499111656 0.89145823621153586 -0.72859526607884362 0.60035725719402533 0.36959052383269669 0.83916204032619168 0.076824943790356703 0.95586933676948016 0.21273333616931031 -0.65097844819150519 0.75111174435957218 0.39565217391304358
decision_type=2 2 2 2 2 2 2 2 2 2 2 2 2 2 2 2 2 2 2 2 2 2 2 2 2 2 2 2 2 2
left_child=4 2 3 13 5 6 14 28 9 10 22 17 -13 20 15 -1 -16 19 -19 -10 -2 -9 -6 29 -11 -26 27 -3 -8 -7
right_child=1 26 -4 -5 8 23 7 21 11 24 -12 12 -14 -15 16 -17 -18 18 -20 -21 -22 -23 -24 -25 25 -27 -28 -29 -30 -31
leaf_value=0.052566276186529128 0.022455392578646202 0.066079215007288652 -0.049367673615631297 0.038074609105206637 0.046977668970362173 0.041136035860236689 -0.067656131526061911 0.014666024553333091 0.00023588486004270915 0.040640132086898637 -0.13231022255022515 0.0093713090046672366 0.37880755287611451 0.053499956214088165 0.003786703560740224 -0.03641872408278625 -0.072033611176246001 0.033893557699261279 -0.035137474459232425 0.022529551656704692 -0.047396381514863369 0.047917457327219769 -0.046454743489522901 -0.012602626055963385 -0.060628625298281974 0.018914140723279994 -0.059577764259600541 -0.055378457837981267 -0.0075727107171684729 0.0046286711891671897
leaf_weight=3.4786575136240572 2.1323740817606449 1.0288467025384309 3.3528210074873632 9.57401494681835 1.4020611727610215 19.459082711488016 2.6920676473528138 23.566924499813467 196.77486200854764 3.2377275377511978 3.071423752233386 0.83905449870508053 0.34371286630630493 2.012234887573868 3.0893305502831918 3.9064154713414601 5.5122786804568022 3.0960865352535647 13.819896281172985 18.166694456420373 5.2109123812988454 9.0562299303710443 1.9129608173388986 3.5774827129207543 1.9114939761348066 2.0991096994839609 9.0887180634890665 1.5150014758110035 2.9305265415459871 4.5847619473934165
leaf_count=20 10 5 296 64 8 157 26 146 10811 24 20 82 1 8 17 45 58 16 1008 689 125 47 80 28 47 26 382 98 18 22
internal_value=0.00109361 -0.0132636 0.00482737 0.0144265 0.00257574 0.0123035 0.00424986 0.0150411 -0.00065219 -0.027429 -0.0672332 0.000914472 0.11673 -0.00977397 -0.0215665 0.00549668 -0.0448022 0.000323668 -0.0225029 0.00212013 -0.0271125 0.0238967 -0.00693828 0.0281161 0.00764221 -0.0189967 -0.0479171 -0.00625551 -0.0363403 0.0341747
internal_weight=362.444 33.9149 22.2824 18.9295 328.529 81.8538 54.2324 38.2457 246.675 13.6348 6.38645 233.04 1.18277 9.35552 15.9867 7.38507 8.60161 231.858 16.916 214.942 7.34329 32.6232 3.31502 27.6213 7.24833 4.0106 11.6326 2.54385 5.62259 24.0438
internal_count=14384 988 503 207 13396 584 377 237 12812 205 108 12607 83 143 140 65 75 12524 1024 11500 135 193 88 207 97 73 485 103 44 179
is_linear=0
shrinkage=0.05


Tree=151
num_leaves=31
num_cat=0
split_feature=1 9 14 18 18 1 11 18 9 14 7 7 8 8 8 8 1 1 17 6 7 3 6 2 5 14 8 10 17 18
split_gain=2.86341 4.72873 4.26871 4.37105 4.40197 3.55923 4.36739 3.62165 5.27829 3.40858 6.19092 4.55723 6.7468 5.61468 5.12078 4.93079 4.89041 3.4113 3.22594 2.66327 5.22685 2.04782 1.9636 1.43853 1.0441 0.992604 0.710314 0.770456 0.270674 0.001755
threshold=1.2984732584877789 18.500000000000004 0.053101503759398504 23.500000000000004 40.500000000000007 1.3338393290333801 0.050562890915799609 25.500000000000004 5.5000000000000009 0.048809523809523817 0.9020824090302112 1.1528959389604383 0.89145823621153586 1.1463577281898287 0.74594613778068453 -0.16273412639764764 0.41154796575205704 0.41154796575205704 0.50362318840579723 0.36492905472264153 -0.21417928228901681 0.31048362083684394 0.58433066474066853 0.29046807881274261 0.12370355144824859 0.99350649350649356 0.35143198709261186 4.5000000000000009 0.40175438596491236 70.500000000000014
decision_type=2 2 2 2 2 2 2 2 2 2 2 2 2 2 2 2 2 2 2 2 2 2 2 2 2 2 2 2 2 2
left_child=1 9 5 -4 -5 23 -7 21 -9 11 19 12 15 -14 17 -1 -16 -13 -6 20 -11 -8 -21 -2 28 -26 27 -25 -12 -20
right_child=2 -3 3 4 18 6 7 8 -10 10 24 14 13 -15 16 -17 -18 -19 29 22 -22 -23 -24 26 25 -27 -28 -29 -30 -31
leaf_value=-0.00078520150254464188 -0.0014612180288077008 -0.085546234395807802 0.044436208177155469 -0.093663571660237629 0.047537695976429983 -0.091947028594812769 0.006374568554136182 -0.036320665669863868 0.015252940870227442 0.061295681782977202 -0.1136801995111783 -0.020990035783394423 0.037916260786515964 0.00068463883856065603 0.034853203904636067 -0.016929826282566434 -0.041163466961469816 0.029219947266763909 -0.062911019966911605 0.062818073064773175 -0.038991134403021092 0.04490278600699283 0.014671327889139702 -0.0075124550830788133 0.051104815080526847 -0.051372955206733656 0.070080462381622285 0.055032201688887297 -0.058059855803564667 -0.066844372509480068
leaf_weight=93.204686844052048 1.2359049557708193 1.6507474945392449 1.6816257174359623 2.6398604890564457 1.4504046735819431 1.0135230175510503 5.1623174194246522 6.7723023892904193 18.550146498106187 2.2905503710499033 0.24808429402764876 3.8533614804036942 14.58117895570467 33.141773469396867 3.0433591892942768 96.010580433212453 6.9416366841178387 27.702978058019653 0.54349156387615927 6.997154167678671 3.0021079339785528 10.390620778314767 3.0367367761209607 0.72208952056826126 0.46158007113263 0.48414249386405572 4.0469679947127588 1.5478721624240277 1.8489546071505172 0.59303164813900366
leaf_count=1606 13 18 13 23 14 37 55 291 217 17 4 27 348 1067 18 8136 825 864 22 54 84 109 57 90 5 123 24 13 135 18
internal_value=0.00079654 -0.00115495 0.011134 -0.0256813 -0.0482404 0.0162782 0.0105817 0.0131239 0.00145996 -0.000685655 0.0201755 -0.00206172 -0.00473994 0.0120603 0.013214 -0.00897722 -0.0179941 0.0230888 -0.00188778 0.033109 0.00441087 0.0321145 0.0482466 0.0478715 -0.0449707 -0.00135649 0.0575234 0.0351363 -0.0646399 -0.0649634
internal_weight=354.85 298.5 56.3502 6.90841 5.22679 49.4417 41.8889 40.8754 25.3224 296.849 18.3693 278.48 236.938 47.723 41.5413 189.215 9.985 31.5563 2.58693 15.3265 5.29266 15.5529 10.0339 7.55283 3.04276 0.945723 6.31693 2.26996 2.09704 1.13652
internal_count=14327 13388 939 90 77 849 709 672 508 13370 479 12891 11157 1415 1734 9742 843 891 54 212 101 164 111 140 267 128 127 103 139 40
is_linear=0
shrinkage=0.05


Tree=152
num_leaves=31
num_cat=0
split_feature=19 12 4 1 4 5 3 9 19 8 3 18 8 8 7 5 1 18 16 15 9 8 1 7 15 2 9 18 15 16
split_gain=2.6985 3.25438 5.84799 3.06081 6.81534 5.73634 3.78023 2.6594 5.8728 6.67906 4.91194 4.28488 3.49932 6.86694 2.95804 2.64659 2.61631 2.60976 2.54884 2.5144 2.48457 4.54079 3.17101 2.29927 2.27656 2.18831 0.91936 1.46623 0.843428 0.806899
threshold=2.1777825801545827 1.5000004691927546 0.49004915025499135 0.64463252499111656 0.32978932997759652 0.17040764859855237 0.21201525170818655 6.5000000000000009 0.86370314655063052 0.95982930226582297 0.33050075855130473 25.500000000000004 -0.58769235627512562 -0.46092728728054716 -0.33674092772216074 0.072070103065640337 0.54157072287216268 3.5000000000000004 0.33568075117370894 0.19803921568627456 5.5000000000000009 -0.54280639795109298 0.72285972251239927 -0.41797534444337953 0.30860805860805868 0.25114880979450704 4.5000000000000009 8.5000000000000018 0.17902930402930406 0.32529069767441871
decision_type=2 2 2 2 2 2 2 2 2 2 2 2 2 2 2 2 2 2 2 2 2 2 2 2 2 2 2 2 2 2
left_child=1 7 28 4 5 16 23 8 12 10 -10 25 15 -14 -11 -1 -2 -6 24 -18 21 -8 -23 -5 -13 -9 -25 -28 -3 -27
right_child=3 2 -4 6 17 -7 20 11 9 14 -12 18 13 -15 -16 -17 19 -19 -20 -21 -22 22 -24 26 -26 29 27 -29 -30 -31
leaf_value=0.053899316901853657 -0.049086626053641245 -0.063527772616457798 0.035703611516764336 0.024101593419431612 -0.0054834389556473835 0.027290700258211561 -0.018659065270748992 -0.00071365003211090858 -0.047894992337286918 0.056758801052122679 -0.013343574461223431 0.0076401391011822212 -0.053588260911109679 0.00081803777859487897 -0.0033972229448834255 0.0082672171831160747 -0.080424193976276065 0.046155369274128229 -0.058344588588635164 -0.21525311902732774 0.049510499772635504 0.057765915029852705 0.01591285113234767 -0.063007269537119256 -0.02997217181937752 0.052047933443905417 0.034132948848238101 -0.050219276442223376 -0.11903374498582037 0.016733587396328103
leaf_weight=5.0558381940063546 3.8486180594190982 2.4644738734059497 1.6503373049199579 2.1128067960962653 5.0825882088392955 2.0403652498498559 6.9392320262268212 3.5454687997698775 16.037335686647566 3.6555027365684509 28.684812155785039 35.33561786453356 6.0175406907510469 160.19924014635035 4.6342642761301232 8.5527380646672082 1.0195594156102741 4.7179517317563295 1.7470293958904211 0.52324671670794476 7.1754928885493419 6.2817561738193062 16.189041117671877 2.1224985481239846 4.5399659425020209 8.0555487703531963 0.85628801956772838 1.2931963595037812 0.94753292575478543 2.0239546477096146
leaf_count=48 23 76 9 19 31 9 39 32 350 17 250 628 319 11678 89 83 60 21 50 4 50 30 136 40 36 86 5 86 7 22
internal_value=0.000154482 -0.00182565 -0.0415673 0.00979641 -0.00800656 -0.0441159 0.0169359 -0.00112729 -0.00346738 -0.0180927 -0.0257337 0.00873485 0.000844114 -0.00115163 0.0231295 0.0252204 -0.0711395 0.0193753 0.000768012 -0.126152 0.0231312 0.0166952 0.027613 -0.0185639 0.00335785 0.0330725 -0.0396651 -0.016616 -0.0789421 0.0449568
internal_weight=353.35 293.147 5.06234 60.2026 17.2323 7.43179 42.9703 288.085 232.837 53.0119 44.7221 55.2476 179.825 166.217 8.28977 13.6086 5.39142 9.80054 41.6226 1.54281 36.5855 29.41 22.4708 6.38479 39.8756 13.625 4.27198 2.14948 3.41201 10.0795
internal_count=14333 13780 92 553 148 96 405 13688 12834 706 600 854 12128 11997 106 131 87 52 714 64 255 205 166 150 664 140 131 91 83 108
is_linear=0
shrinkage=0.05


Tree=153
num_leaves=31
num_cat=0
split_feature=13 1 8 0 11 5 8 12 7 8 1 15 8 3 7 8 11 15 16 16 12 5 12 0 2 19 19 15 3 5
split_gain=2.53561 2.18756 3.05725 4.65379 7.7216 8.28381 6.69612 5.14804 4.4796 3.74037 3.23525 4.03418 2.70263 5.83158 4.72641 1.99167 1.97745 1.78049 1.67827 3.18819 0.999089 0.775894 0.159117 0.0666505 0.0284534 0.021311 0.0197428 0.00040962 0.00011067 6.36034e-05
threshold=1.0000000180025095e-35 1.7184139415223687 -0.39333090527602471 0.70000566694608735 0.16647801362806786 0.08938128073342376 -0.72859526607884362 1.3333335779642186 -0.054074501738053136 -0.22225919446814504 0.94400859743805177 0.40767045454545464 0.35143198709261186 0.20874633041082646 0.21170884510251567 -0.55333107764835965 0.2334003701683163 0.038218111002921142 0.12178642056690839 0.028778467908902695 1.5000004691927546 0.031971323634841307 1.1286086687213139 0.99999980854987547 0.024011312746534164 0.86370314655063052 1.0260397799494407 0.17694497153700192 0.18773028429816754 0.086743710087794898
decision_type=2 2 2 2 2 2 2 2 2 2 2 2 2 2 2 2 2 2 2 2 2 2 2 2 2 2 2 2 2 2
left_child=1 2 3 7 5 -5 -6 8 -1 10 16 -12 13 -11 -14 23 -4 22 19 -19 -9 -20 26 -3 -2 27 -17 28 -26 -30
right_child=24 15 9 4 6 -7 -8 20 -10 12 11 -13 14 -15 -16 17 -18 18 21 -21 -22 -23 -24 -25 25 -27 -28 -29 29 -31
leaf_value=0.024735613748563225 -0.076011642311891781 0.054634674447439836 0.029557932450670479 0.025648308270660045 -0.019315202010871335 -0.040564577432103857 -0.088398698398666542 0.055281693773141106 -0.019077167653384391 -0.026717750782699765 0.011482546783555283 -0.059782863212854066 0.014454129114535523 0.00066393253705023761 -0.0050906063446188379 -0.051667007352647343 0.091985930157426801 0.039978575924412771 0.0087958231997199796 -0.021491072913788357 0.019980446682647528 0.046551684461603633 -0.0070024185255041661 0.041671076608605896 -0.050134507402862731 -0.063260280066690655 -0.065809435740445468 -0.053183085472669527 -0.052274993532246489 -0.050730230183570792
leaf_weight=7.9750942776445326 0.22510108351707359 1.9634867794811728 11.141395782702601 10.999798301374542 7.5348617134150118 8.2790904125431535 6.5627165727782977 4.0548522791359556 21.732437437545741 27.021928557194769 29.385623437701728 2.1297343745827666 58.652049027674366 69.346422321221326 65.449454019864788 0.61904523835983372 1.4314700663089741 3.2357107219286245 2.0615523057058445 6.0601477101445198 3.9634117311798036 4.0027946401387453 0.18554757995298121 2.0029005054384497 0.30643973872065522 0.72440133447526023 0.41035887855105102 0.25761039508506656 0.13766709226183593 0.12914171372540295
leaf_count=43 1 12 168 107 69 340 68 27 342 6582 516 16 791 1365 3152 100 3 28 27 79 25 38 19 28 379 28 8 7 8 34
internal_value=0.000124828 0.000422328 -0.000546994 -0.00975158 -0.0233513 -0.00278603 -0.051475 0.00228028 -0.00731547 0.00192682 0.0152216 0.0066666 -0.000731787 -0.00701396 0.0041465 0.0162616 0.0366656 0.00864552 0.0132544 -9.46625e-05 0.0378324 0.0337167 -0.0496225 0.0480885 -0.0593968 -0.0569921 -0.0573047 -0.051527 -0.0507828 -0.0515273
internal_weight=357.982 356.202 335.66 71.1023 33.3765 19.2789 14.0976 37.7258 29.7075 264.558 44.0882 31.5154 220.47 96.3684 124.102 20.5415 12.5729 16.5752 15.3602 9.29586 8.01826 6.06435 1.21495 3.96639 1.78036 1.55526 1.0294 0.830859 0.573249 0.266809
internal_count=14410 13953 13614 1021 584 447 137 437 385 12593 703 532 11890 7947 3943 339 171 299 172 107 52 65 127 40 457 456 108 428 421 42
is_linear=0
shrinkage=0.05


Tree=154
num_leaves=31
num_cat=0
split_feature=16 18 1 1 8 6 6 0 1 7 11 8 3 8 3 1 8 0 18 4 3 8 7 15 11 15 4 1 8 16
split_gain=3.19327 8.07657 4.81936 7.06627 5.45199 4.18157 3.08393 6.37095 4.33473 8.10613 5.47135 5.17676 5.13159 3.97103 4.71192 3.82722 4.95459 3.82187 3.2664 2.8446 2.78967 1.76452 1.44159 1.38857 0.850613 2.19491 0.63623 0.525032 0.458821 0.28822
threshold=0.57359307359307377 3.5000000000000004 0.96791967683696001 0.64463252499111656 0.80955190081919659 0.88034820074986941 0.65938233964265136 1.000230123974984 0.91890950459675824 -0.40355911828253266 0.25738773791934083 0.52290297662694907 0.1834434309816049 1.3089136307907405 0.2927171919080947 0.98806327284726037 0.34260398371135858 0.54000395823132641 79.500000000000014 0.11863035314223348 0.17651369057449642 1.3852484496582937 1.3313084831017938 0.19803921568627456 0.10864910072195741 0.16515151515151519 0.48307595845141443 0.74163536167051902 -0.72859526607884362 0.32529069767441871
decision_type=2 2 2 2 2 2 2 2 2 2 2 2 2 2 2 2 2 2 2 2 2 2 2 2 2 2 2 2 2 2
left_child=6 2 3 4 22 27 7 17 9 11 12 -8 -11 15 21 20 -17 26 19 -19 -10 -15 -2 28 -9 -26 29 -5 -3 -1
right_child=1 23 -4 5 -6 -7 8 24 13 10 -12 -13 -14 14 -16 16 -18 18 -20 -21 -22 -23 -24 -25 25 -27 -28 -29 -30 -31
leaf_value=-0.059227240566923169 -0.059778442868516538 -0.10260104887848034 -0.066366445703998161 0.060742953688073691 0.049193254199123369 -0.050603794418403181 -0.11798828426703281 -0.057246525619522454 -0.05099402811305373 -0.057276105083268664 -0.093284593855852485 -0.013006142544201066 0.021655110371249793 -0.15176550362639776 0.030698630067832296 0.0054150432706671177 0.03915588929212066 -0.042630529696250231 -0.050383879735921844 0.0039030122510685591 0.06511598424430616 -0.048637198939618272 -0.0050495270923029568 -0.0078746737967865087 -0.05295630348329599 0.055354703248572813 -0.092133797980142429 0.037384507942230187 -0.055106383129575304 -0.018212012915858316
leaf_weight=0.93021629913709991 4.6380561380647212 0.54306889558210869 2.1752422084100536 5.0480253435671312 2.0027325204573572 1.1668527302099381 2.3211448198417228 5.0250422658573362 0.55980243475641955 2.30598673666828 1.2776791433570895 2.376581272110343 19.239541167858988 0.51008022169116829 2.1782552285585552 30.19361681387818 17.009506869624602 3.3349326503521288 2.8819927605945841 215.88649299991084 6.8156274406937882 2.219851896923501 1.6247277241200206 1.6384913269430388 1.5386208902637011 0.67205595970153797 0.90379234624560911 4.5958913937211037 7.9892245808732687 0.79387063672766089
leaf_count=27 133 12 59 22 14 225 31 672 121 287 14 18 192 20 23 2479 457 674 2688 4994 115 294 22 11 155 3 19 28 461 17
internal_value=0.00181664 -0.0133912 0.00414548 0.0121859 -0.0226167 0.0387946 0.00331477 0.000303773 0.0113422 -0.00506558 0.00724564 -0.0648778 0.0132072 0.0189331 -0.0241455 0.0228072 0.0175735 0.00179063 0.00249988 0.00319512 0.0563031 -0.0679064 -0.0455804 -0.0500334 -0.0458758 -0.0200293 -0.0581541 0.0496113 -0.0581294 -0.0403414
internal_weight=350.397 31.4223 21.2515 19.0763 8.26552 10.8108 318.975 231.967 87.0077 27.5209 22.8232 4.69773 21.5455 59.4867 4.90819 54.5786 47.2031 224.731 222.103 219.221 7.37543 2.72993 6.26278 10.1708 7.23572 2.21068 2.62788 9.64392 8.53229 1.72409
internal_count=14287 987 503 444 169 275 13300 9249 4051 542 493 49 479 3509 337 3172 2936 8419 8356 5668 236 314 155 484 830 158 63 50 473 44
is_linear=0
shrinkage=0.05


Tree=155
num_leaves=25
num_cat=0
split_feature=2 2 0 0 13 9 9 0 0 15 5 0 2 19 0 4 3 1 15 1 1 8 6 6
split_gain=4.12669 5.07599 2.93252 5.70326 2.40902 2.17275 2.70758 1.45601 4.03509 0.681455 0.349533 0.0458125 0.0208507 0.0116109 0.000871209 0.000528685 5.33063e-05 3.88162e-05 5.22035e-05 4.5759e-05 6.42715e-07 2.81212e-07 1.62796e-07 2.89971e-09
threshold=0.72381175733080105 0.72065643823447367 1.000230123974984 2.2584466459382786 0.010582306830907056 25.500000000000004 6.5000000000000009 1.2082988123439498 1.2305378533845428 0.22792207792207794 0.093985547306543085 1.0009956174484478 0.024011312746534164 0.86370314655063052 0.71447416532301278 0.13318105460771551 0.11764829922345731 0.98898603487512549 0.083722741433021816 0.97104273854334489 1.5544403090052237 0.33829216432402609 0.38082455143784039 0.66799029918632125
decision_type=2 2 2 2 2 2 2 2 2 2 2 2 2 2 2 2 2 2 2 2 2 2 2 2
left_child=1 2 4 7 5 6 -1 11 -9 14 -5 -4 -6 -14 15 22 20 19 -19 -18 21 -16 -2 -24
right_child=9 -3 3 10 12 -7 -8 8 -10 -11 -12 -13 13 -15 16 -17 17 18 -20 -21 -22 -23 23 -25
leaf_value=0.0010711304945846447 -0.050206277300790129 0.13087603328408712 -0.077536705594259472 0.017220322422048569 -0.07420201376991864 -0.067196623465319141 0.012897198077137391 0.046568936395352083 -0.052517871939458366 0.051585071725442105 0.048650729968698042 -0.055216619583032513 -0.05150997616023241 -0.061223528670129569 -0.050031076548919445 -0.055088125803535538 -0.050336995882294872 -0.050337509232814041 -0.051216069758369266 -0.051080093951496652 -0.050236251538830781 -0.050118144141754306 -0.050050011754122381 -0.050076153348084997
leaf_weight=271.1910034410248 0.036869320116238558 0.76238968496909265 0.23980597150511851 1.6674482398666435 0.21978098154067893 1.1003165449947108 58.913921151892282 1.5680782546987755 2.9801069844979793 0.16968105733394612 1.8840004194062201 5.5633053019992076 0.49399934295797698 0.81552431604359299 0.63470745219092295 0.1666627898812294 0.33471968729281831 2.1432935387711045 0.18356260296422977 0.54365304787643254 0.046070638520177454 0.10860760320792906 0.021895485173445195 0.020577089511789382
leaf_count=9692 24 50 5 24 1 8 708 12 285 2 17 870 201 24 1428 2 75 615 13 48 37 125 25 16
internal_value=0.00139207 0.00200222 0.00171877 -0.0207796 0.00265883 0.00294792 0.00318173 -0.0395376 -0.0183557 -0.0466694 0.0338938 -0.056139 -0.059951 -0.0575592 -0.0506009 -0.0534888 -0.0504231 -0.0505137 -0.0504068 -0.0507969 -0.050055 -0.0500438 -0.0501294 -0.0500627
internal_weight=351.81 347.4 346.637 13.9027 332.735 331.205 330.105 10.3513 4.54819 4.4103 3.55145 5.80311 1.5293 1.30952 4.24062 0.246005 3.99461 3.20523 2.32686 0.878373 0.789386 0.743315 0.0793419 0.0424726
internal_count=14307 11897 11847 1213 10634 10408 10400 1172 297 2410 41 875 226 225 2408 67 2341 751 628 123 1590 1553 65 41
is_linear=0
shrinkage=0.05


Tree=156
num_leaves=31
num_cat=0
split_feature=3 3 18 9 9 1 19 18 4 19 6 8 3 6 7 5 11 8 11 2 6 4 8 4 7 7 1 4 11 11
split_gain=3.16597 4.90229 8.72823 6.27793 4.17355 8.19886 9.36884 7.67183 5.45057 4.80555 5.43041 5.1885 6.29054 5.74042 4.78439 4.65124 4.68412 4.2706 3.89855 3.68585 3.47422 3.12354 7.35811 4.46584 3.07911 3.03551 2.77033 2.39755 2.39307 2.12084
threshold=0.33050075855130473 0.37380032757528475 33.500000000000007 11.500000000000002 2.5000000000000004 0.98806327284726037 0.65815745109487522 82.500000000000014 0.11904588088490606 0.48165195541355016 0.31599526453499849 -0.14799246722212786 0.28183602975084893 0.35597052791874345 0.10718494091408032 0.024184147027137681 0.15037864807184678 -0.37734305668795159 0.26217372282442036 0.72381175733080105 0.16122369091920183 0.18868285178247735 -0.31942331080583125 0.21603839849334919 -0.7589426785352823 -0.35745549845138008 0.91444463069545201 0.17679571014603759 0.21412142428057226 0.16767967550152535
decision_type=2 2 2 2 2 2 2 2 2 2 2 2 2 2 2 2 2 2 2 2 2 2 2 2 2 2 2 2 2 2
left_child=4 20 21 -4 5 7 8 15 19 10 -6 17 13 -13 -10 16 -1 18 -11 -7 -2 22 29 -23 -8 -25 -17 -9 -19 -3
right_child=1 2 3 -5 9 6 24 27 14 11 -12 12 -14 -15 -16 26 -18 28 -20 -21 -22 23 -24 25 -26 -27 -28 -29 -30 -31
leaf_value=-0.053593048307809345 -0.055558484993589619 -0.061327417113237997 -0.063103021124335607 -0.31866051159961734 -0.057566846992917864 0.14564632446672968 -0.31484255457303661 -0.050377632941629717 0.0047114725446415892 0.00030290306179672684 0.051612123378226439 -0.0012039006890443157 0.020210925633761832 -0.039917782367049223 -0.04697271046520779 0.0020393883684138832 -0.35546491548154452 0.013611652791053218 -0.073408659128406259 0.010488879370061084 0.023236679863115992 -0.068071428611769888 0.03495249886050715 -0.016399047983621625 -0.086013578204796756 0.0037485294411520268 -0.033727687515425216 0.096510526090382534 0.049124823533848158 0.0036564658874223667
leaf_weight=2.9625543524161908 1.4610269663971838 2.9667227438185391 2.757683825155254 0.263255015015602 1.3407185835676481 0.69267468852922975 0.15077794762328256 0.31456891336711068 6.6079397579305832 21.949101369973508 7.5669418110919651 16.570034330172348 10.369503247318788 22.682956489734352 13.889343168237245 36.655331609828863 0.1343326341593637 15.028316797775917 1.9534351746260643 1.8560839502169981 32.918072709464468 2.5675006499513975 15.940299315610899 24.92196667031385 5.8805879574792916 74.822586342808791 6.3519805370306122 2.3767816721810959 6.9316613186674649 2.1768141565844417
leaf_count=454 46 27 500 2 109 7 4 227 749 322 249 614 86 1084 5375 881 8 215 28 873 315 33 116 168 296 871 479 54 63 26
internal_value=-0.00196704 0.00314687 -0.00140591 -0.0853732 -0.00647855 -0.0152387 -0.0362555 -0.00271477 -0.0217362 5.61966e-05 0.0351793 -0.00322038 -0.0144254 -0.0235753 -0.0303107 -0.00750487 -0.0666872 0.00890327 -0.00572118 0.0472205 0.0198881 0.000649746 0.0181737 -0.00296148 -0.0917341 -0.0012855 -0.00324324 0.079342 0.0248214 -0.0338254
internal_weight=343.062 160.796 126.417 3.02094 182.266 77.873 29.0774 48.7955 23.046 104.393 8.90766 95.485 49.6225 39.253 20.4973 46.1042 3.09689 45.8625 23.9025 2.54876 34.3791 123.396 21.0838 102.312 6.03137 99.7446 43.0073 2.69135 21.96 5.14354
internal_count=14281 2104 1743 502 12177 9407 7304 2103 7004 2770 358 2412 1784 1698 6124 1822 462 628 350 880 361 1241 169 1072 300 1039 1360 281 278 53
is_linear=0
shrinkage=0.05


Tree=157
num_leaves=27
num_cat=0
split_feature=1 17 14 4 4 15 7 8 1 7 14 8 10 16 1 16 16 16 17 19 16 15 18 19 7 4
split_gain=2.94347 2.96562 3.1197 2.49978 6.7037 3.43891 2.22652 5.83763 6.96175 6.10115 4.67777 4.03299 1.30959 3.20635 1.11533 0.742714 2.13638 0.56736 0.439268 0.359609 0.0241114 0.0102245 0.00406825 0.00266653 0.000101359 4.30754e-05
threshold=1.7184139415223687 0.58561221975856126 0.053101503759398504 0.11863035314223348 0.11904588088490606 0.16515151515151519 0.11394342374582715 0.20427727673448706 1.3470872676719015 0.65677870700723162 0.043055555555555562 0.89145823621153586 5.5000000000000009 0.013245614035087722 1.1180883495934577 0.095491388044579545 0.063660925363053025 0.042705167173252283 0.61034790365744884 0.59607773615443549 0.20734437975817291 0.076436222005842283 25.500000000000004 0.83916204032619168 -0.57706482529811243 0.11812895731209151
decision_type=2 2 2 2 2 2 2 2 2 2 2 2 2 2 2 2 2 2 2 2 2 2 2 2 2 2
left_child=3 15 12 5 17 21 10 9 -9 -8 11 -6 13 -3 -12 16 -2 -5 -15 -17 23 24 -23 -21 -1 -26
right_child=1 2 -4 4 6 -7 7 8 -10 -11 14 -13 -14 18 -16 19 -18 -19 -20 20 -22 22 -24 -25 25 -27
leaf_value=-0.05143788562795909 0.044476275959565263 0.047459794951912909 -0.084446725846871143 0.073132066747286992 -0.0024062839620109149 0.047924420444501709 -0.0099200174790445659 -0.011588144116917803 -0.088338600475931561 0.018322687397598132 0.050310678653237621 0.018565354995797433 0.038444973636276331 0.0032384449048701081 0.0084489351747429036 0.022529563721058594 -0.023276841753294027 0.13067285867898712 -0.05749822632272638 0.051242451218238443 0.045304308106565834 -0.059726973447344435 -0.052896020897723675 0.053821974885558822 -0.050261133008629492 -0.050649502460677537
leaf_weight=0.23468348311143916 3.2020500726066548 1.4551911830785678 1.083178864122601 1.0311571501661081 126.24670305402833 1.0644214600324629 36.659914984935313 75.116014524857746 3.0755594448710317 39.972340554872062 6.2767024810309504 28.011041998455767 2.1972857073415071 0.35359743953449685 2.1314633463916834 1.4157596267177721 1.8275243826210497 0.73287254353635933 1.8828799215261822 1.745944734662771 1.4950830328743903 0.45061122626066197 0.42217212400282733 2.3508079387247562 2.6516321086091921 0.97704451717436303
leaf_count=29 34 37 17 41 2349 5 1610 6721 38 545 56 271 24 5 39 16 21 18 108 32 25 4 39 21 2022 163
internal_value=0.000363858 0.0194877 -0.00646149 -0.000754511 -0.00016348 -0.0332839 -0.000703547 -0.00499543 -0.014607 0.00481173 0.00338143 0.00140187 0.00788264 -0.0103081 0.0396988 0.0345179 0.0198578 0.0970376 -0.0478955 0.04504 0.0507392 -0.051535 -0.0564228 0.0527226 -0.0504308 -0.0503657
internal_weight=344.064 19.0093 6.97213 325.054 319.254 5.80056 317.49 154.824 78.1916 76.6323 162.666 154.258 5.88895 3.69167 8.40817 12.0372 5.02957 1.76403 2.23648 7.0076 5.59184 4.73614 0.872783 4.09675 3.86336 3.62868
internal_count=14290 340 191 13950 11688 2262 11629 8914 6759 2155 2715 2620 174 150 95 149 55 59 113 94 78 2257 43 53 2214 2185
is_linear=0
shrinkage=0.05


Tree=158
num_leaves=30
num_cat=0
split_feature=0 0 3 3 8 8 19 4 7 15 1 17 17 8 17 15 2 7 18 15 18 4 15 8 18 15 1 18 7
split_gain=2.27857 4.89567 2.00827 2.85854 2.51977 6.62929 5.99769 5.74123 5.6004 5.90497 2.80124 2.42672 2.28164 2.52426 1.22345 1.52923 1.16802 0.423868 0.0273002 0.0227367 0.0036757 0.00106176 1.5691e-05 8.56272e-06 5.44497e-06 1.53675e-06 1.41882e-06 1.02442e-06 2.52576e-07
threshold=1.000230123974984 2.2584466459382786 0.11764829922345731 0.11819451774647034 0.20427727673448706 0.30486829946393096 0.35300020676557381 0.177005144505719 0.67411687735867332 0.81666666666666676 0.41154796575205704 0.95633104500381394 0.95675549322113151 1.0962747249327915 0.37884436160298235 0.12326685660018995 0.0065023384842218144 0.64215437448953516 1.5000000000000002 0.133974358974359 5.5000000000000009 0.27152960284862648 0.17902930402930406 0.72488549009415104 4.5000000000000009 0.07185886402753873 1.0000008508914793 10.500000000000002 -0.080836397454676648
decision_type=2 2 2 2 2 2 2 2 2 2 2 2 2 2 2 2 2 2 2 2 2 2 2 2 2 2 2 2 2
left_child=2 14 22 11 8 7 -7 -6 9 -5 -10 23 -13 -14 15 16 -2 -3 -16 20 -20 -18 24 26 -1 27 -4 -26 -27
right_child=1 17 3 4 5 6 -8 -9 10 -11 -12 12 13 -15 18 -17 21 -19 19 -21 -22 -23 -24 -25 25 28 -28 -29 -30
leaf_value=-0.050711872423807862 0.014515131300699891 0.012501574705367141 -0.050525403076494252 0.0018505654192671047 0.014517801623166203 -0.058455471365674763 0.0019505863928509868 -0.050358398705367714 -0.017304989172292427 -0.058201006190258524 0.026181649084738946 0.15620932943538282 -0.050608513323037688 0.096067963129161146 -0.072115864678536798 0.036719452573516546 -0.054113176753845804 0.047205275762279786 -0.05476338194315742 -0.060738555886213769 -0.051369545638996927 -0.051769438699338359 -0.051339968710038479 -0.050835255171947563 -0.050267068453771935 -0.050346657665062883 -0.050288546138219897 -0.050058634678569837 -0.05019583714637136
leaf_weight=0.034490098711102202 0.88592492043971871 1.723727487958967 0.095429494278504889 152.48349277328816 4.6413571965531473 4.260923210065811 115.44569714117097 12.855551457148975 4.1495029060170046 4.206566557288169 34.431822684186045 0.65435730339959253 0.46975049551110692 0.78102756175212562 0.21262401342391957 0.96317695546895254 0.65863411431200836 1.7972908865194765 1.0721925217658279 0.96848556585609902 3.1175264795019757 1.8144139533396808 0.025418680161237606 0.15055813582148403 0.061093638651072868 0.044016125029884279 0.18735684006242082 1.6796733979281269 0.075160726788453647
leaf_count=4 4 27 15 3015 1732 47 3677 1397 31 20 425 2 74 7 1 7 34 17 20 9 1013 134 1 18 13 9 46 2508 38
internal_value=8.72863e-05 -0.0202796 0.00088652 0.00117892 0.000791455 -0.00440142 -0.00019955 -0.0331489 0.00444012 0.000238396 0.0215046 0.0562664 0.0805586 0.0409812 -0.0386224 -0.0188206 -0.0347465 0.030216 -0.0545578 -0.0538341 -0.0522381 -0.0523936 -0.0501059 -0.0505307 -0.0500894 -0.0500778 -0.0503685 -0.0500659 -0.0502515
internal_weight=349.947 13.214 336.733 334.813 332.475 137.204 119.707 17.4969 195.271 156.69 38.5813 2.33848 1.90514 1.25078 9.69298 4.32215 3.35897 3.52102 5.37083 5.1582 4.18972 2.47305 1.91985 0.433344 1.89443 1.85994 0.282786 1.74077 0.119177
internal_count=14345 1266 13079 10506 10344 6853 3724 3129 3491 3035 456 162 83 81 1222 179 172 44 1043 1042 1033 168 2573 79 2572 2568 61 2521 47
is_linear=0
shrinkage=0.05


Tree=159
num_leaves=31
num_cat=0
split_feature=5 7 4 8 7 1 1 8 3 3 1 2 2 15 11 8 2 17 7 8 17 1 9 19 15 19 7 15 8 8
split_gain=2.81657 2.39245 7.41907 5.02023 5.88604 7.11143 6.88568 4.14624 4.81183 7.23805 4.98772 4.53293 5.32834 6.63992 4.46874 4.89341 4.41714 4.16739 4.02184 2.01112 3.62241 1.99942 1.03759 0.708744 0.534901 0.511727 0.329437 0.0959164 0.00807791 4.28727e-05
threshold=0.35019181444754016 0.69813284642938445 0.17663909180878429 0.20427727673448706 1.0144818270450147 0.79088728548483644 0.71037848594885877 0.74594613778068453 0.49188335001969546 0.52429209191814763 0.41154796575205704 0.22142803591061264 0.29046807881274261 0.31929669030732866 0.32962476085181763 -0.089855396254323844 0.21481330721986064 0.23861283643892342 0.2045012082720051 -0.37018611142517455 0.3712316968130922 1.1651955365331725 21.500000000000004 0.83916204032619168 0.24722222222222226 0.39150031727265983 0.7215531905028697 0.19803921568627456 -0.65097844819150519 -0.47375005827833777
decision_type=2 2 2 2 2 2 2 2 2 2 2 2 2 2 2 2 2 2 2 2 2 2 2 2 2 2 2 2 2 2
left_child=1 7 22 19 5 -5 -6 8 14 23 -11 16 13 -13 15 -1 18 -14 -9 20 -4 -21 24 -10 26 -2 -3 -16 -27 -30
right_child=25 2 3 4 6 -7 -8 11 9 10 -12 12 17 -15 27 -17 -18 -19 -20 21 -22 -23 -24 -25 -26 28 -28 -29 29 -31
leaf_value=0.0083680227397929761 -0.12984543354909983 0.005631280224972144 -0.01671614667082507 -0.048964934128504001 0.01827813148568511 0.048174159176251105 -0.047770158233412907 0.03031018753800746 -0.062464434451386878 0.055692957078345678 -0.017105683700220645 -0.034017005571478881 -0.14343000517347823 -0.23036045932228358 -0.060231587228438327 -0.0079551643175043291 0.091966020236052021 0.0071464238969639274 -0.0089223409866829115 0.041570540337634798 0.030000892136430531 -0.016008555401910308 -0.16176648808269409 -0.10677053004312874 0.052316649716820832 -0.060645407187081148 -0.055581687538008108 -0.082818281047927059 -0.051727479557367041 -0.050758152847121089
leaf_weight=90.173437858291436 0.31502918805926927 0.23365163989365045 6.4109087302349534 2.4385322876041782 6.5513452887535122 8.2871476378641074 9.9229133981134492 21.207196358474906 5.0302240427117786 2.5835930407047298 26.345501949486788 2.5577762541361184 0.47055357939098286 0.51775989681482304 2.0275793590699318 93.542956289224094 2.1749233026057473 19.569905761483824 9.4402552361134422 17.731923466781158 11.762822696706278 1.6478098938823666 0.21355241537094105 1.0999957504682241 0.12696139514446247 0.44972468912601471 3.7073651882237755 0.61187690962105978 0.21456917212344706 0.24355381971690804
leaf_count=1610 11 26 51 34 105 319 1276 179 449 7 269 148 24 4 94 7085 22 958 367 270 80 43 1 10 1 4 829 5 10 30
internal_value=0.000810109 0.00107753 0.00940651 0.0136213 -0.0027371 0.0260891 -0.0215046 -0.000995604 -0.00406839 -0.0210622 -0.0106042 0.0111671 -0.00579322 -0.067071 -0.000871318 5.67385e-05 0.0231118 0.00361086 0.0182255 0.0254697 0.0135211 0.0366747 -0.0543379 -0.0704146 -0.0486983 -0.0749383 -0.0519525 -0.0654676 -0.0558851 -0.0512122
internal_weight=347.611 346.388 69.0349 64.7534 27.1999 10.7257 16.4743 277.354 221.415 35.0593 28.9291 55.9384 23.116 3.07554 186.356 183.716 32.8224 20.0405 30.6475 37.5535 18.1737 19.3797 4.28153 6.13022 4.06798 1.22288 3.94102 2.63946 0.907848 0.458123
internal_count=14321 14266 3035 2178 1734 353 1381 11231 9529 735 276 1702 1134 152 8794 8695 568 982 546 444 131 313 857 459 856 55 855 99 44 40
is_linear=0
shrinkage=0.05


Tree=160
num_leaves=31
num_cat=0
split_feature=18 2 18 0 17 12 7 2 8 5 4 6 7 7 4 15 3 15 13 0 1 10 8 1 1 6 10 1 1 5
split_gain=2.95787 2.952 3.13095 2.50023 2.17243 2.32623 2.04101 6.2375 6.08814 3.6829 3.26209 2.25145 1.8476 1.96623 0.335196 0.0889392 0.00415845 0.00407662 0.00167063 0.000651181 0.000181428 0.000116648 3.32507e-05 1.04265e-05 7.81203e-06 6.25101e-06 4.06981e-06 3.60764e-06 9.35552e-07 7.28943e-07
threshold=83.500000000000014 0.6464435539993586 71.500000000000014 0.69825256127088819 0.98657657657657671 1.0000001914501981 -0.50000080733447205 0.27469057818643411 0.80955190081919659 0.055322877721848844 0.11946150835822612 0.89344893320642349 1.2414405030374527 0.95187842417873048 0.11904588088490606 0.16515151515151519 0.33050075855130473 0.094044811320754734 0.046612466124661252 0.90000103701928003 2.1365178262240221 6.5000000000000009 0.017487893688464814 0.98806327284726037 0.95440129908746452 0.71049867495141861 5.5000000000000009 0.98898603487512549 1.5927989178833024 0.00029052160923777071
decision_type=2 2 2 2 2 2 2 2 2 2 2 2 2 2 2 2 2 2 2 2 2 2 2 2 2 2 2 2 2 2
left_child=1 2 6 -4 5 12 7 8 -1 -9 14 -12 13 -3 -8 17 21 -5 20 -6 -7 23 -14 24 -2 -26 28 29 -25 -21
right_child=16 4 3 15 19 18 10 9 -10 -11 11 -13 22 -15 -16 -17 -18 -19 -20 27 -22 -23 -24 26 25 -27 -28 -29 -30 -31
leaf_value=-0.038447336671396076 -0.050094003850610816 0.027354039628959576 0.06362918193179054 -0.050526327695909402 -0.054883010199034757 -0.051026319138209313 -0.051450007261103339 -0.0090227887020951254 0.013557276187330079 0.032935397964666165 0.0033402042535030812 -0.030553325282890273 -0.051521743073010953 0.076371879694013045 -0.1127744812943452 -0.071788679472786721 -0.057435419244393972 -0.055520257350380936 -0.057341643107281071 -0.050278400189913808 -0.05299619424441953 -0.051563781314138295 -0.050370375297985374 -0.050056998677324216 -0.050203196767933195 -0.050720995924579917 -0.050555685416322743 -0.050122647983857273 -0.050220535714302073 -0.050447808092026175
leaf_weight=20.474431723239835 0.17743661848362569 9.189270207003565 0.5049498677253722 2.9364712665555994 0.081055372953414917 0.53628991020377803 1.9426081399724346 10.502886147936808 7.7611511736176899 10.417216652946079 268.95579411048675 4.9906169570749617 0.070844060450327428 2.6317053242237316 0.25170034519396711 0.6213708072900771 0.21564552187919606 0.47471723053604353 0.14626754008349963 0.16214870277326632 0.14946321240859106 0.14919069199822832 0.54590569762513041 1.8605999328428877 0.092904624878428876 0.15642288234084845 0.043136161664733552 0.58241936436388642 0.091766511075547785 0.10437183314934373
leaf_count=146 199 1381 1 1347 1 117 431 92 44 181 6439 332 5 163 3 3 2 8 17 38 5 10 192 2704 60 36 11 333 59 16
internal_value=0.000535423 0.00095103 -9.96276e-06 -0.0412569 0.0232731 0.0284505 0.000565384 -0.00882171 -0.0241528 0.0118704 0.00223638 0.00272275 0.0338651 0.0382669 -0.0584843 -0.0543905 -0.0507661 -0.0512213 -0.0524904 -0.0506012 -0.0514557 -0.0502068 -0.0505026 -0.0501233 -0.0503476 -0.0505281 -0.0500753 -0.0501924 -0.0500647 -0.0503447
internal_weight=346.821 344.034 329.834 4.53751 14.1997 13.2697 325.296 49.1557 28.2356 20.9201 276.141 273.946 12.4377 11.821 2.19431 4.03256 2.7871 3.41119 0.832021 0.929995 0.685753 2.57146 0.61675 2.42227 0.426764 0.249328 1.9955 0.84894 1.95237 0.266521
internal_count=14376 11295 9027 1359 2268 1880 7668 463 190 273 7205 6771 1741 1544 434 1358 3081 1355 139 388 122 3079 197 3069 295 96 2774 387 2763 54
is_linear=0
shrinkage=0.05


Tree=161
num_leaves=29
num_cat=0
split_feature=7 15 7 16 0 6 19 16 7 7 7 14 6 10 2 3 8 8 15 2 4 8 11 16 5 19 4 2
split_gain=3.36844 4.13502 4.06302 7.66693 8.279 6.47567 6.03378 7.87989 3.46936 6.17541 5.96211 4.68133 4.49942 3.83815 3.20937 3.12364 7.34993 4.97867 2.98488 2.81446 5.50937 4.09887 2.65693 2.21794 1.26346 1.2209 0.735568 0.229417
threshold=-1.0061724284617068 0.12326685660018995 -0.50000080733447205 0.2965856481481482 0.79623927340848721 0.57194920742150523 0.55499970541376875 0.035875160875160884 -0.10142478842371776 0.33833599945543041 0.20035745163336696 0.50308641975308654 0.2362918661098288 5.5000000000000009 0.066616475971695663 0.51499126160066899 0.2768385335108669 -0.58769235627512562 0.069971440228478191 0.33943640017041982 0.38166660483366527 -0.430340563532494 0.0040492532523391843 0.089647914274779958 0.16207500461325483 3.5457625179482588 0.21912959977692251 0.26462950114331224
decision_type=2 2 2 2 2 2 2 2 2 2 2 2 2 2 2 2 2 2 2 2 2 2 2 2 2 2 2 2
left_child=1 22 3 4 18 25 24 -8 15 10 12 13 -10 -11 -12 19 17 -17 -2 21 -21 -4 26 -13 -6 -5 -1 -3
right_child=2 27 8 5 6 -7 7 -9 9 11 14 23 -14 -15 -16 16 -18 -19 -20 20 -22 -23 -24 -25 -26 -27 -28 -29
leaf_value=0.066982189047638085 -0.037370373647436859 0.039111049996878415 0.053514880977630533 0.023654107856389078 -0.08108351130030883 -0.028866998165439053 0.055550280079099838 -0.03000538856060031 0.023761156519627881 0.0052207545686254204 -0.0028827477849861683 -0.070093898079500797 -0.00991633004565016 0.050632421866723024 -0.039412631006457366 0.031539237300356952 0.054887650975453207 -0.060754467810829806 -0.096152999579337317 0.0081798566637437224 -0.07715741495087261 0.013674312124172402 -0.059026933504524495 0.010687348127620084 -0.0018678020004539329 0.06206705633378317 -0.0026066776579204125 0.056835921747499962
leaf_weight=0.72033051174366691 3.6637262015137804 3.4530999884009361 8.5191890023997967 4.7568643825361487 2.9342000424803731 5.6433105263859025 4.8023974842508306 6.1222765473066829 12.417305099341318 103.27099510458356 8.1197588527575153 2.9547222899418548 49.271693285772926 4.8724739006720474 23.16925540289958 1.9032155020395283 2.7703258394612922 6.2915689121582536 5.2601702604442835 36.874330878883484 1.9935686430253543 26.65493331849575 1.8355625171971039 1.1926959073753094 0.60759170632809389 3.6601803312078118 0.80311781691852957 3.873289804905653
leaf_count=13 26 20 77 38 67 35 46 57 436 3821 105 192 2660 34 4664 12 36 218 29 935 295 306 31 57 79 11 27 24
internal_value=-0.000205233 0.027421 -0.00110598 -0.0166053 -0.0341454 0.0125737 -0.010782 0.00760418 0.000893715 -0.00262396 -0.0121546 0.00526754 -0.00313743 0.00726681 -0.0299328 0.00938793 -0.0155182 -0.0393195 -0.0720197 0.0130764 0.00380283 0.0233237 -0.0185149 -0.0468632 -0.0674941 0.0403581 0.030297 0.0484818
internal_weight=338.412 10.6854 327.727 37.4507 23.3904 14.0604 14.4665 10.9247 290.276 205.269 92.978 112.291 61.689 108.143 31.289 85.0071 10.9651 8.19478 8.9239 74.042 38.8679 35.1741 3.35901 4.14742 3.54179 8.41704 1.52345 7.32639
internal_count=14351 115 14236 388 304 84 249 103 13848 11969 7865 4104 3096 3855 4769 1879 266 230 55 1613 1230 383 71 249 146 49 40 44
is_linear=0
shrinkage=0.05


Tree=162
num_leaves=20
num_cat=0
split_feature=0 5 19 6 12 2 16 12 8 17 15 18 8 4 2 15 6 19 8
split_gain=2.65846 2.28098 2.26799 2.2647 2.16407 4.22442 2.53055 2.18903 3.60849 1.86512 1.84391 1.16482 0.486902 0.254238 0.208234 0.188205 0.0983065 0.0909523 0.000123163
threshold=0.65265092346082143 0.35019181444754016 5.7405072904009726 0.91668085810691202 1.4285762823375292 0.28296995848612078 0.28679653679653688 1.368585927421911 -0.44684191259026701 0.59508740204942745 0.12326685660018995 6.5000000000000009 -0.65097844819150519 0.12555320447677773 0.010884129144007866 0.090326340326340335 0.18873702155219188 0.67254193223561287 2.2606828370587109
decision_type=2 2 2 2 2 2 2 2 2 2 2 2 2 2 2 2 2 2 2
left_child=2 3 9 4 7 -6 -7 8 -2 12 -11 -9 -1 -3 -14 17 -16 18 -5
right_child=1 13 -4 15 5 6 -8 11 -10 10 -12 -13 14 -15 16 -17 -18 -19 -20
leaf_value=-0.10123926242300776 -0.012345423176685535 -0.10417268730810572 0.015123948458128367 -0.051770155168355161 0.010550164078265239 -0.07703920221485426 -0.0044067019355220468 0.055728862627036593 0.0028810175149905771 -0.053945921271401701 0.044534662934797652 0.015146002070650736 -0.033024743615453891 -0.05256457575194691 -0.076800453955889345 0.003353974421685892 -0.05585017376635474 -0.074613142576297836 -0.050397332137086331
leaf_weight=0.69693057332187835 45.72492124659766 0.45213897246867318 2.1792175676673651 0.20033193065319099 5.1982743665575963 3.5727034983283374 1.8051004420558454 2.2099308297038069 261.09789733916114 0.92506759939715244 0.97763621062040329 8.8443564149638387 0.79781804140657087 0.50538427848368883 0.80035750707611475 0.12850972265005101 1.8640749792102722 0.62325150799006213 0.88566699560033157
leaf_count=7 760 5 27 23 31 84 16 13 12855 33 7 99 17 38 8 2 62 4 255
internal_value=-0.000571842 0.000126049 -0.0286233 0.000349448 0.000659143 -0.0215912 -0.0526596 0.00139943 0.000611865 -0.0443503 -0.0033452 0.0232592 -0.0631089 -0.0769337 -0.0554334 -0.0550008 -0.0621433 -0.0593882 -0.0506506
internal_weight=339.49 331.248 8.2411 330.291 328.453 10.5761 5.3778 317.877 306.823 6.06188 1.9027 11.0543 4.15918 0.957523 3.46225 1.83776 2.66443 1.70925 1.086
internal_count=14346 14185 161 14142 13858 131 100 13727 13615 134 40 112 94 43 87 284 70 282 278
is_linear=0
shrinkage=0.05


Tree=163
num_leaves=25
num_cat=0
split_feature=13 2 18 9 2 2 7 2 19 15 3 2 15 19 15 18 8 7 5 18 8 0 18 19
split_gain=2.27532 2.13615 2.80899 2.6637 2.11992 4.0296 1.98206 1.94275 1.92964 3.83526 3.21756 0.0232256 0.0127232 0.01148 0.000512134 0.000224842 0.000190772 4.22412e-05 2.79013e-05 2.0617e-05 8.48776e-06 1.79656e-06 2.10918e-06 1.4887e-06
threshold=1.0000000180025095e-35 0.6464435539993586 83.500000000000014 25.500000000000004 0.64576185762492677 0.64568939707637629 1.2414405030374527 0.62975204068850854 0.53601435539554709 0.11024305555555557 0.1765519871431239 0.024011312746534164 0.16515151515151519 0.86370314655063052 0.050933932895191984 28.500000000000004 0.061982196071670756 -0.35745549845138008 0.018807192498785 129.50000000000003 -0.54280639795109298 0.90000385134829253 85.500000000000014 0.4410038054149284
decision_type=2 2 2 2 2 2 2 2 2 2 2 2 2 2 2 2 2 2 2 2 2 2 2 2
left_child=1 3 6 4 5 7 8 -1 10 -10 -3 -2 14 15 -6 -13 -8 -17 -18 21 -19 22 -4 -23
right_child=11 2 19 -5 12 -7 16 -9 9 -11 -12 13 -14 -15 -16 17 18 20 -20 -21 -22 23 -24 -25
leaf_value=0.00017105977749041817 -0.073645631447583723 0.053072276762400394 -0.050756202996348747 -0.080890066183326934 -0.050145728402192849 0.11298761772672505 -0.052085162173236499 -0.022767749752051827 -0.050465681757715479 0.043793059038902737 -0.050317342266046672 -0.052296656689623792 -0.064672439775988341 -0.060169228085055308 -0.052204913270515296 -0.051534447721081511 -0.050170879299122041 -0.051056989720849599 -0.051041339091280148 -0.051140991618805247 -0.050090913034081766 -0.05033788069682707 -0.050087521392293999 -0.050065095038682117
leaf_weight=311.81495880881266 0.21798515319824119 7.9214424035744688 0.021479525108588748 1.0350323914317403 1.4477492325822816 0.78397524423780751 0.20983960761805143 9.5118630326469411 1.9161708481988178 2.4705930082709529 0.83149937173584465 0.28426132322056197 0.17540173232555378 0.79834233870496973 0.38151994789950539 0.069954837614204624 0.48925032376428135 0.024775458965450414 0.11339644965482876 0.048146546818315872 0.2761662854900353 0.052156979145364768 0.026149277575314045 1.2182162741373757
leaf_count=7315 1 700 4 9 1101 54 13 1116 711 25 503 14 1 31 20 14 217 2 11 7 407 73 43 1999
internal_value=-0.000232549 5.31454e-05 0.0182998 -0.000806483 -0.000550744 -0.000231738 0.0249997 -0.000507971 0.0296859 0.00262014 0.0432506 -0.0584263 -0.0518087 -0.0561438 -0.0505752 -0.0512386 -0.0507868 -0.0504277 -0.0503347 -0.0501247 -0.0501704 -0.0500876 -0.0503891 -0.0500763
internal_weight=342.14 340.469 15.3183 325.151 324.115 322.111 13.9522 321.327 13.1397 4.38676 8.75294 1.67149 2.00467 1.4535 1.82927 0.655158 0.812486 0.370897 0.602647 1.36615 0.300942 1.318 0.0476288 1.27037
internal_count=14391 13922 4306 9616 9607 8485 2180 8431 1939 736 1203 469 1122 468 1121 437 241 423 228 2126 409 2119 47 2072
is_linear=0
shrinkage=0.05


Tree=164
num_leaves=31
num_cat=0
split_feature=0 6 0 6 15 7 1 9 6 17 17 17 11 9 15 6 7 0 0 0 0 18 15 16 1 5 18 5 6 4
split_gain=3.91093 3.48622 2.38682 2.2173 2.81162 2.1787 1.99915 2.92679 2.43251 8.12709 4.53963 2.27055 2.0712 1.86172 1.10969 0.859233 0.722277 0.677509 3.17343 0.493517 0.0542328 0.0218552 0.0180117 0.0117211 0.00326565 0.000823114 0.000752235 0.000377948 0.000126911 2.23821e-06
threshold=1.000230123974984 0.75882775855786877 2.2584466459382786 0.89344893320642349 0.18257575757575759 -0.35745549845138008 1.7184139415223687 21.500000000000004 0.2362918661098288 0.64733893557422983 0.89893315174214061 0.45346320346320351 0.20958659671981697 6.5000000000000009 0.11024305555555557 0.29657211689033897 0.19740642172445236 1.2082988123439498 1.2305378533845428 0.99999980854987547 1.0009956174484478 1.5000000000000002 0.133974358974359 0.12337223067816676 0.78492360720100185 0.029482324138965486 1.5000000000000002 0.084668555379915647 0.8004003582578717 0.50539547789330597
decision_type=2 2 2 2 2 2 2 2 2 2 2 2 2 2 2 2 2 2 2 2 2 2 2 2 2 2 2 2 2 2
left_child=3 17 25 6 5 -5 7 8 9 -1 -10 15 13 -13 16 -8 -7 20 -19 -14 -2 -22 -23 -17 -20 29 -26 -27 -29 -3
right_child=1 2 -4 4 -6 14 11 -9 10 -11 -12 12 19 -15 -16 23 -18 18 24 -21 21 22 -24 -25 26 27 -28 28 -30 -31
leaf_value=0.022865759485948267 -0.07939635906328707 -0.050085709797667292 0.05449122299808562 -0.15596407225368059 0.033520857466200892 -0.0066086146048892902 0.0105962055765097 -0.075131649732143049 -0.0036466903971189412 -0.02193449356140903 0.013597522641604362 -0.05271479706829714 0.054062048408276768 0.0053104655622771349 0.030050434511083093 0.053292609119924429 -0.064001454115931847 0.042477320396842162 -0.055910957555217425 0.011109011820560176 -0.064918825291588336 -0.051774781004356764 -0.060201611609027511 0.048281320378938036 -0.054322347633396509 -0.055732551315267553 -0.051781924134013814 -0.053922285302939833 -0.051980478642554465 -0.050551619102033811
leaf_weight=39.325870934466366 0.23845700582023521 0.17108530685072709 1.8191110193729398 0.44430785742588375 1.2845713905990122 0.72454943835327856 1.712370373308661 1.248160267015918 205.97735698214092 13.632276338350492 46.845827415323583 1.9742759864602684 1.8586349429679103 4.6107229294721037 0.50614322535693634 3.3040238581597805 2.2521098055294715 1.1657920231809837 0.69752517598681185 1.0445728812628658 0.4810880348086356 2.9319554371177223 0.80910096690058697 1.8038930096663532 0.33077339828014407 0.18524669762700796 2.4476452367234742 0.16317444940796122 0.17373590142233297 0.030350128654390574
leaf_count=485 3 151 9 12 16 34 16 12 5031 1455 5362 62 14 60 4 31 395 11 33 49 3 758 7 31 5 5 247 14 37 3
internal_value=0.000652977 -0.0278228 0.0239385 0.00166227 -0.0306912 -0.0516952 0.00218375 0.00127764 0.00158954 0.0113335 -0.000451495 0.0192425 0.00342502 -0.0120863 -0.0383934 0.0412474 -0.0500314 -0.0422822 -0.0289098 0.0386076 -0.0561975 -0.0548873 -0.0535973 0.0515228 -0.0528523 -0.052871 -0.0520844 -0.0539184 -0.0529209 -0.0501559
internal_weight=340.195 11.645 2.5427 328.55 5.21168 3.92711 323.338 307.029 305.781 52.9581 252.823 16.3085 9.48821 6.585 3.4828 6.82029 2.97666 9.10234 4.64174 2.90321 4.4606 4.22214 3.74106 5.10792 3.47594 0.723592 2.77842 0.522157 0.33691 0.201435
internal_count=14355 1286 219 13069 461 445 12608 12345 12333 1940 10393 263 185 122 433 78 429 1067 296 63 771 768 765 62 285 210 252 56 51 154
is_linear=0
shrinkage=0.05


Tree=165
num_leaves=30
num_cat=0
split_feature=6 7 17 8 11 1 6 3 1 7 2 7 0 0 6 8 7 2 17 9 19 7 7 8 19 11 9 14 1
split_gain=2.47763 2.57197 5.11562 5.95025 4.58025 6.77643 5.8712 4.13445 3.25271 4.09492 3.86812 3.21875 2.44802 4.56643 2.37929 2.37778 2.03505 1.92816 1.77714 1.77399 1.71348 1.53536 1.21277 0.925955 0.897317 0.743588 0.284799 0.0269842 0.00395832
threshold=0.13546192957499817 -0.50000080733447205 0.50362318840579723 2.0180299201632756 0.012508866765246445 0.98806327284726037 0.24814306762683599 0.18060071483936188 0.41154796575205704 9.7558890299480296 0.0096917869218813846 -1.0061724284617068 1.000230123974984 2.2584466459382786 0.82961128697250841 -0.39333090527602471 0.36014459268377269 0.13268750633289614 0.99528301886792458 3.5000000000000004 4.5137154671684039 1.2023907826595408 -0.7589426785352823 -1.0000000180025095e-35 0.46350871635294771 0.19648175498374612 10.500000000000002 0.11882352941176472 0.41154796575205704
decision_type=2 2 2 2 2 2 2 2 2 2 2 2 2 2 2 2 2 2 2 2 2 2 2 2 2 2 2 2 2
left_child=20 2 4 7 17 6 -6 22 9 21 14 -9 15 -14 16 -12 -10 24 -16 -7 25 -3 -4 -23 -2 26 27 28 -1
right_child=1 8 3 -5 5 19 -8 11 10 -11 12 -13 13 -15 18 -17 -18 -19 -20 -21 -22 23 -24 -25 -26 -27 -28 -29 -30
leaf_value=-0.060695714602607136 0.030717287733554921 -0.067431794451848173 0.044194205773374962 0.049927228335843621 0.014191887014884556 -0.014274697616145193 -0.074641066773775189 0.0022301371065468313 0.012063827617613116 0.028490024377660884 -0.0066155705274271188 -0.061385330366758098 -0.048191746786907796 0.036703847465603866 -0.059521072131920066 0.0048922547815363092 0.049112786019424842 0.057910661341093676 0.053296123707588065 0.035733488666610295 0.0209588946970518 -0.044856092283879823 -0.051625580946742092 -0.0026363366961481391 -0.0025667454782753157 -0.0096643072539723054 -0.10637356292761507 -0.06599559796170508 -0.052205626094005135
leaf_weight=0.14516557753086123 3.8734713252633828 3.4204687038436514 1.6449765661673157 2.0050846424419424 2.76365013420582 2.6826672265306106 5.6886921413242817 2.3844804841792238 6.6929259793832925 2.7675637369975439 58.500992311892333 11.970247031713365 5.9703888394724327 2.1559517597779632 1.2830954493256275 192.89424313281779 8.3066723197698575 3.4562756096711373 0.47952440381050099 5.2322720503434539 1.1373445419594643 2.6669389754533759 0.41316675854614615 2.5312764197587976 4.2431565932929516 0.98611932901258104 0.28986181877553452 0.44253324755118217 2.5292508777056355
leaf_count=1 19 26 35 15 10 18 38 35 68 16 900 148 1066 28 135 10996 46 23 3 48 8 24 88 16 22 31 4 32 497
internal_value=-0.000545377 4.17975e-06 -0.0109252 -0.0313826 0.00256015 -0.0144627 -0.0455955 -0.0413158 0.00176545 -0.0244244 0.00284479 -0.0508181 0.00134123 -0.0256686 0.0261237 0.00221432 0.0325813 0.0266352 -0.0288289 0.0187839 -0.0337386 -0.0414158 0.0249586 -0.0242971 0.0133173 -0.0478999 -0.0589674 -0.0545589 -0.0526665
internal_weight=339.558 334.028 46.3581 18.418 27.9402 16.3673 8.45234 16.4129 287.67 11.3862 276.284 14.3547 259.522 8.12634 16.7622 251.395 14.9996 11.5729 1.76262 7.91494 5.53028 8.61868 2.05814 5.19822 8.11663 4.39293 3.40681 3.11695 2.67442
internal_count=14396 13823 499 321 178 114 48 306 13324 82 13242 183 12990 1094 252 11896 114 64 138 66 573 66 123 40 41 565 534 530 498
is_linear=0
shrinkage=0.05


Tree=166
num_leaves=31
num_cat=0
split_feature=5 5 14 16 18 15 6 16 1 1 19 16 18 2 1 1 14 15 18 5 4 11 15 19 6 4 1 8 19 1
split_gain=2.57364 5.97582 4.15863 4.53613 4.59099 7.51772 4.23449 4.1792 4.1149 6.60956 5.63936 3.41615 8.06437 6.73198 6.06848 4.65822 3.59708 3.33233 3.28309 4.53579 3.27219 3.22749 4.22907 2.95096 2.91138 2.6003 2.47962 1.56317 1.55274 1.24489
threshold=0.086743710087794898 0.084668555379915647 0.093171296296296308 0.12974987974987975 26.500000000000004 0.28388278388278393 0.36492905472264153 0.13586239961644495 1.1049726468453904 0.98806327284726037 0.46586733731832536 0.33568075117370894 8.5000000000000018 0.22904674679625273 0.66471074773163552 0.49807773411466871 0.47267025089605741 0.14160401002506268 13.500000000000002 0.17040764859855237 0.18619599718685839 0.31579414320221372 0.30860805860805868 0.55279732337973542 0.13546192957499817 0.26380620356657503 1.9281085200795962 -0.19267492265425865 1.2958409878186468 0.72285972251239927
decision_type=2 2 2 2 2 2 2 2 2 2 2 2 2 2 2 2 2 2 2 2 2 2 2 2 2 2 2 2 2 2
left_child=1 11 3 8 7 26 28 -5 9 10 -2 16 15 -14 -15 -13 21 -18 -10 -20 -9 24 -23 -17 -1 -11 -6 -8 -4 -3
right_child=2 29 6 4 5 -7 27 20 18 25 -12 12 13 14 -16 23 17 -19 19 -21 -22 22 -24 -25 -26 -27 -28 -29 -30 -31
leaf_value=-0.039455226054455436 -0.044449430686612244 0.099943332382490757 -0.045951197981194382 0.093281756277647176 -0.048797147484023598 -0.29569188964221288 -0.0053022061019350518 0.029170649806868277 0.04077269919966757 -0.014031241409211977 -0.0015822197126365155 -0.063137031700250312 -0.22863152362378036 -0.24329790192115014 -0.033021408010306279 -0.015300686496338018 -0.069774103027571754 0.03697442544195375 0.0075160933624892137 -0.069615797691829379 -0.0010921813342115838 -0.065732825539895443 0.053842663997598489 0.029512575597592697 0.0090967607948455338 -0.067690399745745908 0.041763498302245336 0.061307154701498535 0.034263188157652488 0.041985155364077764
leaf_weight=3.149787992835626 10.320186012482734 1.6129403635859483 2.0460487519740114 1.3668319531716395 3.3956653280765741 0.28045044839382161 1.0526292424765413 11.095568773220291 4.8536241489928242 2.9886000721598966 29.901306960004149 2.2175582568161252 0.52190679998602529 0.36019163110177022 7.2368303340917919 5.5980166061781373 2.8229411595311826 0.98658025264739979 9.4345770852523838 2.388556678663007 45.812130878330208 3.0812020499142809 0.97292124014347781 10.686218929477034 156.45071925071534 9.2324283715570328 0.97230014982051205 5.3957043818081729 0.85557888355106104 2.1769682925078087
leaf_count=290 354 4 82 6 338 2 17 95 36 294 702 21 11 77 354 305 136 8 157 90 730 134 6 87 8829 1030 25 122 8 55
internal_value=0.000789632 0.00447084 -0.00436212 -0.00664394 0.00306901 -0.0447505 0.0278622 0.00688346 -0.0154862 -0.0223658 -0.0125813 0.00325663 -0.0133811 -0.0549246 -0.0429911 0.00484895 0.00590143 -0.0421286 0.00614779 -0.0080664 0.00480831 0.00701946 -0.0370367 0.0141072 0.00813857 -0.0545683 -0.0286385 0.0504338 -0.022299 0.0666515
internal_weight=339.267 197.875 141.392 132.042 62.9229 4.64842 9.34996 58.2745 69.1193 52.4425 40.2215 194.085 26.6207 8.11893 7.59702 18.5018 167.464 3.80952 16.6768 11.8231 56.9077 163.655 4.05412 16.2842 159.601 12.221 4.36797 6.44833 2.90163 3.78991
internal_count=14405 10317 4088 3859 1196 365 229 831 2663 2380 1056 10258 855 442 431 413 9403 144 283 247 825 9259 140 392 9119 1324 363 139 90 59
is_linear=0
shrinkage=0.05


Tree=167
num_leaves=28
num_cat=0
split_feature=6 18 5 5 5 1 9 0 18 16 16 7 6 1 3 9 3 1 18 16 4 1 10 1 15 1 10
split_gain=2.71942 2.71909 1.94451 5.46678 4.19637 3.67454 3.49872 6.20318 3.4906 3.26659 2.84798 3.69682 3.6082 1.07416 0.187942 0.0926844 0.00381479 0.00260222 0.000829759 0.000528003 0.000226642 0.000223187 0.00012162 8.57239e-06 8.1406e-06 6.63788e-06 3.14351e-06
threshold=0.11343089017001066 83.500000000000014 0.086743710087794898 0.084668555379915647 0.10582385076528171 0.10021843759488121 3.5000000000000004 0.72156792546909421 11.500000000000002 0.35388994307400384 0.051414221517314306 0.10718494091408032 0.20935139511570788 0.72285972251239927 0.52993420370264011 15.500000000000002 0.33050075855130473 0.41154796575205704 26.500000000000004 0.54110360360360377 0.74122592202978199 1.3125724938859344 6.5000000000000009 0.98806327284726037 0.091507177033492829 0.97613910834839468 5.5000000000000009
decision_type=2 2 2 2 2 2 2 2 2 2 2 2 2 2 2 2 2 2 2 2 2 2 2 2 2 2 2
left_child=15 2 3 10 6 -6 7 -4 -7 -8 12 -12 -2 -5 -15 17 22 -1 19 20 -19 24 23 25 -20 -3 -25
right_child=1 16 4 13 5 8 9 -9 -10 -11 11 -13 -14 14 -16 -17 -18 18 21 -21 -22 -23 -24 26 -26 -27 -28
leaf_value=-0.059676418582168426 -0.02311553394542774 -0.050125331023433931 0.0021806834012665349 0.095988394608467156 -0.062616184519526857 0.0087003573514298823 -0.013937638903709674 -0.065027139870098241 -0.010060647696737264 0.051077654125590136 0.0061752579989708661 -0.012544384085970993 0.014137979749390095 0.027740101214265046 0.057682040958414428 -0.085935042533613545 -0.057235918392751578 -0.053042991859810477 -0.050199628415639554 -0.051413787196146504 -0.05473352567199289 -0.052459763296620679 -0.051607120027332358 -0.050059827603579771 -0.050929369468496827 -0.050550547433783045 -0.050505670225930978
leaf_weight=0.13585610687732641 7.1320199929177752 0.18565735797164995 5.792621510103344 1.5958508923649781 2.2053366489708415 75.675742915016599 9.8779534493805823 8.4295937435526884 36.873469483980443 2.4017298426479092 63.7089604564826 45.004428548680153 73.31667406699853 1.1312442768248732 0.97647276520729054 0.2433030605316161 0.21115699410438526 0.37158602490671888 0.35463221596728534 0.27790298627223819 0.42503441008739173 0.166304371698061 0.14604440302355204 1.7271255375962935 0.042833151761442423 0.18151065516576637 0.040462084813043364
leaf_count=1 447 247 32 4 27 768 94 278 2687 19 862 1727 4043 46 4 1 2 42 239 31 9 13 10 2681 3 41 12
internal_value=0.000882008 0.00122889 0.00161698 0.00488135 -0.00284005 0.00130143 -0.0207729 -0.0376538 0.00255386 -0.00122158 0.00370347 -0.00157417 0.0108353 0.0650424 0.0416117 -0.0569954 -0.0508064 -0.0530267 -0.0524753 -0.0532903 -0.053945 -0.0509218 -0.0502112 -0.0501157 -0.0502783 -0.0503355 -0.05007
internal_weight=338.632 336.614 334.122 192.866 141.256 114.755 26.5019 14.2222 112.549 12.2797 189.162 108.713 80.4487 3.70357 2.10772 2.01745 2.49196 1.77415 1.63829 1.07452 0.79662 0.56377 2.2808 2.13476 0.397465 0.367168 1.76759
internal_count=14370 14031 11038 7133 3905 3482 423 310 3455 113 7079 2589 4490 54 50 339 2993 338 337 82 51 255 2991 2981 242 288 2693
is_linear=0
shrinkage=0.05


Tree=168
num_leaves=22
num_cat=0
split_feature=5 18 0 0 12 8 8 5 6 11 19 8 3 17 7 3 3 10 19 8 0
split_gain=2.57298 2.56407 2.30828 9.44162 7.4875 6.55718 5.9776 5.76927 4.64674 3.51614 3.10993 3.13846 2.32455 0.82822 0.234645 0.0969468 0.0032643 0.000105835 3.90079e-06 4.05909e-06 2.71306e-06
threshold=0.35019181444754016 83.500000000000014 0.99600798452680117 0.73212339746711763 1.4285762823375292 0.57517209639616285 -0.16273412639764764 0.018807192498785 0.12667605852839928 0.2156950842406623 2.1777825801545827 1.3506663390590101 0.26681039847579663 0.46211251435132039 0.32494762834341007 0.3504523981630413 0.33050075855130473 6.5000000000000009 0.45149425184595676 1.7291277977819304 0.90000385134829253
decision_type=2 2 2 2 2 2 2 2 2 2 2 2 2 2 2 2 2 2 2 2 2
left_child=1 2 3 5 10 6 -1 -7 -5 -10 11 -4 -12 -6 -2 -15 17 18 19 -3 -20
right_child=14 16 4 8 13 7 -8 -9 9 -11 12 -13 -14 15 -16 -17 -18 -19 20 -21 -22
leaf_value=0.0031468413078601272 -0.10264706640480065 -0.05021253129526182 0.0048378192677438897 0.063541926768970677 -0.11465714902046867 -0.044039210208866073 -0.029311964706500174 0.038617059517585414 -0.060515140633780655 0.016076006305265015 0.0019009943177659373 -0.016595164996188579 0.03417002819092349 -0.048927766542325911 -0.056358175031151828 -0.073108768707036684 -0.056837838691181232 -0.051542185681711053 -0.050381798593149431 -0.050831276777288797 -0.050066979570718109
leaf_weight=50.056267213367391 0.42330098175443598 0.31232664801063981 183.7507111277373 0.95579680087393981 0.97917430102825109 2.4359167269431081 19.792598928383086 15.831918253679758 11.57287281801109 1.7213554533082049 8.971758290659638 18.830507227350608 14.766523223835973 1.1620133647811597 0.77506496186833829 0.64434319548308838 0.20222984999418248 0.1377151560736819 0.071392546131393231 0.028964067343622446 1.6519566921342614
leaf_count=552 21 348 8229 24 5 27 190 128 499 44 111 1318 114 58 31 6 2 9 64 10 2617
internal_value=0.000424402 0.000686896 0.00106009 -0.00518199 0.00384913 0.000924518 -0.00605079 0.0275953 -0.0429423 -0.050598 0.00485192 0.00284556 0.0219741 -0.0776266 -0.0727089 -0.0575533 -0.0507584 -0.0502001 -0.0501106 -0.050265 -0.05008
internal_weight=335.075 333.876 331.472 102.367 229.105 88.1167 69.8489 18.2678 14.25 13.2942 226.319 202.581 23.7383 2.78553 1.19837 1.80636 2.40458 2.20236 2.06464 0.341291 1.72335
internal_count=14407 14355 11305 1464 9841 897 742 155 567 543 9772 9547 225 69 52 64 3050 3048 3039 358 2681
is_linear=0
shrinkage=0.05


Tree=169
num_leaves=25
num_cat=0
split_feature=6 3 3 8 9 10 5 0 8 1 1 18 16 1 4 0 6 18 15 15 1 15 3 18
split_gain=1.90396 1.77712 2.35828 2.07902 1.70887 2.05253 1.95385 1.70031 1.32606 1.60896 0.00197838 0.000785673 0.000425634 0.000196011 0.000194817 0.000367994 1.24933e-05 1.04506e-05 1.04166e-05 6.85924e-06 2.97867e-06 1.44373e-06 6.07811e-07 2.65644e-07
threshold=0.11343089017001066 0.11764829922345731 0.11819451774647034 0.67118981373807374 25.500000000000004 6.5000000000000009 0.001970970552731184 0.99600798452680117 0.69281116730516612 1.0000008508914793 0.41154796575205704 26.500000000000004 0.54110360360360377 1.3125724938859344 0.74122592202978199 0.99999980854987547 0.61310343308882287 6.5000000000000009 0.17902930402930406 0.091507177033492829 0.74163536167051902 0.080322580645161304 0.11816395653618708 78.500000000000014
decision_type=2 2 2 2 2 2 2 2 2 2 2 2 2 2 2 2 2 2 2 2 2 2 2 2
left_child=10 17 3 16 5 7 -7 -4 -5 -10 -1 12 14 19 15 -12 22 -2 21 20 -13 23 -3 -19
right_child=1 2 4 8 -6 6 -8 -9 9 -11 11 13 -14 -15 -16 -17 -18 18 -20 -21 -22 -23 -24 -25
leaf_value=-0.058852529475704775 -0.050619365436188203 -0.050180486502018874 -0.0052163159352155049 0.12587346807863711 -0.06415282934163781 0.053200689422878367 0.006495768992118213 0.0026602263900655557 -0.050477669184557872 0.078365469442730901 -0.054590395511721117 -0.050548028124245997 -0.051425343926909131 -0.052511704006245191 -0.054558668770092911 -0.051378228140419084 -0.05081733187112876 -0.050068847999579426 -0.051157909449675423 -0.050887700298206467 -0.050144644941075948 -0.050262896993512746 -0.050369901352465177 -0.050024339321410073
leaf_weight=0.12779304385185142 0.095242736744693413 0.10145180136896614 100.52471677906578 0.73721554479561735 1.0143280727206718 3.5272640888579172 6.1324130943976343 215.18634971497522 0.34456235228572019 0.8164708660915494 0.17437160899862647 0.053805643110535928 0.25316640338860452 0.1295618960284628 0.3960643750615418 0.1824634088843593 0.23703002877300605 1.0005111906793898 0.022121686488389858 0.040970887988805771 0.30621723535296042 0.08746364276157681 0.072704076766967773 0.50416327570565034
leaf_count=1 12 36 1549 6 10 36 63 9509 61 13 7 7 29 13 9 35 28 971 1 3 243 36 13 1622
internal_value=0.000468005 0.000736721 0.00100117 0.0513494 0.000644917 0.000846921 0.0235502 0.000152278 0.0734289 0.0401284 -0.052875 -0.0523779 -0.0531989 -0.050821 -0.0537952 -0.0529479 -0.0505811 -0.0501104 -0.0500804 -0.0502747 -0.0502049 -0.0500654 -0.0502596 -0.0500539
internal_weight=332.068 330.404 328.695 2.30943 326.385 325.371 9.65968 315.711 1.89825 1.16103 1.66441 1.53662 1.00607 0.530556 0.752899 0.356835 0.411186 1.7095 1.61426 0.400994 0.360023 1.59214 0.174156 1.50467
internal_count=14313 13966 11324 157 11167 11157 99 11058 80 74 347 346 80 266 51 42 77 2642 2630 253 250 2629 49 2593
is_linear=0
shrinkage=0.05


Tree=170
num_leaves=31
num_cat=0
split_feature=0 6 0 7 15 7 17 15 0 8 16 1 7 7 19 19 1 19 19 0 0 19 8 0 8 15 8 1 8 0
split_gain=2.03751 3.88022 3.19211 1.96768 3.85793 3.10798 4.77314 6.26424 9.3972 4.06786 3.25712 2.85454 3.55356 2.61979 2.54867 5.11064 2.69871 2.24834 2.21988 0.900301 3.35053 0.7925 0.665626 0.0413035 0.00919655 0.0111969 0.00666608 0.00349672 0.00077922 0.000376209
threshold=1.000230123974984 0.73576623743230651 2.2584466459382786 -1.0061724284617068 0.12326685660018995 -0.52397714857510425 0.39339826839826847 0.027212143650499818 0.99999980854987547 -0.14799246722212786 0.24688317685085426 0.41154796575205704 9.7558890299480296 -0.8710497808873513 0.45421879159031625 0.46409884013214647 1.0000029381257345 5.7405072904009726 0.43052354735915993 1.2082988123439498 1.2305378533845428 0.86370314655063052 0.02815163973724218 1.0009956174484478 -0.35747395171466556 0.133974358974359 -0.39333090527602471 0.78492360720100185 -0.13407014732320882 1.9521215774443281
decision_type=2 2 2 2 2 2 2 2 2 2 2 2 2 2 2 2 2 2 2 2 2 2 2 2 2 2 2 2 2 2
left_child=3 19 28 4 17 6 9 8 -8 -5 -9 12 18 -11 16 -16 -13 21 -7 23 -21 -1 -6 -2 26 -26 -25 -22 -3 -30
right_child=1 2 -4 5 22 11 7 10 -10 13 -12 14 -14 -15 15 -17 -18 -19 -20 20 27 -23 -24 24 25 -27 -28 -29 29 -31
leaf_value=-0.03216563016967966 -0.07667478325903973 -0.054300883859737997 0.060082821303292171 0.049881540502246607 0.057054412715108818 -0.065582157918496364 -0.04382992321080692 -0.064349905739196661 0.059754473042592765 0.027917818165951389 -0.0037412035656350755 0.0079509160342989601 0.023619103683920117 -0.031128470967807038 -0.054940586518510082 0.0023259469866424324 0.040951209076915782 0.020662549587966202 -0.0081697094258816726 0.043714055849364171 -0.056400670979614209 -0.10122509938323837 0.026755651669323796 -0.055174502444694233 -0.051500780439901854 -0.058929328051383116 -0.063746812699256195 -0.051759633519214546 -0.050452050476487036 -0.053647589344432561
leaf_weight=0.9282513440411988 0.22914732364006196 0.41743185999803278 2.1706630811095238 4.33778732828796 3.8179103806614876 4.2949390667490643 4.7136139039648679 9.7947468732018006 4.0888288787973615 2.9239304224029175 2.8650915808975688 24.842698214270058 2.7843868592754006 5.2542790398001644 3.9625336074823272 231.87386873437208 8.253556531009961 1.5331712067127226 2.7692501731216908 1.3102349240798501 0.48720990493893657 0.75194924464449286 3.4512874223291874 0.49095929239410907 2.0539778556121755 0.67361999861896027 0.42147389409365121 2.4305480504408479 0.33760510111460373 0.12665942311286926
leaf_count=37 3 17 9 14 22 42 43 87 94 18 16 1207 15 39 975 10181 186 6 15 11 33 8 23 31 672 7 11 256 212 2
internal_value=0.000468201 -0.0205467 0.0274951 0.00119306 0.0225017 0.000478877 -0.013798 -0.0281089 0.00428614 0.0107421 -0.0506333 0.00221897 -0.0242198 -0.0100178 0.00318718 0.00136375 0.0161805 -0.0231205 -0.0430758 -0.0386568 -0.0227076 -0.0630722 0.0426691 -0.0560851 -0.054789 -0.0533354 -0.0591342 -0.0525346 -0.0527333 -0.0513238
internal_weight=334.392 11.1495 3.05236 323.242 10.4826 312.76 33.9783 21.4623 8.80244 12.516 12.6598 278.781 9.84858 8.17821 268.933 235.836 33.0963 3.21337 7.06419 8.09717 4.22799 1.6802 7.2692 3.86918 3.64003 2.7276 0.912433 2.91776 0.881696 0.464265
internal_count=14292 1264 240 13028 96 12932 311 240 137 71 103 12621 72 57 12549 11156 1393 51 57 1024 300 45 45 724 721 679 42 289 231 214
is_linear=0
shrinkage=0.05


Tree=171
num_leaves=31
num_cat=0
split_feature=0 0 8 8 4 11 0 7 6 6 12 8 2 8 5 17 6 15 6 11 1 3 4 12 1 15 5 3 0 15
split_gain=2.49706 10.2248 6.88167 7.83186 7.07346 6.65289 4.80382 5.69981 4.66497 3.88068 3.86316 4.5821 5.35239 4.80651 3.86392 3.29346 5.80942 5.43264 3.11037 2.91191 2.85743 2.77883 2.76064 2.44921 2.16237 1.95724 1.4825 0.888679 0.836163 0.722716
threshold=0.99600798452680117 0.73212339746711763 0.47091017318790929 -0.14799246722212786 0.35994630701401659 0.19648175498374612 0.70000566694608735 -0.054074501738053136 0.12667605852839928 0.71374021395288345 1.5000004691927546 0.20427727673448706 0.0078627143809997975 0.22223927937610208 0.12725266599966814 0.63764683592269811 0.31599526453499849 0.33589743589743598 0.22378703801318856 0.14013267773940871 0.64463252499111656 0.48510674869312964 0.37536456538181684 1.2499985716002617 0.8519107149070414 0.32379032258064522 0.014012648389230367 0.33487493228289039 0.90597971050851256 0.17902930402930406
decision_type=2 2 2 2 2 2 2 2 2 2 2 2 2 2 2 2 2 2 2 2 2 2 2 2 2 2 2 2 2 2
left_child=1 2 3 6 -4 9 7 -1 -3 -5 11 15 -13 27 -15 18 26 -18 22 21 -20 -6 -2 25 -12 28 -17 -14 -10 -26
right_child=10 8 4 5 19 -7 -8 -9 23 -11 24 12 13 14 -16 16 17 -19 20 -21 -22 -23 -24 -25 29 -27 -28 -29 -30 -31
leaf_value=0.029731056254039108 0.04639021495205168 0.058526965232463563 -0.054721552996498585 -0.043840266090330489 0.056277363421798038 0.025503183685835457 -0.053525084072013208 -0.0072090565664789446 -0.064970887659142343 -0.12148980890901598 0.021025492105749895 -0.064807196561034328 -0.05701893699114674 -0.0076477701328154755 0.01269552054974294 -0.009716331734677279 0.010085339373182289 -0.14460069008011098 -0.030285837190490713 -0.0061240543561254766 0.013311132666065359 0.00035789720013475559 -0.0014507882273011336 0.0006258608514572593 -0.059597707532369128 -0.14375343138922966 -0.056637410461859418 0.029490343229572242 -0.026405499616724188 -0.12114392616253178
leaf_weight=15.866502081509674 12.558269752524213 0.96325479508959588 2.4615912272129234 10.868186834501101 11.591048303176651 3.1793956174224141 3.7347119998885381 30.546728482993782 8.5430127686413435 1.8886700813309278 0.66206136345863287 3.5572336124023414 4.4864137175172791 62.877384553408774 37.12165014364291 2.5060296540614209 31.480059915716993 0.57803099602460761 4.0149733629077664 3.3648205674253395 58.812378652510233 2.7484452351927748 3.9682690632762379 1.67788010573713 1.2496175046981082 0.72296197712421495 5.1286162947944831 0.31790072302101169 1.682290216354885 0.77145294845104206
leaf_count=111 123 36 33 120 99 42 32 420 456 16 3 116 2195 3970 1532 376 2745 7 30 28 761 25 53 25 61 4 502 10 348 4
internal_value=-0.000620152 -0.00722361 -0.00087224 -0.00867408 0.0246946 -0.0392083 0.00102923 0.00541903 -0.0475349 -0.0553364 0.00224518 0.00294892 -0.00449022 -0.00244294 -9.5932e-05 0.0097203 -0.0020386 0.00729624 0.0156021 0.0357365 0.0105251 0.0455593 0.0349029 -0.0556264 -0.0573997 -0.0642474 -0.0412358 -0.0512946 -0.058626 -0.0830902
internal_weight=329.93 99.8395 86.2501 66.0842 20.1659 15.9363 50.1479 46.4132 13.5894 12.7569 230.09 227.407 108.361 104.803 99.999 119.047 39.6927 32.0581 79.3539 17.7043 62.8274 14.3395 16.5265 12.6261 2.68313 10.9483 7.63465 4.80431 10.2253 2.02107
internal_count=14283 1795 926 741 185 178 563 531 869 136 12488 12420 7823 7707 5502 4597 3630 2752 967 152 791 124 176 833 68 808 878 2205 804 65
is_linear=0
shrinkage=0.05


Tree=172
num_leaves=30
num_cat=0
split_feature=0 0 0 0 3 3 8 16 18 1 16 16 12 18 8 7 0 0 18 15 1 0 15 15 18 17 3 15 18
split_gain=2.06862 3.40528 2.05365 2.6195 1.74748 1.93131 1.89525 1.68164 5.36811 3.19063 2.79708 4.05053 2.65531 1.93539 1.06522 1.67191 0.518653 0.0340669 0.0131467 0.0126458 0.00163786 0.000879211 0.000225345 8.90286e-06 8.39466e-06 5.16478e-06 3.20518e-06 1.18693e-06 2.21149e-07
threshold=1.000230123974984 1.2082988123439498 1.2305378533845428 2.2584466459382786 0.11764829922345731 0.11819451774647034 0.67118981373807374 0.57359307359307377 3.5000000000000004 0.97613910834839468 0.49468085106382981 0.43019480519480524 1.368585927421911 11.500000000000002 0.69281116730516612 0.60165447011543394 2.6910446833943058 1.0009956174484478 1.5000000000000002 0.133974358974359 0.66471074773163552 1.0038709943789581 0.084926072845293923 0.17902930402930406 6.5000000000000009 0.95675549322113151 0.11816395653618708 0.080322580645161304 73.500000000000014
decision_type=2 2 2 2 2 2 2 2 2 2 2 2 2 2 2 2 2 2 2 2 2 2 2 2 2 2 2 2 2
left_child=4 17 -3 20 23 6 25 10 9 -9 11 -7 -10 -12 -8 -16 -5 -2 -19 21 -4 -20 -22 24 -1 26 -6 28 -26
right_child=1 2 3 16 5 7 14 8 12 -11 13 -13 -14 -15 15 -17 -18 18 19 -21 22 -23 -24 -25 27 -27 -28 -29 -30
leaf_value=-0.050565454519949343 -0.074123772984046127 0.04749314733450314 -0.055523415793560141 0.044319509323332139 -0.050259753885930285 0.0021360207959270753 0.11365067283814484 0.013159095912584622 -0.051343185352854884 -0.063116334117794798 0.028492913772317375 -0.05826445697503288 0.023944715234198319 -0.023513437414465418 0.078643221747453862 -0.050481571543700858 -0.0010388185712987856 -0.062378604602642322 -0.052383065904559892 -0.05854914645322206 -0.051410558051669469 -0.050589580425259989 -0.052735297679945718 -0.051117497393980416 -0.0500677535788904 -0.050788395257891077 -0.050606492363630018 -0.0502512317827183 -0.05002724017528537
leaf_weight=0.087901574093847468 0.22670937451766615 1.8020810765447093 0.31590142846107516 1.2109155505895617 0.15116498351562713 269.66061894276936 0.76872871653176833 15.499145834357483 8.136200843669938 1.5040788721526031 15.113253314048054 2.8045611133566117 1.368044998962431 2.0291299288510336 0.79123659955803283 0.36694793426431715 1.3142539255786685 0.43865852372255165 1.5037602737429558 0.84836185351014126 1.6975645159254784 1.2525064143628695 0.39587866666261096 0.021383466199040302 0.88727510512398999 0.1381796533241868 0.11920576146803796 0.079192118602804729 0.54297590116038918
leaf_count=12 5 12 20 7 44 9194 7 403 373 29 110 83 7 91 7 68 33 5 114 8 258 814 12 1 873 22 16 34 1692
internal_value=0.000981906 -0.020331 0.00181085 -0.0148723 0.00171482 0.00197822 0.0472796 0.00164353 -0.0104106 0.00641189 0.00274683 0.0015143 -0.0405062 0.022337 0.0680196 0.0377326 0.0207122 -0.0552632 -0.0542057 -0.0532111 -0.0521675 -0.0515681 -0.0516611 -0.050104 -0.0500905 -0.0505397 -0.0504126 -0.0500628 -0.0500524
internal_weight=331.076 11.0066 6.7366 4.93451 320.069 318.45 2.33546 316.115 26.5075 17.0032 289.608 272.465 9.50425 17.1424 1.92691 1.15818 2.52517 4.27 4.04329 3.60463 2.40934 2.75627 2.09344 1.61873 1.59734 0.40855 0.270371 1.50944 1.43025
internal_count=14354 1288 342 330 13066 10454 164 10290 812 432 9478 9277 380 201 82 75 40 946 941 936 290 928 270 2612 2611 82 60 2599 2565
is_linear=0
shrinkage=0.05


Tree=173
num_leaves=29
num_cat=0
split_feature=6 18 1 17 14 7 8 8 11 15 7 18 6 14 5 6 19 8 10 16 6 19 4 15 16 15 4 19
split_gain=3.06561 2.49617 1.9578 2.92933 2.50728 2.22806 4.39694 4.37279 3.71305 5.07982 3.38888 4.62034 4.99049 4.50173 4.23902 3.38212 2.71701 1.6665 1.4232 2.89889 1.37081 0.653299 0.521857 0.29333 0.0388528 0.00173336 0.00027476 0.000157612
threshold=0.13546192957499817 2.5000000000000004 1.7184139415223687 0.58561221975856126 0.053101503759398504 0.69813284642938445 0.74594613778068453 0.63774670632365427 0.19648175498374612 0.066228070175438608 0.228940306806133 69.500000000000014 0.39345812416490017 0.46998799519807927 0.073912760790656604 0.66137480195205489 0.67254193223561287 0.24701981345254145 5.5000000000000009 0.013245614035087722 0.33642751140498844 0.49267406676818065 0.31868751518755295 0.15450928381962867 0.14232409381663116 0.055250305250305255 0.78835235545837812 1.5367321187396386
decision_type=2 2 2 2 2 2 2 2 2 2 2 2 2 2 2 2 2 2 2 2 2 2 2 2 2 2 2 2
left_child=1 -1 5 17 18 10 7 16 9 -8 13 12 -12 14 -2 -13 -7 22 19 -5 -9 -15 24 25 -4 26 27 -3
right_child=2 23 3 4 -6 6 8 20 -10 -11 11 15 -14 21 -16 -17 -18 -19 -20 -21 -22 -23 -24 -25 -26 -27 -28 -29
leaf_value=0.017545676964239639 0.0064946705798669541 -0.050528346217173919 0.052053173443427726 0.045179115895754192 -0.080901499718956715 0.021550533435660529 -0.027761607473115096 0.09547089996067315 -0.092480164483338789 0.03348066148651524 0.0028680166510231322 -0.05027861931035385 -0.029048933821661439 0.063337568502960961 -0.0087997263540180847 0.05883322223505319 -0.00351008413912082 -0.01736906118436218 0.037715557371054469 -0.04835848937002768 0.034806311078760498 0.029109655299683568 0.02260428829508385 -0.082320240115016513 0.043134588686493697 -0.054144021505700968 -0.053613905904854667 -0.05197954654284026
leaf_weight=1.3149063040036697 91.612123157159658 1.1001569561340154 4.5230392636731285 1.2932689122389995 1.0251953159240654 25.17043302001548 10.223585369181821 1.99039814970456 1.4026288532768365 5.0627335524186483 19.092552378133405 0.89630992221645911 34.159771558974171 2.4992372086853711 89.627504919393687 3.420493984798668 18.964351001515752 1.3754090131260444 2.019837488187477 2.3040188932791352 1.7499034180655142 3.1526742223795736 2.5058095798594877 1.3033710271120069 1.6727774506434796 0.61086117546074081 0.091096401214599498 0.22544024125090789
leaf_count=21 5237 490 56 36 15 1301 1075 20 39 45 726 603 1189 24 2412 440 198 19 24 117 59 50 37 6 28 21 4 29
internal_value=-0.000457453 -0.0407868 0.000117733 0.0167826 -0.00899545 -0.000783899 0.00747735 0.0151812 -0.0146225 -0.00747855 -0.00296576 -0.0135728 -0.0176058 0.000301576 -0.00106879 0.036178 0.0107822 0.0337744 0.0041283 -0.0147306 0.0670889 0.044245 0.0418583 -0.063814 0.0496453 -0.0519177 -0.0509577 -0.0507751
internal_weight=330.39 4.64583 325.744 16.7194 6.64232 309.025 64.564 47.8751 16.6889 15.2863 244.461 57.5691 53.2523 186.892 181.24 4.3168 44.1348 10.077 5.61713 3.59729 3.7403 5.65191 8.70163 3.33093 6.19582 2.02755 1.41669 1.3256
internal_count=14321 571 13750 332 192 13418 2737 1578 1159 1120 10681 2958 1915 7723 7649 1043 1499 140 177 153 79 74 121 550 84 544 523 519
is_linear=0
shrinkage=0.05


Tree=174
num_leaves=28
num_cat=0
split_feature=1 7 8 9 15 8 8 17 8 7 7 6 7 2 8 8 2 5 0 15 11 4 3 7 3 6 15
split_gain=3.12409 1.89944 4.71676 4.06533 4.61261 3.4031 4.3193 3.93269 3.23082 3.94088 4.59021 5.34242 4.13392 3.75682 6.94113 5.00933 4.08924 3.6763 3.12757 3.03061 3.0146 2.78728 2.70993 2.10721 1.24719 1.03219 0.743593
threshold=0.10021843759488121 0.69813284642938445 0.74594613778068453 7.5000000000000009 0.066228070175438608 0.63774670632365427 0.20427727673448706 0.96352549889135264 0.72488549009415104 -1.0061724284617068 -0.50000080733447205 0.23316589509597935 -0.11770411180182584 0.22142803591061264 1.3089136307907405 1.6472935015499592 0.21481330721986064 0.01577841084655705 2.2584466459382786 0.12326685660018995 0.0040492532523391843 0.17663909180878429 0.26036183525851841 1.0800707262200955 0.49366807625963799 0.33642751140498844 0.083722741433021816
decision_type=2 2 2 2 2 2 2 2 2 2 2 2 2 2 2 2 2 2 2 2 2 2 2 2 2 2 2
left_child=24 8 5 4 18 6 21 -8 9 19 11 -11 -12 16 17 -16 22 -15 -4 20 -2 -3 -10 -6 -1 -7 -27
right_child=1 2 3 -5 23 25 7 -9 13 10 12 -13 -14 14 15 -17 -18 -19 -20 -21 -22 -23 -24 -25 -26 26 -28
leaf_value=-0.014028696069440329 0.05454116005863649 -0.050510666202082236 -0.038482225206057014 -0.10134190107137708 0.067312219961910572 0.084546908895409986 -0.043665660073004132 0.024322419435908099 -0.0072344482452218351 0.02229290870817564 0.0064387610580936561 -0.03644877001116862 -0.0094005760694995805 0.045981180043926012 -0.092408432597183551 -0.011601807564067233 0.087394299868717981 -0.005885850442429277 0.059726952484868784 0.047068592069741337 -0.075526243719271524 0.022613055839729276 0.025296982342064137 0.00026389393070583403 -0.064274342744801913 -0.0097404964220686417 0.057639582774308841
leaf_weight=2.3808857388794413 0.7232117214880408 1.3567686824389955 8.3901569713634636 1.2894596406258632 2.210986857302486 2.080508000857662 5.834650029850307 3.3471707387216156 9.2912212855299057 4.732484474443484 67.587220720524783 21.25479017161706 105.48529809858883 5.5128606393991531 3.2190812240587539 4.7448188378184568 2.0980089099612078 8.983778621448435 0.89737461088225323 6.0397641360759735 1.1600590888701843 32.992968260412454 20.583948821295053 2.4933680517133325 2.5661380626261234 0.65420581022044633 1.0944921821355817
leaf_count=19 27 110 1174 25 13 40 750 381 367 49 1671 292 7442 146 128 419 20 451 10 36 24 426 174 34 25 57 4
internal_value=-0.000658385 -5.63934e-05 0.00776356 -0.0163903 -0.00856139 0.015557 0.0115819 -0.0188811 -0.00193026 -0.00478079 -0.00615722 -0.0257515 -0.0032151 0.00890883 -0.00676333 -0.0442646 0.0199182 0.0138384 -0.0289931 0.0298008 -0.0255779 0.0197248 0.0151797 0.0317758 -0.0400923 0.0607474 0.032432
internal_weight=329.006 324.059 62.6421 15.2813 13.9919 47.3608 43.5316 9.18182 261.417 206.983 199.06 25.9873 173.073 54.4337 22.4605 7.9639 31.9732 14.4966 9.28753 7.92303 1.88327 34.3497 29.8752 4.70435 4.94702 3.82921 1.7487
internal_count=14314 14270 3024 1256 1231 1768 1667 1131 11246 9541 9454 341 9113 1705 1144 547 561 597 1184 87 51 536 541 47 44 101 61
is_linear=0
shrinkage=0.05


Tree=175
num_leaves=31
num_cat=0
split_feature=16 18 1 1 19 12 6 0 0 12 17 2 0 5 17 0 19 1 7 6 5 7 6 8 15 8 7 0 1 5
split_gain=2.3639 4.1983 3.15861 3.58708 2.79342 2.74214 2.60336 2.57467 2.84947 4.67765 4.68811 5.20905 4.24335 4.24334 3.01171 2.61564 2.3921 2.19601 1.8961 1.5142 1.24554 1.15966 0.610981 0.502637 0.469004 0.341387 0.264882 0.147322 0.0653043 0.0165994
threshold=0.57359307359307377 3.5000000000000004 0.96791967683696001 0.64463252499111656 0.44806282800178016 1.368585927421911 0.88034820074986941 0.54000395823132641 0.69999816845880403 1.4285762823375292 0.5300120048019209 0.016853039026482993 0.69999925015597209 0.17277127846866011 0.28730158730158734 0.66666568282841698 0.67254193223561287 0.97104273854334489 -0.054074501738053136 0.56914133904187858 0.014012648389230367 1.3313084831017938 0.50872468466710574 -0.90822864495876787 0.17902930402930406 -0.72859526607884362 0.95187842417873048 0.99999980854987547 1.0814992030041923 0.12027388927983304
decision_type=2 2 2 2 2 2 2 2 2 2 2 2 2 2 2 2 2 2 2 2 2 2 2 2 2 2 2 2 2 2
left_child=7 2 3 4 18 20 22 19 13 10 11 -10 -12 14 -9 -16 -15 -11 -2 26 21 -3 -5 -22 -19 -25 -1 -4 -29 -6
right_child=1 5 27 6 29 -7 -8 8 9 17 12 -13 -14 16 15 -17 -18 24 -20 -21 23 -23 -24 25 -26 -27 -28 28 -30 -31
leaf_value=-0.05597379799146647 0.039575189836419472 -0.052660375852950553 -0.072282888925671362 0.029803335240721013 -0.060160760863670781 0.024756864254918978 -0.050470809737705152 -0.027598627100488712 -0.024991859181424225 0.013263224086038914 -0.074153568994615074 0.011505280412522462 -0.0044441791578520287 0.012699360779635042 0.0098423784820598909 0.035673121325771794 -0.052764500576016983 -0.063439701725357123 -0.018437351645099468 -0.00024386603222925591 -0.0071578866412490066 0.052084550454844586 0.060100594073272451 -0.09384111099258266 -0.10706060182949527 -0.056789485103250818 -0.09413407342900211 -0.025731004216676286 -0.054365893261339115 -0.052128762993336054
leaf_weight=1.1750759090064087 2.4406851604580879 0.51680349436355555 1.032818369567394 3.5379223674535742 1.0249670681077989 1.436280374880879 0.81759202835382883 3.1923111751675597 10.746158748865126 0.82994167110882644 2.2232158444821826 108.34003564831801 120.87897399926442 2.3320399676449588 19.380070726154369 19.82663930114359 3.4746155044995248 1.612415035866434 3.3305359685327947 1.2638781319838015 0.47267492767423291 0.54071277944603935 3.1417016610503197 0.68930938374250939 0.99736546725034703 6.3372637678985511 0.74183089658617962 0.3048843375290734 0.57390599208883941 1.727290697279386
leaf_count=50 8 82 6 29 11 8 216 27 86 12 12 1169 11595 21 93 179 34 68 67 14 7 19 14 6 5 353 7 38 19 87
internal_value=0.00070596 -0.0132023 0.00127003 0.0085187 -0.0136705 -0.0391726 0.0337453 0.00201362 0.00249797 0.000316685 0.00113898 0.00821183 -0.00570313 0.0136125 0.0191023 0.0229049 -0.0264732 -0.0575808 0.00609651 -0.0427295 -0.0499033 0.000896171 0.0440534 -0.0570669 -0.0801101 -0.0604243 -0.0707416 -0.0594792 -0.0444314 -0.05512
internal_weight=324.94 27.9253 17.9323 16.0207 8.52348 9.99304 7.49722 297.015 293.834 245.628 242.188 119.086 123.102 48.2057 42.399 39.2067 5.80666 3.43972 5.77122 3.18078 8.55676 1.05752 6.67962 7.49925 2.60978 7.02657 1.91691 1.91161 0.87879 2.75226
internal_count=14342 970 495 432 173 475 259 13372 13301 12947 12862 1255 11607 354 299 272 55 85 75 71 467 101 43 366 73 359 57 63 57 98
is_linear=0
shrinkage=0.05


Tree=176
num_leaves=22
num_cat=0
split_feature=6 9 3 3 17 18 17 17 17 9 1 17 16 5 5 15 18 8 1 15 3
split_gain=2.14256 1.60246 1.5459 1.63588 1.58732 3.74516 2.88364 1.55183 0.942104 0.0563346 0.00132782 0.000543202 0.00034143 0.000274199 8.30582e-06 7.54461e-06 7.33495e-06 7.18315e-06 3.83591e-06 6.80624e-07 4.7969e-07
threshold=0.11343089017001066 25.500000000000004 0.11764829922345731 0.11819451774647034 0.5300120048019209 50.500000000000007 0.57223113964687011 0.95633104500381394 0.95675549322113151 15.500000000000002 0.41154796575205704 0.84021276595744687 0.57359307359307377 0.10261696927687702 0.22613555171799152 0.17902930402930406 6.5000000000000009 0.72488549009415104 0.77333514006760085 0.061697065820777171 0.21538829180150251
decision_type=2 2 2 2 2 2 2 2 2 2 2 2 2 2 2 2 2 2 2 2 2
left_child=9 2 15 7 5 -5 -6 17 -9 10 -1 12 13 -12 -14 16 -2 -4 -13 -18 -20
right_child=1 -3 3 4 6 -7 -8 8 -10 -11 11 18 14 -15 -16 -17 19 -19 20 -21 -22
leaf_value=-0.057592222464826981 -0.050540227620203673 -0.06401710315013602 -0.050338075111287774 0.0016994810430488215 -0.025082851321083323 0.033187426504043584 -0.0012531745890142264 0.10472276995543701 0.032621008905295228 -0.078921711151169471 -0.05177454550048697 -0.050498154792164268 -0.050347129215638858 -0.053680971389520597 -0.05099552656509293 -0.051054614034804414 -0.050045060820060563 -0.050803793716076497 -0.050067516997868648 -0.050170391216830507 -0.050212732678450528
leaf_weight=0.11444883048534293 0.082662547822109356 0.96894279809202899 0.24633564380928819 166.56737838147092 14.088222605758345 10.010798155009978 128.40648104269349 0.75305398274213065 1.1372283715754745 0.23216727375984181 0.29229253507219233 0.097773849614895769 0.091919122249237262 0.5317157247918658 0.10674811876378953 0.020229812711477169 1.288671723072184 0.12471283646300435 0.14156660164735513 0.11826811058563169 0.095052135118748993
leaf_count=1 12 11 61 2220 173 126 8675 2 77 1 43 17 33 22 11 1 2546 15 181 72 34
internal_value=-0.000107151 0.000187086 0.00037978 0.000616945 0.000316612 0.00348464 -0.00360918 0.0429939 0.061345 -0.0560317 -0.0524203 -0.0519841 -0.0525561 -0.0530047 -0.0506955 -0.0500955 -0.0500825 -0.0504946 -0.0502347 -0.0500556 -0.0501259
internal_weight=325.517 323.813 322.844 321.334 319.073 176.578 142.495 2.26133 1.89028 1.70368 1.47152 1.35707 1.02268 0.824008 0.198667 1.50983 1.4896 0.371048 0.334393 1.40694 0.236619
internal_count=14334 13991 13980 11349 11194 2346 8848 155 79 343 342 341 109 65 44 2631 2630 76 232 2618 215
is_linear=0
shrinkage=0.05


Tree=177
num_leaves=22
num_cat=0
split_feature=9 13 8 5 11 4 7 4 17 8 12 3 1 17 16 4 6 3 7 1 0
split_gain=2.23533 1.99708 2.00367 3.62088 5.00932 4.21775 4.45394 3.48796 3.13946 3.07326 2.9984 2.52745 2.37914 1.8028 6.40859 3.84158 1.47315 0.011288 0.00086853 0.000183049 2.56834e-07
threshold=25.500000000000004 1.0000000180025095e-35 -0.39333090527602471 0.05297552370557599 0.17037591146866057 0.21603839849334919 0.54043939498550653 0.23572505377476513 0.49666666666666676 -0.22225919446814504 1.0959734912735828 0.45631481371897847 0.94400859743805177 0.52020408163265319 0.15424266455194294 0.22226356057559746 0.38514117207933657 0.23943741492975773 -0.52397714857510425 1.5544403090052237 0.79623927340848721
decision_type=2 2 2 2 2 2 2 2 2 2 2 2 2 2 2 2 2 2 2 2 2
left_child=1 2 3 4 11 6 -5 -7 -6 10 12 -1 -4 15 -15 -11 -12 18 -3 20 -20
right_child=-2 17 9 5 8 7 -8 -9 -10 13 16 -13 -14 14 -16 -17 -18 -19 19 -21 -22
leaf_value=0.03431467332378102 -0.080620105745374593 -0.056245079654582246 0.039240507962757055 -0.024808836076068701 -0.047796579995825095 0.051989305811719594 -0.10984144173504129 -0.011875045787498891 0.0068484134652128277 0.019918735537144957 -0.075470181579925369 -0.020190881019442164 0.011852070797384671 0.00053467946489416541 -0.042399131584177803 -0.00075562804979616453 0.001640817324931324 -0.061358033788501742 -0.050313212172744898 -0.052164625432462454 -0.050060408360159361
leaf_weight=13.734718550258554 0.83270222350256418 0.10118671486270614 10.862558977853039 5.4704547849250948 4.8751280187861976 2.2911735270899944 2.1433435354847461 31.965288577324827 5.7033813234593254 33.285216260861489 1.2552493067923927 2.5165679929777971 29.361713748105103 96.205398472156958 9.5549203997361456 69.145519960322417 1.2226769729750229 0.89122453817981295 0.010562086943536997 0.20231726067140698 0.20590261550387257
leaf_count=210 9 3 143 200 44 20 16 519 75 384 22 17 591 9501 824 1219 18 38 2 12 394
internal_value=0.00119505 0.00140728 0.00166934 -0.00589637 0.00844342 -0.0150851 -0.0487462 -0.00760361 -0.0183348 0.003741 0.0159599 0.0258743 0.0192483 0.00123478 -0.00334418 0.00596258 -0.0374215 -0.0579423 -0.0520878 -0.0510834 -0.0500727
internal_weight=321.837 321.005 319.593 68.7001 26.8298 41.8703 7.6138 34.2565 10.5785 250.893 42.7022 16.2513 40.2243 208.191 105.76 102.431 2.47793 1.41119 0.519969 0.418782 0.216465
internal_count=14261 14252 13803 1101 346 755 216 539 119 12702 774 227 734 11928 10325 1603 40 449 411 408 396
is_linear=0
shrinkage=0.05


Tree=178
num_leaves=31
num_cat=0
split_feature=6 6 7 2 2 1 8 7 0 1 8 7 8 5 7 6 2 1 16 11 3 3 6 7 8 3 7 7 5 16
split_gain=1.8086 3.74933 8.88799 4.23824 10.6223 4.82372 4.00809 5.81888 3.18975 4.72729 3.07586 4.88779 5.78376 4.5119 4.25197 4.19105 3.39165 2.89201 5.41242 5.39013 3.94237 5.10479 4.45407 3.79388 7.11261 3.42843 3.04574 2.57552 2.52474 2.50044
threshold=0.65938233964265136 0.56914133904187858 1.3313084831017938 0.47645859313167005 0.48871955612943035 0.55679044481010587 0.652649378059874 1.2414405030374527 0.73212339746711763 0.9625782679105892 0.20427727673448706 0.29656281365165071 0.27052612299634954 0.073912760790656604 0.32155635633098134 0.4810098041222442 0.13268750633289614 0.9099157082659024 0.79062500000000013 0.25494558000175488 0.31048362083684394 0.1765519871431239 0.78946665235500335 -0.40355911828253266 0.52290297662694907 0.17651369057449642 -0.26449678553862771 1.0493355195724554 0.17963470664678838 0.24688317685085426
decision_type=2 2 2 2 2 2 2 2 2 2 2 2 2 2 2 2 2 2 2 2 2 2 2 2 2 2 2 2 2 2
left_child=1 6 3 5 -5 -3 10 8 -8 -10 13 12 -12 16 -13 -15 -1 19 20 23 21 25 -23 24 -2 -19 -25 -7 -28 -6
right_child=17 2 -4 4 29 27 7 -9 9 -11 11 14 -14 15 -16 -17 -18 18 -20 -21 -22 22 -24 26 -26 -27 28 -29 -30 -31
leaf_value=-0.015291036569868188 -0.093197141829324828 -0.064019569234591525 0.048046547955069845 -0.29842631879834086 -0.056454804378825191 -0.0016851141931543128 0.047021562046113172 -0.041295995403728462 -0.014086530211427282 0.029021850146860081 -0.047862307631575847 -0.19899995474791093 0.011996108142059573 -0.017471040050009226 -0.035396139888848786 0.017471954470392979 0.013521519997196769 0.014077366503531223 -0.072037832171650384 -0.098381873322657215 0.030766259997953283 -0.035157690550870431 0.011112168330958435 0.057473250577137196 0.017620009272000643 0.076527594942182059 0.011704495024122928 -0.091456626158009202 -0.026376266398886412 0.039011218442533649
leaf_weight=12.236558590549974 2.8838156140991549 4.3654726687818828 4.5449063446721985 0.44170967082027246 5.7584970361785963 17.965834136150082 9.0078196027316135 4.1458486201736369 10.248996520982475 16.758150288864272 5.2594740722997839 0.41036661034740873 17.341206883298582 42.158801917772507 12.320953181602816 10.774063842924077 61.788094295974588 7.5495632112724724 1.8114797445596185 1.4958919648488507 24.625517722219229 9.6683583447011205 11.25690209874301 2.70565041369992 2.908108776435256 3.1001522880396806 15.827790877563528 0.83615136588923533 6.0034934121067627 0.77864265930838872
leaf_count=85 32 43 105 11 905 459 74 412 352 781 1351 110 499 1056 1242 249 2151 1465 62 15 329 890 808 33 20 104 538 11 190 37
internal_value=0.00034272 -0.00194606 -0.0171338 -0.0269605 -0.0611185 -0.0166709 0.000656452 0.0147989 0.0212562 0.0126626 -0.00284329 -0.0158916 -0.00193373 0.00078802 -0.0406696 -0.0103587 0.00875869 0.00638441 0.013029 -0.00572768 0.0157709 0.00407591 -0.0102665 -0.00115775 -0.0375562 0.0322567 0.00743406 -0.00567738 0.00123248 -0.0450838
internal_weight=326.978 237.142 34.6912 30.1463 6.97885 23.1675 202.45 40.1608 36.015 27.0071 162.29 35.332 22.6007 126.958 12.7313 52.9329 74.0247 89.8367 58.012 31.8248 56.2005 31.575 20.9253 30.3289 5.79192 10.6497 24.5369 18.802 21.8313 6.53714
internal_count=14419 9933 1571 1466 953 513 8362 1619 1207 1133 6743 3202 1850 3541 1352 1305 2236 4486 3658 828 3596 3267 1698 813 52 1569 761 470 728 942
is_linear=0
shrinkage=0.05


Tree=179
num_leaves=31
num_cat=0
split_feature=9 9 4 16 14 17 5 0 0 4 19 19 11 11 7 12 18 2 4 17 16 18 8 17 11 19 3 19 2 7
split_gain=2.23276 3.616 2.60861 6.02599 5.27524 5.26437 3.8626 3.77148 8.28543 4.74158 8.13443 4.53744 4.28507 9.17506 5.70379 4.00003 3.75701 3.19553 2.95925 2.90496 2.89656 3.59938 2.17865 1.66352 1.8338 1.53127 1.65901 1.20501 1.01344 1.00421
threshold=12.500000000000002 14.500000000000002 0.51833380904852178 0.13172353961827649 0.24117158288325721 0.23861283643892342 0.069888498268875429 0.99301392515452203 0.70000566694608735 0.46093397704624695 1.4503216810985937 1.1132633492280302 0.15037864807184678 0.16262623512298294 -0.45132870619760879 1.4285762823375292 1.5000000000000002 0.52122394088047008 0.49549198952041756 0.99528301886792458 0.13712060166532369 14.500000000000002 -0.3319247457787054 0.4777667984189724 0.19527168595503658 0.49267406676818065 0.26681039847579663 0.59139303467386528 0.57321823344511158 -0.63512645822350178
decision_type=2 2 2 2 2 2 2 2 2 2 2 2 2 2 2 2 2 2 2 2 2 2 2 2 2 2 2 2 2 2
left_child=2 -2 7 4 6 16 -4 8 12 15 11 -11 14 -14 -1 17 -5 -9 29 -8 -7 -22 -3 -24 -25 -6 -27 -18 -26 -10
right_child=1 22 3 5 25 20 19 9 18 10 -12 -13 13 -15 -16 -17 27 -19 -20 -21 21 -23 23 24 28 26 -28 -29 -30 -31
leaf_value=-0.025118979070727306 0.049857752394356449 -0.0373002817037267 0.028436878744442042 0.024415596657741817 0.058726761779806971 0.10201265721086017 -0.031352434565717305 0.0075274208232702991 -0.013709913108705502 -0.034715268752064148 0.051549948344497713 -0.12555439222845019 -0.10844454913992359 -0.0092982085633537635 0.019983169654212842 -0.071758855487113388 -0.052247540875511693 -0.0080887837232614772 0.04942925014077592 -9.0978722809070052e-05 0.038303025786235317 -0.033868928756717459 0.044244823958179705 0.027392839819901593 0.0011599964651313819 -0.063113042773815978 0.052695446913832891 -0.0043235360456968094 -0.062473346837968152 -0.059813482340508685
leaf_weight=10.333386904792858 5.5955461745616075 2.8387354798614988 4.9018019940704098 5.252956592012195 3.657415891706477 1.5705478055751907 19.260132894676644 108.54324071441806 1.3169489789870539 8.8543390106060524 2.5002251096302635 1.6273470292799164 2.7908528617117581 14.236981043504782 21.794802482589148 1.819239724340149 3.5251080661546439 46.919797839611419 0.71560122317168939 12.099758776923411 18.42579834768549 1.9062751400342666 2.8550122296437594 2.4214455804321915 1.1481276117265227 0.62298661931708899 0.61407634243369102 2.0889454681891948 1.3751021905045488 11.452087586832929
leaf_count=61 58 25 31 36 30 15 969 2256 15 738 31 13 25 132 296 65 219 7800 15 170 190 206 35 28 7 84 5 24 35 720
internal_value=-0.000751168 0.0173199 -0.00170728 0.00647579 -0.0062623 0.0224739 -0.0128389 -0.00430465 -0.0147945 -0.000445395 -0.0294883 -0.0488186 -0.00527028 -0.0255482 0.00547697 0.00195178 -0.00597734 0.00281434 -0.0495136 -0.0192907 0.03659 0.0315364 0.000205739 0.0138562 -0.00368986 0.0424619 -0.00562587 -0.0344154 -0.0335187 -0.0550585
internal_weight=323.065 16.234 306.831 73.9258 41.1562 32.7696 36.2617 232.905 62.6407 170.264 12.9819 10.4817 49.156 17.0278 32.1282 157.282 10.867 155.463 13.4846 31.3599 21.9026 20.3321 10.6384 7.79969 4.94468 4.89448 1.23706 5.61405 2.52323 12.769
internal_count=14334 188 14146 1979 1289 690 1170 12167 1264 10903 782 751 514 157 357 10121 279 10056 750 1139 411 396 130 105 70 119 89 243 42 735
is_linear=0
shrinkage=0.05


Tree=180
num_leaves=23
num_cat=0
split_feature=6 15 1 13 15 19 0 0 6 19 0 17 11 17 0 0 3 1 0 8 1 0
split_gain=2.61725 2.88183 2.64443 1.86524 1.86803 3.06637 1.52382 3.54214 2.40694 1.77055 2.18343 0.592642 1.0261 0.305679 0.169702 0.0342593 0.00887309 0.00110931 0.000616693 0.000204229 0.000184845 1.52984e-07
threshold=0.89344893320642349 0.18257575757575759 1.9281085200795962 1.0000000180025095e-35 0.76388888888888895 1.2354717755000899 1.000230123974984 1.2082988123439498 0.73576623743230651 0.26361949996358019 0.99600798452680117 0.35805860805860812 0.14081795430071928 0.3712316968130922 0.90000103701928003 1.0009956174484478 0.23943741492975773 1.0889618425539647 0.74999986239518723 2.3418380651207573 1.5544403090052237 0.89686052146649298
decision_type=2 2 2 2 2 2 2 2 2 2 2 2 2 2 2 2 2 2 2 2 2 2
left_child=3 2 11 4 6 -6 9 15 -9 -1 -11 12 19 -13 -15 -8 18 -18 -5 -2 21 -20
right_child=1 -3 -4 16 5 -7 7 8 -10 10 -12 13 -14 14 -16 -17 17 -19 20 -21 -22 -23
leaf_value=0.046765099800150596 -0.052161955818761666 0.031607373167579285 -0.23267424452131036 -0.055715491364873908 -0.052127800064540653 0.01006580219151793 -0.07396017474384968 -0.016000521849554274 0.053195930450255148 -0.0047270730916364433 0.0046413917143339183 -0.11694029798950839 0.053826061052050178 -0.0037521204355829342 -0.061721108730900733 -0.05388299880229841 -0.058498138429198758 -0.062049835095300022 -0.050210191700433095 -0.050338211539643775 -0.052187394167067816 -0.050051341430771445
leaf_weight=2.2040515322150886 0.21009616344235815 1.1402682140469549 0.20844758301973332 0.092060141265392303 4.2389842942357054 3.7220321074128151 0.22562960852519465 3.7794512180989841 1.8827572624431921 89.499566925653198 203.84344186331145 0.24475368857383761 0.33471179753541946 0.13597995799500573 1.7646755445894076 3.6452440202483558 0.42486473191820551 0.45560140925226733 0.016574993402173277 0.56992343865567818 0.21802294888766482 0.17715945082454598
leaf_count=12 9 15 3 1 28 15 5 273 29 1624 10473 1 2 21 241 888 39 6 13 203 13 373
internal_value=5.55481e-05 -0.03735 -0.0600191 0.00060384 0.000859928 -0.0230503 0.00148386 -0.0181916 0.00700819 0.00211851 0.00178305 -0.0489799 -0.0194053 -0.0643465 -0.0575738 -0.0550533 -0.0573078 -0.060336 -0.0520159 -0.0508294 -0.0511888 -0.0500649
internal_weight=319.034 4.60886 3.46859 314.425 313.041 7.96102 305.08 9.53308 5.66221 295.547 293.343 3.26014 1.11473 2.14541 1.90066 3.87087 1.38428 0.880466 0.503818 0.78002 0.411757 0.193734
internal_count=14287 495 480 13792 13347 43 13304 1195 302 12109 12097 477 214 263 262 893 445 45 400 212 399 386
is_linear=0
shrinkage=0.05


Tree=181
num_leaves=31
num_cat=0
split_feature=7 8 1 8 11 12 15 1 12 15 8 11 2 1 1 7 1 9 1 2 19 3 8 1 17 16 1 10 19 7
split_gain=2.13111 4.0294 2.93004 2.70908 4.44338 4.29817 4.60192 4.0037 3.28218 3.19827 3.58154 3.58426 3.48382 2.59432 16.6213 3.73866 3.54299 2.90282 2.51263 2.24074 2.70059 1.49484 1.47888 1.4392 0.991638 0.721849 1.43174 0.349484 0.335251 0.172187
threshold=1.1244935545830679 0.74594613778068453 0.41154796575205704 -0.44684191259026701 0.24432196592541058 1.368585927421911 0.58571428571428574 0.71037848594885877 1.5000004691927546 0.81666666666666676 -0.16273412639764764 1.0000000180025095e-35 0.52122394088047008 0.86277694984436493 0.86813674545092157 1.2765936031182104 0.41154796575205704 4.5000000000000009 0.99999957465430922 0.41420399285609433 0.63846433111315049 0.17647057576896322 0.49960294560103313 1.0617351568582838 0.39339826839826847 0.54110360360360377 0.62848428248156607 2.5000000000000004 0.81431251950226835 1.4335085861487964
decision_type=2 2 2 2 2 2 2 2 2 2 2 2 2 2 2 2 2 2 2 2 2 2 2 2 2 2 2 2 2 2
left_child=3 13 -3 4 5 6 7 -1 9 10 11 -5 -12 16 -15 21 -2 -17 -6 28 -21 -16 -10 -7 -20 -18 -27 -26 -4 -22
right_child=1 2 19 8 18 23 -8 -9 22 -11 12 -13 -14 14 15 17 25 -19 24 20 29 -23 -24 -25 27 26 -28 -29 -30 -31
leaf_value=-0.041061631535950938 -0.012325792954507836 0.022751838449135395 -0.054671578723590047 -0.010993192884992176 -0.078065328339362458 0.042186589655528739 0.052041469586398839 -0.004618073613085214 -0.067636282151249297 -0.042051004251173647 0.0024566457279943314 0.019553969402234896 -0.015132824518478791 -0.45656930673195789 0.088290164845768307 -0.041577017054998971 0.050092995454042513 0.024330821379168199 0.025863903010894702 -0.054214462315285532 0.062808141543453558 0.023121422010699416 0.0091138667993102048 -0.0043346776911631661 -0.011722846288216652 -0.0067273693435346256 0.04959150123509852 -0.061947010455557727 -0.091624899194182624 0.028106286191072079
leaf_weight=12.547007070912516 3.6596234817989233 3.0828887061215919 2.7884932899469281 12.163529345125424 3.6835631360299876 5.2365418343688352 2.4451421648263922 18.871327874396229 2.4985951546987049 4.1221172772347918 131.10828847941593 45.613511832008953 35.84772068890743 0.19507964875083317 1.5094228063244357 3.8040869389951695 10.149574492563259 2.9789126150135417 0.99561419943347607 1.3270946246193491 0.6885242313146589 2.1100265090062749 0.83820183936040837 2.4357958662876626 0.62833653706184101 1.9236821339000005 2.7299480068031698 0.77186010988953058 0.78698899818118651 0.74345120741054416
leaf_count=280 30 22 634 532 33 37 9 396 70 25 3060 593 7088 3 21 633 102 37 12 291 2 160 8 29 26 26 34 19 11 42
internal_value=0.000164071 0.011197 -0.017226 -0.00135312 -0.0122174 -0.00637396 -0.0140299 -0.0191719 0.000874806 0.00159262 0.00239314 0.013123 -0.00132005 0.0204078 0.000689163 0.00926424 0.0317262 -0.0126321 -0.0521416 -0.0366823 -0.00282963 0.0502988 -0.0483567 0.0274171 -0.0122839 0.0426167 0.0263108 -0.039409 -0.0628053 0.0447917
internal_weight=318.285 38.4778 9.41744 279.807 47.6152 41.5358 33.8635 31.4183 232.192 228.855 224.733 57.777 166.956 29.0604 10.5975 10.4024 18.4628 6.783 6.07937 6.33455 2.75907 3.61945 3.3368 7.67234 2.39581 14.8032 4.65363 1.4002 3.57548 1.43198
internal_count=14265 2048 1002 12217 841 751 685 676 11376 11298 11273 1125 10148 1046 854 851 192 670 90 980 335 181 78 66 57 162 60 45 645 44
is_linear=0
shrinkage=0.05


Tree=182
num_leaves=31
num_cat=0
split_feature=7 8 1 7 1 8 8 7 3 5 3 8 1 18 8 3 4 4 6 9 16 6 0 15 1 1 11 4 19 8
split_gain=2.25257 4.52303 3.81648 2.76696 2.75532 5.51111 5.07112 3.8999 3.8395 3.72753 3.04484 4.52611 9.25297 4.27038 3.94633 3.66907 2.48066 2.45041 4.44464 2.28547 2.32587 2.167 1.83755 1.73353 1.31928 4.97559 2.29352 1.25699 1.83694 0.359895
threshold=1.1244935545830679 0.74594613778068453 0.41154796575205704 1.6981929073966602 0.64463252499111656 1.1753809664846704 0.042417930293826379 0.043151684813194195 0.74565484895537004 0.069888498268875429 0.49188335001969546 1.3506663390590101 0.74163536167051902 3.5000000000000004 1.4248521342142422 0.52429209191814763 0.18461803361481313 0.18540882285124338 0.50872468466710574 1.5000000000000002 0.32529069767441871 0.53408265354657425 0.69999816845880403 0.32379032258064522 0.86277694984436493 0.86813674545092157 0.078918554039186642 0.18619599718685839 0.71964311972930595 2.3322432231725729
decision_type=2 2 2 2 2 2 2 2 2 2 2 2 2 2 2 2 2 2 2 2 2 2 2 2 2 2 2 2 2 2
left_child=4 3 -3 24 5 6 7 9 10 -1 11 13 -13 -6 15 -12 -5 -18 -19 20 -8 -9 -7 -21 -2 -26 -27 28 -4 -16
right_child=1 2 27 16 8 22 19 21 -10 -11 14 12 -14 -15 29 -17 17 18 -20 23 -22 -23 -24 -25 25 26 -28 -29 -30 -31
leaf_value=0.046556413464570956 0.052142512875486983 0.025067057986202113 -0.054431428484832858 -0.059910735999792353 0.024173876403505597 0.044417713356113248 -0.065836291377804668 -0.012819992864984059 0.046347856288519812 -0.014652584370899894 -0.060000086523068201 -0.18677873971046161 -0.016164117988921277 0.00046122181623008634 0.052885281395439514 -0.012975687266361967 0.069412665553216416 -0.026450390308408497 0.032640210362878577 -0.060419919045546736 0.0023342139588358683 -0.06095769313995765 -0.011363295700635776 -0.13171355147622621 -0.25739317793888272 -0.0055041581543158712 0.051990156225745598 -0.059817393212865444 0.055071094899296714 0.015832437003491306
leaf_weight=4.250013719312852 6.7710529459873232 2.9419375536963326 0.88485108139866475 1.3190969382703759 21.294520007446408 4.4388417098671198 2.7274708239710872 5.3853955063386802 4.3624492594972244 5.9971235780976713 5.1902042301371756 0.84751126891933282 12.746441139679517 175.17898029612843 1.8265530003700399 20.659735791385174 1.6322943622944865 6.1056305884267186 6.6464629648253322 2.3410671015008124 2.3116910452954471 4.1314534418634139 2.2122239652671842 1.3410871773958204 0.15652020275592793 3.0121666860795813 4.0895966896787286 4.0723661828451441 0.67526209494099021 1.0220494401874018
leaf_count=13 73 20 192 305 150 31 35 103 24 87 473 24 768 10053 14 227 11 145 50 46 23 82 32 8 1 394 71 776 4 39
internal_value=-0.000463415 0.010904 -0.0210894 0.0201303 -0.00202831 -0.0151161 -0.0246846 -0.0106705 -0.000136891 0.0107339 -0.000986205 0.00110077 -0.026801 0.00303129 -0.0162624 -0.0224173 0.00571335 0.0117313 0.00434796 -0.056443 -0.0345634 -0.0337175 0.0258643 -0.086386 0.0362677 0.0214585 0.0276043 -0.0451976 -0.00703557 0.0395911
internal_weight=316.572 38.3072 8.57442 29.7328 278.265 35.1364 28.4853 19.764 243.128 10.2471 238.766 210.067 13.594 196.474 28.6985 25.8499 15.7035 14.3844 12.7521 8.72132 5.03916 9.51685 6.65107 3.68215 14.0293 7.25828 7.10176 5.63248 1.56011 2.8486
internal_count=14274 2042 992 1050 12232 460 397 285 11772 100 11748 10995 792 10203 753 700 511 206 195 112 58 185 63 54 539 466 465 972 196 53
is_linear=0
shrinkage=0.05


Tree=183
num_leaves=31
num_cat=0
split_feature=6 3 6 14 6 18 3 16 3 4 8 18 3 18 9 18 9 7 16 7 19 1 18 16 4 4 11 5 19 7
split_gain=2.71244 2.71083 4.58625 5.75917 4.92788 4.34117 5.15207 4.04657 4.0003 3.6584 5.21775 4.88733 3.46709 4.72903 5.35864 3.59108 3.07618 2.80262 4.57795 4.28124 1.95741 3.6519 2.67094 1.85895 2.16434 1.47807 1.12568 1.09249 1.07759 0.659903
threshold=0.15733407427089038 0.33050075855130473 0.23316589509597935 0.13335704125177814 0.18618676978938029 35.500000000000007 0.35917689753513715 0.034632683658170925 0.37380032757528475 0.28116839539770994 -0.82990640942565086 4.5000000000000009 0.31048362083684394 19.500000000000004 2.5000000000000004 31.500000000000004 11.500000000000002 0.39664593069877219 0.15424266455194294 0.1907964678187096 0.75290332107587432 1.3026124401731221 2.5000000000000004 0.43614130434782611 0.42156459833282273 0.23745665207407837 0.069386567404423713 0.30651397954404752 0.73457239964800447 0.38657769396661867
decision_type=2 2 2 2 2 2 2 2 2 2 2 2 2 2 2 2 2 2 2 2 2 2 2 2 2 2 2 2 2 2
left_child=20 2 3 4 25 8 -7 -6 23 10 -10 -11 17 14 -14 -15 29 19 -19 -4 21 27 -22 26 -25 -2 -3 28 -1 -8
right_child=1 5 12 -5 7 6 16 -9 9 11 -12 -13 13 15 -16 -17 -18 18 -20 -21 22 -23 -24 24 -26 -27 -28 -29 -30 -31
leaf_value=-0.055806782074034715 0.011102642314438535 0.015435659252188788 -0.0055420943190339321 -0.078250195522844568 -0.010038967393990456 0.01922554418760479 -0.047486781097679565 0.051537186038566767 -0.062737685334784965 0.0059445405119213394 0.020130781615172032 -0.020294387573360103 -0.062036969047315239 -0.16305449472886646 0.02418539150603561 -0.046352246450649316 -0.22075531490816358 0.014794863554197877 -0.025678412753441838 -0.03188750528509373 0.014722504494266226 0.043171811198067844 -0.071258404080172338 -0.052297907825924521 0.028089315535113651 -0.042904693305270053 0.039146273123786504 0.034858894705114968 0.054495673628164279 -0.10008944411416341
leaf_weight=3.0271002629742716 2.2517702978730147 8.2631820274400578 69.100492771067366 1.5108692820940621 3.4647068642734657 2.1868130336515597 1.9916522523853935 11.604483037059252 2.0174513349775216 44.952404410403688 32.495989146176726 29.323359627043828 3.3742590164765698 1.0988255906850102 3.867318692500703 1.6475455242907626 0.34786471724510182 28.426540213869885 9.2635552407446067 19.850380753305217 1.1996543593704698 2.2412067147597554 3.65551732853055 1.6019710199907415 1.7542187646031377 2.8963954893115442 12.698190170107408 0.4562643940153065 0.23889845452504221 0.85095907188951958
leaf_count=667 262 80 3483 60 373 41 479 303 24 599 303 270 34 10 34 39 2 2109 254 4327 6 51 176 28 22 145 120 14 3 13
internal_value=-0.00185113 -0.00095486 -0.00542314 0.0159141 0.0229512 0.00415464 -0.0398899 0.0373796 0.00593396 0.00183585 0.0152868 -0.00441434 -0.00881643 -0.037178 -0.0159905 -0.0930449 -0.0804087 -0.0065796 0.00484725 -0.0114214 -0.0264429 -0.00725282 -0.0500136 0.0242676 -0.010281 -0.0192823 0.0297993 -0.0376139 -0.0477385 -0.0632338
internal_weight=307.66 296.841 158.357 21.7282 20.2174 138.484 5.37729 15.0692 133.107 108.789 34.5134 74.2758 136.629 9.98795 7.24158 2.74637 3.19048 126.641 37.6901 88.9509 10.8186 5.96347 4.85517 24.3176 3.35619 5.14817 20.9614 3.72226 3.266 2.84261
internal_count=14331 13414 11433 1143 1083 1981 535 676 1446 1196 327 869 10290 117 68 49 494 10173 2363 7810 917 735 182 250 50 407 200 684 670 492
is_linear=0
shrinkage=0.05


Tree=184
num_leaves=31
num_cat=0
split_feature=13 7 4 19 8 8 7 8 19 19 10 19 19 5 5 1 0 6 16 16 0 16 19 19 19 16 6 6 2 19
split_gain=1.86916 1.81158 4.13115 3.48578 4.30889 4.2448 3.87892 3.40772 3.34216 3.06382 3.05015 2.12205 4.46654 3.73188 6.03043 4.1126 3.61303 6.27522 4.18488 6.33773 3.57614 3.43769 1.72212 2.09315 1.64251 1.38867 1.36815 0.443755 0.0102547 0.00599685
threshold=1.0000000180025095e-35 -0.10142478842371776 0.17663909180878429 0.62538348367033991 1.3506663390590101 2.6060151274871912 0.33833599945543041 1.0962747249327915 1.2354717755000899 0.58166177032972988 6.5000000000000009 0.62538348367033991 0.60979634129605087 0.057129847457985473 0.050612144220888229 0.4514169420800534 0.99600798452680117 0.34395369140886295 0.099450549450549472 0.14650406504065042 0.69999816845880403 0.2965856481481482 1.1132633492280302 2.5969505723818571 1.2958409878186468 0.20734437975817291 0.68490078473331961 0.69021117085158223 0.024011312746534164 0.86370314655063052
decision_type=2 2 2 2 2 2 2 2 2 2 2 2 2 2 2 2 2 2 2 2 2 2 2 2 2 2 2 2 2 2
left_child=1 11 7 4 9 -6 10 22 -8 -4 -5 12 13 14 -1 -15 17 21 24 -20 -19 -13 25 -24 -18 -3 -9 -28 -2 -30
right_child=28 2 3 6 5 -7 8 26 -10 -11 -12 16 -14 15 -16 -17 18 20 19 -21 -22 -23 23 -25 -26 -27 27 -29 29 -31
leaf_value=0.0076718611360295091 -0.067689765927419002 -0.044350458001340243 0.0071651456692066254 -0.023430102966737035 -0.048289413226326426 0.016827728362244183 -0.011216022844940037 -0.051050496818780461 0.015416516934176267 0.035303822986804997 0.037199457270215418 -0.055825955454231857 -0.072145154979681742 0.062078436764247749 0.09617096689910247 -0.017246697893203738 0.045115602865948318 0.029990251606294777 -0.034286850014805047 0.020943354454592326 -0.014851054719535862 -0.0027410227320694715 0.043709485113352348 -0.063773681870684301 0.017127991632710584 -0.10164813938697415 0.080590062976429691 0.026361326390012429 -0.05090409603077594 -0.058226566678777236
leaf_weight=14.488868456144703 0.1930394321680059 6.0225876893528021 75.259094690802158 32.593116771327914 6.4625045666325587 4.0844394193918561 22.982691207522294 0.41269747201295004 24.166698468558025 11.10063388495473 2.2153985463082781 6.2672133908490633 2.1809310135722617 1.7643863921985055 2.2198250006185836 22.099594500745297 15.027354640566047 13.657118653180076 7.0756840319663779 19.534078425436746 6.5926262834400431 5.9405392947955988 1.0981036109442355 0.77098462374124199 8.0507196718826872 1.2826808284153228 0.70649421215057351 0.80948443923261948 0.47197003807377746 0.68602508246840443
leaf_count=494 1 3134 5337 534 662 554 373 128 244 200 21 55 33 9 8 950 161 116 83 237 40 70 28 103 71 125 1 94 421 33
internal_value=0.00166474 0.00191655 -0.00115866 0.000678401 0.00709753 -0.023072 -0.00691155 -0.0307529 0.00243464 0.0107821 -0.0195713 0.00659385 -0.00244 0.0013069 0.0194294 -0.0113818 0.0112956 -0.00167861 0.0197708 0.00625734 0.0153915 -0.0299938 -0.0434535 -0.0006265 0.0353522 -0.054411 0.0296613 0.0516336 -0.0570207 -0.0552421
internal_weight=316.218 314.867 189.968 178.865 96.9067 10.5469 81.9579 11.103 47.1494 86.3597 34.8085 124.899 42.7536 40.5727 16.7087 23.864 82.1453 32.4575 49.6878 26.6098 20.2497 12.2078 9.17436 1.86909 23.0781 7.30527 1.92868 1.51598 1.35103 1.158
internal_count=14320 13865 11538 7925 6753 1216 1172 3613 617 5537 555 2327 1494 1461 502 959 833 281 552 320 156 125 3390 131 232 3259 223 95 455 454
is_linear=0
shrinkage=0.05


Tree=185
num_leaves=30
num_cat=0
split_feature=7 3 8 9 15 0 8 2 5 19 0 0 0 7 15 7 15 16 3 8 9 1 4 3 7 8 4 5 5
split_gain=1.57065 3.13273 3.06385 3.09451 4.72135 2.71312 2.46001 4.00743 4.11451 3.48078 3.10246 4.41778 3.32228 3.76368 2.5785 2.49083 4.63828 2.40527 2.40147 2.56692 2.88133 2.40089 2.27567 2.24278 2.23414 1.7363 0.869394 0.819386 0.279093
threshold=0.67411687735867332 0.62077016109178051 0.7842979029624948 9.5000000000000018 0.066228070175438608 2.2584466459382786 0.72488549009415104 0.016853039026482993 0.05297552370557599 0.44230872503384533 0.69999816845880403 0.72156792546909421 0.75191467646277799 0.2045012082720051 0.93750000000000011 -1.0061724284617068 0.12326685660018995 0.043717152412804598 0.48510674869312964 0.63774670632365427 6.5000000000000009 0.68684890820086919 0.11863035314223348 0.44130518441058691 -0.30287055565358506 1.0157462166549913 0.43394123650843808 0.096828152507849666 0.099975648269154685
decision_type=2 2 2 2 2 2 2 2 2 2 2 2 2 2 2 2 2 2 2 2 2 2 2 2 2 2 2 2 2
left_child=6 2 18 4 5 -4 7 8 -1 21 23 -12 -13 -14 15 16 -9 -17 19 20 -2 -10 -21 28 -11 -6 27 -20 -8
right_child=1 -3 3 -5 25 -7 10 14 9 24 11 12 13 -15 -16 17 -18 -19 26 22 -22 -23 -24 -25 -26 -27 -28 -29 -30
leaf_value=0.022688382237365613 -0.0012080451564950511 -0.056051395412575727 -0.034082631818545421 -0.10219787577660672 0.073556008940980452 0.059794828550269907 0.05709333372952527 -0.03481964985256162 -0.042623695336824453 -0.085272388940552377 -0.088892165911853005 0.05916890903957276 0.013453769968492244 -0.019248444030108058 -0.072280767519824138 0.0057752052709418803 0.053821268726798599 -0.0067299684062351239 0.069528976662888625 -0.050599455989415065 0.038208738470215282 0.019573162935763926 0.057838419750254014 -0.0053992925559830478 -0.03229159002569932 0.0077006489099220692 0.015242597206364551 0.032644511326502257 0.037890974337780901
leaf_weight=3.3786619696766165 28.767992693203269 1.8987022667424742 8.2254240673937531 0.88013157248497087 1.9569020476192243 0.8490845637861647 3.4243531916290504 2.0943951261724569 3.0156948823714611 4.2588151656091222 1.2965417429804791 2.6332499370910218 23.220308673335239 14.16576886736584 1.2924624681472767 57.46915139851626 4.9966853819787502 116.2051793333012 2.7431776742450875 0.54936014802660693 5.527031917590647 3.1958648269064724 4.0556224748725072 2.8619707748293877 3.734798864927142 2.0487381154671311 2.7122804298996925 3.337816194514744 4.2293365611694753
leaf_count=21 1567 28 1154 10 9 10 26 51 51 26 10 24 421 1173 6 5587 35 3597 17 101 64 23 78 28 111 36 23 24 27
internal_value=0.000183893 0.00720679 0.00915491 -0.0114469 -0.00534051 -0.0252987 -0.00159093 -0.00411072 -0.026905 -0.0387006 0.00811465 0.00194322 0.00488609 0.00106274 -0.00190917 -0.00140602 0.0276406 -0.00259198 0.0151853 0.00985093 0.00514442 -0.0106232 0.0449021 0.0323621 -0.0605186 0.0398734 0.0387835 0.0492833 0.0464823
internal_weight=315.026 63.5523 61.6536 13.9603 13.0801 9.07451 251.473 199.642 17.5838 14.2052 51.8315 41.3159 40.0193 37.3861 182.058 180.765 7.09108 173.674 47.6933 38.9 34.295 6.21156 4.60498 10.5157 7.99361 4.00564 8.79327 6.08099 7.65369
internal_count=14338 3121 3093 1219 1209 1164 11217 9508 232 211 1709 1628 1618 1594 9276 9270 86 9184 1874 1810 1631 74 179 81 137 45 64 41 53
is_linear=0
shrinkage=0.05


Tree=186
num_leaves=31
num_cat=0
split_feature=5 0 14 7 17 6 15 4 1 14 6 15 5 1 7 5 7 7 11 1 3 1 4 16 19 6 9 15 6 3
split_gain=1.83294 3.51167 3.25341 3.74405 4.40104 5.09007 4.87617 3.21958 3.16356 3.0734 3.98786 2.99361 2.73647 2.54397 2.40694 2.32843 5.64406 5.05917 4.93741 3.44989 4.36792 2.99068 2.63288 2.90958 4.50544 3.13337 1.8093 1.56581 1.36938 1.87471
threshold=0.073912760790656604 0.66666428019415547 0.21020142949967513 0.65677870700723162 0.46211251435132039 0.21273333616931031 0.81666666666666676 0.37536456538181684 0.97948212094033171 0.10063291139240509 0.53408265354657425 0.19803921568627456 0.099975648269154685 1.1318272483859635 0.11987921043239293 0.048041957655763322 0.30127320457262091 0.33829033783854695 0.19648175498374612 0.93476445619447091 0.17697411580802572 0.69582264614216138 0.50539547789330597 0.33568075117370894 1.4503216810985937 0.62610114704478881 4.5000000000000009 0.090326340326340335 0.25522994995117193 0.34636016297184569
decision_type=2 2 2 2 2 2 2 2 2 2 2 2 2 2 2 2 2 2 2 2 2 2 2 2 2 2 2 2 2 2
left_child=9 -2 3 4 6 -6 -3 8 -5 15 11 -11 -9 28 -15 22 19 -18 -19 21 -21 -17 23 25 -25 -1 -12 -16 29 -4
right_child=1 2 13 7 5 -7 -8 12 -10 10 26 -13 -14 14 27 16 17 18 -20 20 -22 -23 -24 24 -26 -27 -28 -29 -30 -31
leaf_value=-0.0021425948146893688 -0.05288102454138497 0.0055854398242933777 -0.066357489310778964 -0.046583731502824605 0.016936143693083629 -0.023509222926539036 -0.080433404761392491 0.068062118904619398 0.019167395297497943 -0.070594874343329603 -0.046262434984878337 0.026665803562900395 0.015791734203522076 0.037703845896401467 -0.0092730066903809853 0.028791949931231044 -0.10616854426904708 0.019054038106063195 -0.060480684102908869 -0.06491424331267219 0.050762384743658462 -0.029637672636753921 0.036856561217008262 -0.048123229949489005 0.0078357785855324522 0.016633768611035257 0.050468765674668972 -0.15434674096994255 0.054912969813297491 0.053510747771751292
leaf_weight=68.895968793127395 3.4849712841678402 50.059165914164623 0.61215454027114791 3.8135398892336552 9.2142888349044352 49.941532393408124 1.7035916931927193 2.9691832193057079 3.5161445041885599 4.1331605446466702 0.65527339476102531 0.97844373807311047 15.978940623477682 0.67951771989464738 0.32670242973836139 5.6050618129083905 1.2624210128851689 8.0255248381581605 2.5781548423983613 0.86309097315097361 14.976886407646814 3.594394754327368 5.3356110053136936 7.1852343926439044 7.2026774313708302 32.796090122312307 1.843160396456369 0.43185123801231384 5.0190324577270076 0.69824680685997009
leaf_count=5309 110 701 47 59 312 2388 11 26 65 190 92 9 454 13 44 49 34 125 29 163 198 48 43 466 196 3040 21 2 113 4
internal_value=0.00075387 -0.00328251 -0.00209015 -0.00387244 -0.00789277 -0.0172093 0.00275443 0.0130974 -0.0150421 0.00436498 -0.0266729 -0.0519776 0.0239825 0.0293902 -0.030641 0.00585688 0.0168551 -0.0115488 -0.000283855 0.0303157 0.0444594 0.00596244 0.00251385 0.000935289 -0.0201098 0.00391286 0.0250987 -0.0918648 0.0430295 -0.00248575
internal_weight=314.38 148.449 144.964 137.196 110.919 59.1558 51.7628 26.2778 7.32968 165.931 7.61004 5.1116 18.9481 7.76751 1.43807 158.321 36.9055 11.8661 10.6037 25.0394 15.84 9.19946 121.416 116.08 14.3879 101.692 2.49843 0.758554 6.32943 1.3104
internal_count=14361 4349 4239 4016 3412 2700 712 604 124 10012 312 199 480 223 59 9700 646 188 154 458 361 97 9054 9011 662 8349 113 46 164 51
is_linear=0
shrinkage=0.05


Tree=187
num_leaves=31
num_cat=0
split_feature=13 9 18 16 19 11 8 8 7 1 2 4 5 3 3 1 11 7 3 7 8 19 1 18 17 7 2 19 3 5
split_gain=1.655 1.65435 2.06544 7.49681 7.97158 3.76923 3.51129 4.01181 3.8934 3.47955 3.19076 3.46372 3.18933 2.60393 1.95855 3.49131 2.50093 2.24191 2.15971 1.7029 1.328 1.08815 0.952446 0.237207 0.1831 0.00942286 0.00857941 0.00462271 5.85687e-05 1.86421e-05
threshold=1.0000000180025095e-35 6.5000000000000009 5.5000000000000009 0.33568075117370894 2.9436955508062881 0.17818371652102363 -0.37734305668795159 -0.90822864495876787 -0.39030301982911508 0.41154796575205704 0.051724022510004984 0.70604187211180058 0.063760916302963253 0.32431244694329558 0.34135149039474194 0.69582264614216138 0.046382026991355886 -0.31398055679186959 0.40567437963548053 -0.63512645822350178 -0.20705789942556888 0.99115816246793997 0.86813674545092157 15.500000000000002 0.59508740204942745 0.57656461128378511 0.024011312746534164 0.86370314655063052 0.1834434309816049 0.21124358475486552
decision_type=2 2 2 2 2 2 2 2 2 2 2 2 2 2 2 2 2 2 2 2 2 2 2 2 2 2 2 2 2 2
left_child=1 2 6 10 5 -5 7 -1 12 -10 22 -12 -8 -9 15 19 20 -18 24 -3 -17 -20 -4 -21 25 -16 -2 28 -28 -30
right_child=26 14 3 4 -6 -7 8 13 9 -11 11 -13 -14 -15 18 16 17 -19 21 23 -22 -23 -24 -25 -26 -27 27 -29 29 -31
leaf_value=0.026112313681822041 -0.066467028906884523 -0.23182427669735925 -0.070234863150287971 -0.054904278027658182 0.041897844721048148 -0.1646106122282836 -0.035199242271867562 -0.04532676556486194 -0.012468694029470501 0.024757572941391914 -0.0014898687412278457 0.044112142788248723 0.0052903119097452746 -0.0086857997504637078 0.050582736602103773 0.051682572914006186 0.029359841042211589 0.0024669271879210085 -0.031121160486572319 -0.070323753905598071 -0.074084700223274916 0.023046631534985894 -0.018190755084131548 -0.0009835885802875902 0.033851636586498916 0.055606481114762144 -0.050109457754074355 -0.057537842584885396 -0.050842683452158935 -0.051705346196415314
leaf_weight=6.4855443816632024 0.18636861443519492 0.16916248202323914 2.0412272308021779 7.7702922498719982 2.1367774236132382 0.87067079820553761 6.5364200156182077 6.4727376304799717 7.4122882315423331 40.989905694674235 129.65862300482695 4.3022014194284557 19.003453915007412 19.326747286133468 3.0664076851680857 0.24825631454586994 10.185142958362119 32.408766551656299 1.6885452922433617 0.70264555397443362 1.3583545285509886 2.0560821304097772 1.5440954132936893 0.14959749366971664 1.9936834201216695 1.3418525904417036 0.17534054622228701 0.6359704573842464 0.11812719966110308 0.13328959455247968
leaf_count=38 1 1 29 503 36 12 40 140 52 619 10883 203 114 157 52 3 116 504 23 38 152 20 29 73 16 9 376 30 30 12
internal_value=0.000865984 0.00109748 -0.000606259 -0.00441781 -0.044575 -0.0659584 0.00471577 -0.00904146 0.0107225 0.0190568 -0.0012712 -2.53433e-05 -0.00507218 -0.0178785 0.00893025 0.00447583 0.00658774 0.00889762 0.028783 -0.0869153 -0.0546509 -0.00137897 -0.047821 -0.0581522 0.0464253 0.0521119 -0.0565718 -0.0548365 -0.0508109 -0.0513
internal_weight=311.169 309.919 254.551 148.324 10.7777 8.64096 106.227 32.285 73.9421 48.4022 137.546 133.961 25.5399 25.7995 55.3685 45.2219 44.2005 42.5939 10.1466 1.02141 1.60661 3.74463 3.58532 0.852243 6.40194 4.40826 1.2491 1.06273 0.426757 0.251417
internal_count=14311 13862 12855 11695 551 515 1160 335 825 671 11144 11086 154 297 1007 887 775 620 120 112 155 43 58 111 77 61 449 448 418 42
is_linear=0
shrinkage=0.05


Tree=188
num_leaves=17
num_cat=0
split_feature=9 12 12 12 7 0 1 3 6 18 9 18 0 15 15 3
split_gain=2.01593 1.65476 2.80591 2.8474 2.68967 2.12164 1.84743 1.74997 3.37819 3.37517 1.07967 2.24808 1.79525 0.351076 0.350979 0.00687576
threshold=25.500000000000004 1.5000004691927546 1.368585927421911 1.3173295279208281 1.1111226428630887 0.70000566694608735 0.86813674545092157 0.33050075855130473 0.2362918661098288 38.500000000000007 7.5000000000000009 6.5000000000000009 0.69999816845880403 0.17902930402930406 0.16774891774891779 0.18659670212689569
decision_type=2 2 2 2 2 2 2 2 2 2 2 2 2 2 2 2
left_child=1 2 3 7 5 6 -3 8 -1 -9 11 -4 -13 15 -12 -7
right_child=-2 4 10 -5 -6 13 -8 9 -10 -11 14 12 -14 -15 -16 -17
leaf_value=0.012866852189102801 -0.07972056040629788 -0.045379610714368995 0.054483238039464824 -0.073727589236835075 0.040754104127379169 -0.052638453148082853 0.018519550101982127 0.0056637151575931813 -0.0066505858630109427 -0.050566991005218213 0.027170958940050557 0.019349356890284823 -0.050156045422574541 -0.097051942257238663 0.053885937150492294 -0.060051801214431433
leaf_weight=26.875681551755406 0.78663697687443246 2.3615993075072756 1.9683197252452354 1.3002128927037109 1.4291338930343043 0.48395944888761666 2.1709841948468238 134.01510984453489 126.64098180884321 2.7228548160492201 2.0944139607890975 2.0960095198242925 1.6686114852491303 0.94533101469278324 2.9769857190549374 0.88425365881994367
leaf_count=1910 9 22 14 24 11 46 22 1532 10014 521 31 25 40 5 22 17
internal_value=0.000220672 0.000423111 0.00102684 9.96175e-05 -0.0216358 -0.0346597 -0.0147737 0.000430331 -0.00323373 0.004544 0.0260479 0.011182 -0.0114579 -0.0736196 0.042853 -0.0574296
internal_weight=311.421 310.634 302.359 291.555 8.27526 6.84613 4.53258 290.255 153.517 136.738 10.8043 5.73294 3.76462 2.31354 5.0714 1.36821
internal_count=14265 14256 14133 14001 123 112 44 13977 11924 2053 132 79 65 68 53 63
is_linear=0
shrinkage=0.05


Tree=189
num_leaves=24
num_cat=0
split_feature=12 7 8 12 19 8 15 0 0 8 19 0 6 8 11 15 15 15 1 11 6 3 18
split_gain=1.64676 3.18894 3.00678 1.86593 1.99698 2.34968 1.96136 1.92643 8.89708 6.84455 4.08436 3.89148 2.58488 2.51698 2.48167 1.55285 0.693499 0.798301 0.308163 0.292134 0.147543 0.0177965 0.00552998
threshold=1.5000004691927546 0.15031712605293329 0.44316076252336772 1.368585927421911 1.2958409878186468 0.47091017318790929 0.15707236842105265 0.99600798452680117 0.80000091417840535 0.57517209639616285 0.26361949996358019 0.99750246901406647 0.13546192957499817 0.20427727673448706 0.13122405391782019 0.93750000000000011 0.37638888888888894 0.17902930402930406 1.0781490155146274 0.057771168854332776 0.31904975978794853 0.27243999406403191 10.500000000000002
decision_type=2 2 2 2 2 2 2 2 2 2 2 2 2 2 2 2 2 2 2 2 2 2 2
left_child=3 2 20 7 5 6 19 8 9 10 -1 22 15 -14 -11 -13 17 -10 -6 -5 -2 -22 -9
right_child=1 -3 -4 4 18 -7 -8 11 16 14 -12 12 13 -15 -16 -17 -18 -19 -20 -21 21 -23 -24
leaf_value=0.067194819184073357 -0.081211416427850916 0.018787529820272941 0.023260658493594173 -0.10919642481635564 0.05278935559239633 0.038407316401437505 0.0059567833622462801 0.05578808051371064 -0.060831083370397457 0.036724152585554386 -0.010902387447152122 -0.055315222140607447 0.0083293356654465106 -0.0027412844816145057 -0.018827544134863136 0.057562092961568626 -0.12448111793344085 -0.0068385798384685212 0.028887408755589379 -0.059068461909895176 -0.056023398926438185 -0.065406920171936569 0.05189969507599005
leaf_weight=1.7254339978098858 1.5804412756260711 2.9603923887625569 1.1445865095593033 0.46151814440963634 3.2262726821936667 2.1770702665671706 1.6062081009149549 2.0485185299767177 6.168796012607344 13.519307393333291 56.321245948587602 2.7702759270323436 106.80664481451822 98.868877358880127 2.3616244210861614 0.34234198927879322 0.37688906490802754 0.77006559073925007 2.3169398894533515 0.78501189072267152 0.98841787726269137 1.0337753454223273 1.6515734125277957
leaf_count=6 28 33 9 7 29 12 19 11 731 142 771 457 4422 7530 18 1 2 7 24 41 35 10 36
internal_value=0.000884963 -0.0219391 -0.0473365 0.00146307 0.0220997 -0.000712217 -0.0305663 0.000720238 -0.0058283 -0.000623235 -0.00858095 0.00322402 0.00232326 0.00300765 0.0284632 -0.0429004 -0.0584269 -0.0548391 0.0427989 -0.077628 -0.0697657 -0.0608204 0.0540525
internal_weight=312.012 7.70761 4.74722 304.305 10.573 5.02981 2.85274 293.732 81.2434 73.9276 58.0467 212.488 208.788 205.676 15.8809 3.11262 7.31575 6.93886 5.54321 1.24653 3.60263 2.02219 3.70009
internal_count=14381 115 82 14266 132 79 67 14134 1677 937 777 12457 12410 11952 160 458 740 738 53 48 73 45 47
is_linear=0
shrinkage=0.05


Tree=190
num_leaves=31
num_cat=0
split_feature=7 8 7 7 18 6 2 18 3 6 9 17 3 11 19 11 2 6 16 5 2 11 3 3 7 11 17 18 5 4
split_gain=1.78553 3.95451 2.73346 2.65702 2.52048 2.39579 3.57746 2.71709 1.96668 1.94181 1.91162 2.72226 1.88183 1.87537 2.89047 2.28902 2.22376 1.73883 2.94893 2.08354 1.93789 1.7193 2.56553 1.48374 1.43196 1.19722 2.36778 2.41379 1.16486 0.98492
threshold=1.1528959389604383 0.74594613778068453 1.6981929073966602 1.0144818270450147 4.5000000000000009 0.48980640642570733 0.57895924829078782 6.5000000000000009 0.21111267688227639 0.6882950175892224 11.500000000000002 0.30860805860805868 0.41287018271053544 0.32172420386594364 0.38198310920148659 0.3062827248737629 0.58755973117803451 0.75512334072228648 0.012270400481782597 0.0001818058537501915 0.0058343114416583696 0.22846155579000407 0.21060659371170345 0.33050075855130473 3.0234763411557988 0.16179313039588258 0.98620624048706251 2.5000000000000004 0.0018517145144394023 0.1295928698627889
decision_type=2 2 2 2 2 2 2 2 2 2 2 2 2 2 2 2 2 2 2 2 2 2 2 2 2 2 2 2 2 2
left_child=3 2 25 10 -5 6 7 -4 -8 -7 13 -12 23 15 -15 16 -1 19 -19 -3 -21 28 -23 -6 -11 26 27 -2 -13 -22
right_child=1 17 5 4 12 9 8 -9 -10 24 11 21 -14 14 -16 -17 -18 18 -20 20 29 22 -24 -25 -26 -27 -28 -29 -30 -31
leaf_value=-0.00074844546068191388 0.048407431313385867 0.057209832785586848 -0.0086135560315746644 0.0037544091083288236 -0.064539124862192418 0.044384469283704681 -0.051392931428495693 -0.078282950127441298 0.071968942548764542 0.017596714960394878 -0.041342353635156058 0.05113417306887727 -0.15104503852139062 0.058125250415425503 -0.056766722194554642 0.057437637250129951 -0.015902668084289428 0.054652701450083711 -0.05218415274092561 0.059855569935509646 0.049371238379773683 -0.061946736098565602 0.038720763537794342 0.033675119609011414 -0.064196169462931871 0.054950242686690534 0.058133842065430902 -0.019871278399820128 0.018798131552569902 -0.057618189114129283
leaf_weight=218.5331416404515 2.0070761013776082 0.55681017754250017 3.8950160879176092 2.2969881687313309 2.2749196407094141 4.5373886055749608 0.41324965516105283 2.1842518064368051 1.4807212698506189 1.4876885456033053 1.9417859411332781 4.0265978024253846 0.52784772170707572 0.66021645069122259 3.2044811012892751 1.6072305783018226 27.223781537883042 1.6664368710480633 1.0546791573142398 0.41263291239738453 0.22515681420918543 1.3897885631740785 1.1621362417936323 0.46277185878716398 0.83569656538020343 4.7554774370510122 3.2119249790121103 3.6453524259195547 9.0329052652232331 4.820447409634653
leaf_count=5107 22 19 48 19 216 70 220 102 11 49 30 39 7 2 130 36 6606 46 329 1 7 38 10 8 18 59 76 342 87 595
internal_value=-0.000777758 0.00950324 0.0185375 -0.00217144 -0.036376 0.00368799 -0.0149515 -0.0336454 0.0450523 0.0253498 -0.00146357 0.0144889 -0.0646038 -0.00257816 -0.0371394 -0.00203819 -0.00242716 -0.0199216 0.0132437 -0.034925 -0.044324 0.0214333 -0.0161032 -0.0479373 -0.0118233 0.0347108 0.023853 0.00437327 0.0287682 -0.0528439
internal_weight=311.535 37.19 28.4538 274.345 5.56253 14.834 7.97324 6.07927 1.89397 6.86077 268.782 17.5532 3.26554 251.229 3.8647 247.364 245.757 8.73616 2.72112 6.01505 5.45824 15.6114 2.55192 2.73769 2.32339 13.6198 8.86435 5.65243 13.0595 5.0456
internal_count=14349 2014 1017 12335 250 518 381 150 231 137 12085 204 231 11881 132 11749 11713 997 375 622 603 174 48 224 67 499 440 364 126 602
is_linear=0
shrinkage=0.05


Tree=191
num_leaves=31
num_cat=0
split_feature=6 6 7 4 8 7 8 1 11 3 3 3 15 5 8 6 0 1 2 11 7 8 5 17 4 4 14 17 6 2
split_gain=1.73853 4.39513 4.89708 3.746 3.01028 6.20799 4.62567 2.97969 3.93309 3.47569 4.24985 4.17021 3.47398 2.96816 6.03595 4.05887 3.02604 3.00762 2.95875 2.89065 2.82791 2.81776 2.64736 2.60894 2.522 2.47745 2.4478 2.1754 1.95711 1.90698
threshold=0.65938233964265136 0.56914133904187858 1.3313084831017938 0.61055635938457431 -0.14799246722212786 -0.45132870619760879 0.95982930226582297 1.2722530919261892 0.2156950842406623 0.1765519871431239 0.15730038811178773 0.1834434309816049 0.21498599439775914 0.0028819305890080645 1.3089136307907405 0.55651850865010177 1.2305378533845428 0.10021843759488121 0.014084441644163928 0.22308974452603247 -0.40355911828253266 0.652649378059874 6.3685809864717386e-05 0.76552854938271608 0.48307595845141443 0.66209796830719603 1.0000000180025095e-35 0.96407056798623081 0.58433066474066853 0.55243119383169936
decision_type=2 2 2 2 2 2 2 2 2 2 2 2 2 2 2 2 2 2 2 2 2 2 2 2 2 2 2 2 2 2
left_child=1 13 3 4 5 -3 -6 8 9 10 22 18 19 14 15 26 17 -15 -11 -10 -13 -19 -2 -16 29 -5 -1 -12 -27 -9
right_child=7 2 -4 25 6 -7 -8 24 12 11 27 20 -14 16 23 -17 -18 21 -20 -21 -22 -23 -24 -25 -26 28 -28 -29 -30 -31
leaf_value=-0.0033521377271744871 0.056769070508755015 -0.11912349798746864 0.034178271529744855 0.041937337456031711 -0.0690652114446315 0.0045699829073362081 -0.0097348329615998767 0.045270969435199857 -0.19384350233847747 0.066994593915011322 0.068147701535913222 -0.016852481937518229 0.0093270877442652653 -0.057108075005770212 -0.27192069816171827 -0.15219321091297808 -0.051873366092313966 0.0013403079634445145 -0.053836623560071344 -0.049095126888878959 0.012124801329274591 0.017835083017874009 -0.050487381872371541 -0.054690513566715421 -0.045035904045873029 0.039383812162548243 -0.071721883978243778 -0.050244544521884496 -0.052210934485684729 0.0016056941031784269
leaf_weight=15.99646244089673 0.84182810864876811 1.1683811101829631 3.8448589056206393 2.9834590851387466 9.5652911130819103 7.6955180874356337 5.0037023108743606 9.4569406365626474 0.37920977699104597 0.56796622276306052 5.4356404452119023 10.677576475980457 2.8542577736079693 2.0001239553093901 0.3232442840380817 0.50896375035517749 2.4739816666988181 131.9309905649352 4.6912947516975692 3.8135283844967489 39.814188006392214 32.212844288027554 1.81724051576748 0.24146874943107832 1.1036271973862302 0.84338761767139692 1.4258368696901005 0.41782621681340959 1.8903854193049481 3.3991789386054725
leaf_count=2789 52 37 107 41 1036 163 114 99 7 1 211 127 26 28 19 86 253 3760 1300 229 1002 1219 1040 47 13 15 83 186 55 157
internal_value=0.000312924 -0.0020352 -0.0188606 -0.0258564 -0.0347099 -0.0117345 -0.0486883 0.00637416 0.00223875 0.00612723 0.0358853 0.00158352 -0.0332214 0.000931733 -0.0180823 -0.0130134 0.00301741 0.00383477 -0.0407876 -0.0621868 0.00599693 0.00457737 -0.0165313 -0.179034 0.0274991 0.0104308 -0.0089475 0.0596967 -0.0239533 0.0337258
internal_weight=305.379 220.109 32.995 29.1501 23.4329 8.8639 14.569 85.2703 71.3106 64.2636 8.51254 55.751 7.047 187.114 18.496 17.9313 168.618 166.144 5.25926 4.19274 50.4918 164.144 2.65907 0.564713 13.9597 5.71723 17.4223 5.85347 2.73377 12.8561
internal_count=14302 9852 1568 1461 1350 200 1150 4450 4181 3919 1489 2430 262 8284 3024 2958 5260 5007 1301 236 1129 4979 1092 66 269 111 2872 397 70 256
is_linear=0
shrinkage=0.05


Tree=192
num_leaves=31
num_cat=0
split_feature=6 5 8 5 2 4 11 6 6 8 4 4 0 0 2 17 2 19 7 6 6 17 3 11 17 2 15 7 2 6
split_gain=2.02476 4.02747 4.72597 4.12202 5.07645 4.30397 3.62457 3.6027 3.16686 2.86928 2.59347 7.14805 2.43043 2.91524 2.59232 4.21151 3.75984 2.89745 2.32973 1.90153 1.87516 1.7435 1.68161 1.48678 1.2507 1.10894 1.09475 0.49469 0.482544 0.0446845
threshold=0.4810098041222442 0.00082694159613715286 -0.39333090527602471 0.05297552370557599 0.13268750633289614 0.21954239988638688 0.1517685294963014 0.35597052791874345 0.47699447593303645 -0.19267492265425865 0.74122592202978199 0.70604187211180058 2.2584466459382786 1.000230123974984 0.6354383892483183 0.96407056798623081 0.62975204068850854 0.53520632357871667 1.2414405030374527 0.25888720425692474 0.85640980017305635 0.59508740204942745 0.28183602975084893 0.212685688578888 0.3712316968130922 0.30669860590517134 0.18898809523809526 -0.43077735514825116 0.33343410899381914 0.15234943351360286
decision_type=2 2 2 2 2 2 2 2 2 2 2 2 2 2 2 2 2 2 2 2 2 2 2 2 2 2 2 2 2 2
left_child=1 9 3 6 19 -6 21 -8 10 22 11 -4 13 14 16 20 17 -2 -12 -5 -16 -3 27 25 -18 -11 -25 -1 -27 -29
right_child=12 2 8 4 5 -7 7 -9 -10 23 18 -13 -14 -15 15 -17 24 -19 -20 -21 -22 -23 -24 26 -26 28 -28 29 -30 -31
leaf_value=0.010505099523260468 -0.0064771432949015263 0.045601476152893956 0.0040374960353263293 -0.022754737161145563 -0.054171898518135177 0.011079692324077085 -0.056174086174540394 0.025966613712291614 -0.10829205385174985 -0.099989075662083496 -0.047100089847239464 0.069250245955673001 0.057424425401470851 -0.053656484359569503 0.042527132647863557 -0.050264221934167713 -0.17596295183059579 0.0095349894295406346 0.032074317644169424 -0.084643357596894453 -0.051161029067088387 -0.0067706501569407412 0.054088197666984694 -0.052487525980988159 -0.046578824115498414 0.051537374079214493 0.039055268463268754 -0.081499690959159432 -0.053012381249784503 -0.053104070945654037
leaf_weight=0.3471776475198568 39.887327809701674 4.6253905910853081 97.488622468838003 1.6697196534369165 3.9967967045959067 6.872590845960076 3.6243522290606052 2.1132521915133111 0.61956143223505833 1.6140665186103413 4.0814451052574432 4.3913460757757994 2.2369083464145652 2.0945091527464674 10.711107934854223 1.541291191613708 0.20340909063816015 96.857655436178902 1.2029826373327521 4.8354106151964515 0.56211011362029317 2.4208676909183851 1.1702703349292276 0.64347357275255468 2.284677049407037 0.11434862884925712 0.6631912887096405 0.24327718757558636 3.1678248008902301 0.32182469456165563
leaf_count=5 2302 85 3981 53 118 138 49 24 27 24 106 64 11 535 1962 1038 1 1160 34 72 235 25 8 99 374 2 5 3 1678 37
internal_value=0.00172561 -0.00250392 -0.000470252 -0.0179663 -0.0338224 -0.0129141 0.00358367 -0.0259203 0.00442521 -0.0363619 0.00507687 0.00684837 0.00568058 0.00492967 0.00573671 0.0272568 0.00375608 0.00486439 -0.0290763 -0.0687579 0.0378556 0.0276081 0.0144187 -0.0534109 -0.0571564 -0.0660568 -0.00602543 -0.0364692 -0.0493699 -0.0653284
internal_weight=302.607 146.228 137.942 30.1584 17.3745 10.8694 12.7839 5.7376 107.784 8.28545 107.164 101.88 156.379 154.142 152.048 12.8145 139.233 136.745 5.28443 6.50513 11.2732 7.04626 2.08255 6.2029 2.48809 4.89624 1.30666 0.91228 3.28217 0.565102
internal_count=14255 6637 4776 564 381 256 183 73 4212 1861 4185 4045 7618 7607 7072 3235 3837 3462 140 125 2197 110 53 1808 375 1704 104 45 1680 40
is_linear=0
shrinkage=0.05


Tree=193
num_leaves=26
num_cat=0
split_feature=10 3 16 0 6 6 0 18 16 17 8 8 4 9 11 15 19 0 18 7 3 18 7 9 1
split_gain=1.91692 2.63528 3.32762 1.88849 4.21657 1.72252 1.56442 1.54462 4.60556 3.88881 2.55765 3.80783 2.83329 1.11488 0.641285 1.09927 0.0388401 0.0331673 0.00483889 0.00268125 0.000291886 0.000244636 7.8383e-05 1.9612e-05 1.94419e-07
threshold=6.5000000000000009 0.21111267688227639 0.1023024594453166 1.000230123974984 0.77209342128098624 0.91668085810691202 2.2584466459382786 12.500000000000002 0.33568075117370894 0.41728855721393038 -0.44684191259026701 -0.52882466070691836 0.18619599718685839 9.5000000000000018 0.078918554039186642 0.12326685660018995 0.67254193223561287 1.0009956174484478 1.5000000000000002 0.36014459268377269 0.54894981886123084 4.5000000000000009 -0.0074127739227317913 3.5000000000000004 0.76555031625265546
decision_type=2 2 2 2 2 2 2 2 2 2 2 2 2 2 2 2 2 2 2 2 2 2 2 2 2
left_child=3 2 -2 5 14 7 20 10 9 -9 11 -1 -12 -10 17 21 22 -5 -19 -3 24 -16 -7 -24 -6
right_child=1 19 -4 4 6 16 -8 8 13 -11 12 -13 -14 -15 15 -17 -18 18 -20 -21 -22 -23 23 -25 -26
leaf_value=-0.00071232384338483609 0.033921040647740978 0.051281189213293998 -0.051518896139445873 -0.073262630083020572 -0.050208958172393431 -0.05192312170349233 0.057741032239877678 0.01685599508198438 -0.055161959190873681 -0.0055510390069928523 0.036681551460690708 -0.045804935650039007 0.0056761316215926758 -0.0026268961834536794 -0.052996918993836031 0.023808829855503644 -0.068436952890005842 -0.057186013016435111 -0.052535305501729967 0.053839745724845324 -0.052834150364170163 -0.051024764284816941 -0.05026315939799933 -0.05126981948174654 -0.050061770667798502
leaf_weight=33.884663034230471 2.6779684841167164 2.1334029156714678 1.9837991078384218 0.21794641774613221 0.026906570594292467 0.09366892883554101 1.7425492778420446 23.871285963105038 5.1332050128912661 102.54606087785942 7.9425174612551919 5.4323004576435769 101.87895709974691 1.2572139461117329 0.18703888263553403 0.8310754601843654 0.57287777075544 0.662955006584525 3.5773063467677275 1.9690664596855638 0.23967874934896827 0.9871802807028871 0.50360593345248961 0.053525693248957396 0.1350175446132198
leaf_count=220 37 37 18 2 10 4 9 225 539 10510 55 150 986 28 5 10 4 9 822 14 6 223 240 3 177
internal_value=0.000242217 0.0232826 -0.00243763 -0.000449855 -0.0235217 0.000251472 0.0372377 0.000508381 -0.00341338 -0.00131994 0.00400071 -0.00694263 0.00791851 -0.0448265 -0.0436776 -0.0201946 -0.0589425 -0.0542402 -0.0532624 0.0525092 -0.0517262 -0.0513389 -0.0505849 -0.0503599 -0.0500862
internal_weight=300.542 8.76424 4.66177 291.778 8.60765 283.17 2.14415 281.946 132.808 126.417 149.138 39.317 109.821 6.39042 6.4635 2.00529 1.22368 4.45821 4.24026 4.10247 0.401603 1.17422 0.650801 0.557132 0.161924
internal_count=14343 106 55 14237 1273 12964 202 12713 11302 10735 1411 370 1041 567 1071 238 251 833 831 51 193 228 247 243 187
is_linear=0
shrinkage=0.05


Tree=194
num_leaves=28
num_cat=0
split_feature=13 2 2 2 18 2 5 17 2 19 15 3 15 2 19 15 0 3 7 18 15 1 1 1 1 17 15
split_gain=1.5399 1.33309 2.11494 3.26965 1.81291 1.75096 4.08123 1.64478 1.63024 1.55168 2.92139 2.8914 0.0211112 0.00727015 0.00397185 0.000400388 0.000160744 4.14767e-05 1.18578e-05 1.00256e-05 7.36984e-06 2.23721e-06 1.83446e-06 2.34099e-06 1.34001e-06 9.18174e-07 5.83282e-08
threshold=1.0000000180025095e-35 0.6464435539993586 0.64576185762492677 0.64568939707637629 83.500000000000014 0.58755973117803451 0.01577841084655705 0.98657657657657671 0.57895924829078782 0.53601435539554709 0.11024305555555557 0.1765519871431239 0.16515151515151519 0.024011312746534164 0.86370314655063052 0.050933932895191984 0.71447416532301278 0.1834434309816049 -0.29335583886288491 129.50000000000003 0.039736842105263161 0.98898603487512549 0.98806327284726037 0.97613910834839468 1.5544403090052237 0.50362318840579723 0.052911534154535277
decision_type=2 2 2 2 2 2 2 2 2 2 2 2 2 2 2 2 2 2 2 2 2 2 2 2 2 2 2
left_child=1 2 3 5 7 8 -7 9 -1 11 -11 -3 15 -2 17 20 -9 24 -19 22 -4 -18 23 -6 26 -24 -15
right_child=13 4 12 -5 19 6 -8 16 -10 10 -12 -13 -14 14 -16 -17 21 18 -20 -21 -22 -23 25 -25 -26 -27 -28
leaf_value=0.0010788203849502341 -0.065486366300898963 0.048664266583183978 -0.050103628279418548 0.10115170269901622 -0.050042322792854248 9.1414694746221614e-05 -0.044964156858256187 -0.053010319577512267 0.037168499701248754 -0.050518692744896947 0.04039743003315454 -0.050857157462918461 -0.064201795450894814 -0.050024303661497571 -0.057138074843899767 -0.052083417640281397 -0.050299040096810112 -0.051510542417581129 -0.050788704056584956 -0.050900440319060727 -0.050646803389594722 -0.050105829652900238 -0.050519528731485346 -0.050432602807002139 -0.050447065575050715 -0.050041399527235131 -0.050094539454411113
leaf_weight=262.8482242023565 0.18055842816829581 7.1638508503965515 1.0787026593316102 0.8061142252990966 0.076901599240955743 18.319575515735782 6.9264710454881415 0.053562626242637634 3.1668496298225355 1.627905272827775 1.9324842935893682 0.81260433996794734 0.35191977955400933 0.10297091864049412 0.60388618255092297 0.34258334455080319 0.21947386674583036 0.10982363345101476 0.11804716482583899 0.038808558689197525 0.066285372362472006 0.47212811160716228 0.010177923366427422 0.076789144353824668 0.024119666340993717 0.74603920234221732 0.041462407651124522
leaf_count=6219 1 546 1068 57 208 1427 682 1 107 702 25 459 3 343 31 19 54 13 31 7 9 339 1 20 7 1870 41
internal_value=0.000735679 0.000954784 0.000255876 0.000592482 0.0164803 0.000314168 -0.01227 0.0216243 0.00150846 0.0262745 -0.00117185 0.0385255 -0.0531891 -0.0562522 -0.0545854 -0.0505838 -0.0503715 -0.0506967 -0.0511366 -0.0501134 -0.0501351 -0.0501671 -0.0500798 -0.0502373 -0.0501021 -0.0500478 -0.0500445
internal_weight=308.318 307.137 293.907 292.067 13.2307 291.261 25.246 12.282 266.015 11.5368 3.56039 7.97646 1.83949 1.18087 1.00031 1.48757 0.745165 0.396424 0.227871 0.948716 1.14499 0.691602 0.909908 0.153691 0.168553 0.756217 0.144433
internal_count=14290 13823 9591 8492 4232 8435 2109 2126 6326 1732 727 1005 1099 467 466 1096 394 435 44 2106 1077 393 2099 228 391 1871 384
is_linear=0
shrinkage=0.05


Tree=195
num_leaves=22
num_cat=0
split_feature=0 5 12 18 12 12 6 13 2 19 10 15 8 17 2 5 19 5 2 7 19
split_gain=1.736 3.4634 2.20671 2.54693 1.42386 2.04594 1.42034 1.34206 1.42464 1.31964 1.11267 0.867921 0.473604 0.239814 0.188429 0.0905086 0.0573631 0.0528094 0.00544785 0.00126948 0.000220065
threshold=0.65265092346082143 0.067700074389089968 1.5000004691927546 10.500000000000002 1.368585927421911 1.2524157067929786 0.81860090506197236 1.0000000180025095e-35 0.6354383892483183 1.2958409878186468 5.5000000000000009 0.12326685660018995 -0.72859526607884362 0.46211251435132039 0.37229673882492459 0.10476924618419146 1.3744702889869529 0.0073056266421363475 0.051724022510004984 0.35140682710434845 1.5367321187396386
decision_type=2 2 2 2 2 2 2 2 2 2 2 2 2 2 2 2 2 2 2 2 2
left_child=1 11 4 -4 5 7 9 8 -2 10 -6 -1 -3 -5 -11 -14 17 -15 -9 20 -17
right_child=2 12 3 13 6 -7 -8 18 -10 14 -12 -13 15 16 -16 19 -18 -19 -20 -21 -22
leaf_value=-0.013416505308708955 0.0005310126912137506 -0.0065136552473134927 -0.0037569380501066441 -0.087463714421086192 -0.017473295201485273 -0.071287221478370216 -0.023079170483318028 -0.064504714652290435 0.015319569730603187 0.053896575953499885 0.035741565610396951 0.033233141799056794 -0.068973359146702967 -0.018541887184556953 0.034117671545096345 -0.051374370228078059 -0.062263896576037106 -0.053492611335965071 -0.054780013538903341 -0.054803467668236454 -0.052786210325243582
leaf_weight=1.9400041985791161 257.39713656507593 0.44729038490913797 4.1383990580216041 0.97256860521156374 2.1996225394614144 0.97537789630587113 1.6326034241064906 0.17429955303668865 17.385140582118765 2.7091468498110771 1.7749205026775596 2.051364503800869 1.8052585129626098 0.16768000449519582 2.1676239829976112 0.5510253731627015 0.98758994485251606 0.30406137502723141 0.82891667958028847 0.69995219609700132 0.55300659569911659
leaf_count=34 7724 6 31 8 60 36 11 1 5686 23 14 10 26 14 20 43 9 42 442 17 22
internal_value=0.000402512 -0.022508 0.00103006 -0.0276209 0.0016854 0.00100025 0.0197724 0.00125591 0.00146667 0.0276763 0.00629098 0.0105591 -0.055044 -0.0682305 0.0451053 -0.0610583 -0.0554126 -0.0410694 -0.0564696 -0.0531377 -0.0520816
internal_weight=301.863 8.0479 293.815 6.5703 287.245 276.761 10.4839 275.785 274.782 8.85131 3.97454 3.99137 4.05653 2.4319 4.87677 3.60924 1.45933 0.471741 1.00322 1.80398 1.10403
internal_count=14279 158 14121 104 14017 13889 128 13853 13410 117 74 44 114 73 43 108 65 56 443 82 65
is_linear=0
shrinkage=0.05


Tree=196
num_leaves=31
num_cat=0
split_feature=8 8 11 4 18 1 4 3 1 7 1 3 19 15 1 7 10 1 5 7 7 7 17 7 1 8 1 19 14 15
split_gain=1.97632 3.87032 3.75401 3.30246 2.8737 5.17848 3.20475 8.23498 3.05948 2.83845 2.79416 4.4682 3.43871 2.66158 3.28181 2.64249 3.48879 3.13166 3.669 3.02493 2.56631 3.54313 3.91151 3.36392 2.63894 2.54568 2.58845 2.54474 2.44495 2.81304
threshold=-0.39333090527602471 -0.16273412639764764 0.24659558856737065 0.15694456982011559 4.5000000000000009 0.91100340697527993 0.46093397704624695 0.19322214562908499 0.98806327284726037 0.41430731178616836 0.94400859743805177 0.49366807625963799 0.56767779731273882 0.28388278388278393 0.74163536167051902 -0.48363472228108573 1.5000000000000002 0.41154796575205704 0.00361784107767456 3.7935406940410989 -0.063511575829301795 -0.24214226331986635 0.39339826839826847 0.071592455068093627 0.68684890820086919 -0.34429611182886427 0.72285972251239927 0.55499970541376875 0.28679653679653688 0.049281521959117593
decision_type=2 2 2 2 2 2 2 2 2 2 2 2 2 2 2 2 2 2 2 2 2 2 2 2 2 2 2 2 2 2
left_child=2 10 3 -1 15 13 8 -8 -7 -4 25 28 -13 14 -6 16 -3 19 -19 -17 21 22 -5 -22 -25 26 -2 -23 29 -12
right_child=1 4 9 20 5 6 7 -9 -10 -11 11 12 -14 -15 -16 17 -18 18 -20 -21 23 27 -24 24 -26 -27 -28 -29 -30 -31
leaf_value=-0.056980844620198562 0.032958056510750219 0.0073349401429714817 -0.064585104643593447 0.031033495120281626 -0.0040275558926594658 0.030544461105296457 0.010582162500422739 -0.060103288372854405 -0.00051108679388147565 0.0098636270139551303 -0.01655201012896209 -0.00082323752639777605 -0.086195365896546916 0.0059371318958639186 -0.052814233811235234 -0.054273454935922116 -0.043281096997107499 -0.065464831139254581 0.029241270959709017 0.014917268751549143 -0.053469520147779392 -0.023307376383014479 -0.024127375521350483 -0.021999448072791174 0.0083079324010713711 0.038693142688631832 -0.1138181472486858 0.049144609163147043 -0.038361343690745314 0.02362432947865515
leaf_weight=2.8058633578038998 0.62820604478474595 11.688699004240336 4.6851189810331553 5.0643117362633374 4.9749729573668509 8.7197345410313556 9.0864782262797252 7.5392257857020004 87.637875085958512 1.7616949696093795 5.2517370688656255 2.6705027207208323 2.1126222023740411 4.4215677473694077 11.223966239871514 2.6898295432329205 4.8034012969583264 1.0678169357997855 24.18320089392364 3.8272622064687312 3.9549852660857132 1.4592301134543939 8.7954283695580653 12.344050224171953 17.176878615340684 13.353886202618012 0.57560328437830321 7.15169364400208 2.1506585485767564 25.569490140187554
leaf_count=268 11 72 83 45 170 771 986 170 8344 16 333 155 18 34 1079 22 34 247 258 28 145 94 158 108 160 192 43 64 26 248
internal_value=-0.000322648 0.00182093 -0.00802176 -0.0040475 -0.00162655 -0.00540403 -0.00119866 -0.0214714 0.00229924 -0.0442408 0.013806 0.00663055 -0.0385306 -0.028446 -0.037831 0.00883105 -0.00740722 0.017261 0.0252363 -0.0136401 -0.00139276 0.0116779 -0.00397174 -0.0101664 -0.00436497 0.0324154 -0.0372232 0.0368667 0.0131819 0.0167785
internal_weight=299.376 234.177 65.1993 58.7524 181.864 133.604 112.983 16.6257 96.3576 6.44681 52.3127 37.755 4.78312 20.6205 16.1989 48.2602 16.4921 31.7681 25.251 6.51709 55.9466 22.4707 13.8597 33.4759 29.5209 14.5577 1.20381 8.61092 32.9719 30.8212
internal_count=14382 13241 1141 1042 12215 11554 10271 1156 9115 99 1026 780 173 1283 1249 661 106 555 505 50 774 361 203 413 268 246 54 158 607 581
is_linear=0
shrinkage=0.05


Tree=197
num_leaves=31
num_cat=0
split_feature=6 6 3 1 18 11 8 1 4 2 0 6 6 9 15 6 2 11 0 19 2 3 3 19 3 0 9 3 11 1
split_gain=1.47414 2.94225 4.37322 4.86087 4.044 3.27988 2.82319 4.14688 4.10695 2.76336 2.72364 2.67058 3.21634 4.43971 3.46853 3.00467 3.03739 2.53461 2.09778 2.30716 3.42786 3.33224 3.25694 2.38831 1.90583 1.6927 1.28254 5.28398 2.0663 5.28185
threshold=0.65938233964265136 0.57194920742150523 0.49188335001969546 1.101326372545042 1.5000000000000002 0.27507518928887714 -0.14799246722212786 0.59002703067049089 0.17963338900013134 0.016853039026482993 0.69825256127088819 0.49640991711857346 0.41951230289685576 3.5000000000000004 0.20881782945736438 0.50543132936111623 0.073801769929773678 0.017325247436796448 2.2584466459382786 0.56959365571386844 0.64568939707637629 0.1765519871431239 0.52993420370264011 0.49102041706712057 0.15730038811178773 0.69999816845880403 1.5000000000000002 0.33487493228289039 0.12959428710250978 0.9099157082659024
decision_type=2 2 2 2 2 2 2 2 2 2 2 2 2 2 2 2 2 2 2 2 2 2 2 2 2 2 2 2 2 2
left_child=1 2 11 9 -3 6 7 -6 -8 25 -11 12 14 -14 -1 17 -17 -13 19 20 22 24 23 -2 -22 -4 27 -21 -28 -30
right_child=18 4 3 -5 5 -7 8 -9 -10 10 -12 15 13 -15 -16 16 -18 -19 -20 26 21 -23 -24 -25 -26 -27 28 -29 29 -31
leaf_value=0.00013758988610025261 -0.0070722678815390155 0.030152043716860158 0.0044238694308028964 -0.078867725631279445 -0.095092953660717183 -0.086617704248414473 -0.073676314349604879 0.016166026080212642 -0.015435413003368925 -0.078470178327754214 0.0088412998701127964 -0.052403847933585872 -0.038291570379159388 0.0045517258616751977 0.020185379402758233 0.042333507528999816 0.0024676763339771457 0.075925616938624207 0.056677733113626963 -0.072583701434809925 -0.0016117714391247371 -0.050545840648934054 0.022366161483024727 -0.040602464677538669 0.061077984177526204 -0.052238222948226665 0.0280610951911104 0.029888007673211328 -0.046119948061053122 0.018636096034197285
leaf_weight=80.712130137198983 14.067597725748788 4.4016678705811492 1.8261110722087321 2.8994343205122268 0.92997295901295984 1.8039044868637564 3.9610996302799384 8.4237753791239793 12.835014670454255 0.95896661840379671 13.023044102214037 0.43643642884854061 10.907833204015335 13.568852107324345 29.446307533420622 6.3713148887036395 19.104895637676236 3.2500991895358311 2.1035258062183848 2.037556852643319 1.7060095070846717 1.1370883526251416 5.767200263158883 8.5316244320129027 4.1897623322438449 4.7375704925507369 19.990166208765004 3.2883272708859295 3.9871851239295237 14.97836300365452
leaf_count=5017 1152 24 22 43 23 42 675 186 551 30 398 101 1060 234 226 58 1051 61 11 110 742 776 48 751 279 54 329 38 43 200
internal_value=0.0016623 -0.000471727 0.00193411 -0.0182633 -0.0143944 -0.0214088 -0.0169105 0.00510438 -0.0291706 -0.00971072 0.00285298 0.00482505 0.0018537 -0.014541 0.00549654 0.0185428 0.0124377 0.0607331 0.00739236 0.00609125 -0.00342457 0.0278233 -0.0111718 -0.0197305 0.042938 -0.036474 0.0136983 -0.00931524 0.0168447 0.00502224
internal_weight=301.383 219.598 187.243 23.4451 32.3554 27.9538 26.1499 9.35375 16.7961 20.5457 13.982 163.798 134.635 24.4767 110.158 29.1627 25.4762 3.68654 81.7844 79.6809 35.3993 7.03286 28.3664 22.5992 5.89577 6.56368 44.2816 5.32588 38.9557 18.9655
internal_count=14335 9856 8355 547 1501 1477 1435 209 1226 504 428 7808 6537 1294 5243 1271 1109 162 4479 4468 3748 1797 1951 1903 1021 76 720 148 572 243
is_linear=0
shrinkage=0.05


Tree=198
num_leaves=31
num_cat=0
split_feature=15 6 17 6 17 15 6 6 6 5 3 1 11 6 1 5 0 2 18 11 2 7 7 5 7 2 3 4 16 15
split_gain=2.12426 3.02649 5.48641 4.09692 3.03048 4.35281 3.0518 2.99675 2.96374 2.51938 3.92938 2.40927 2.22418 3.41502 2.18824 2.12952 2.04978 2.05242 3.52524 5.00583 3.15536 2.48464 4.29194 1.79253 1.63582 1.53533 2.27111 1.47544 1.5063 1.31495
threshold=0.20144927536231888 0.400336853181473 0.70801282051282066 0.60314899956574541 0.32971014492753631 0.61250000000000016 0.54669642207598457 0.89344893320642349 0.46137882932745661 0.014610876444897622 0.31048362083684394 2.4889299632725064 0.10429384984517809 0.26756278914634629 1.0814992030041923 0.038911242712111709 0.65265092346082143 0.52122394088047008 50.500000000000007 0.035567962815757262 0.51305268231560208 0.44729571759652575 0.017949718958651464 0.00022237752777299073 -0.30287055565358506 0.10159720626531864 0.38074101965411816 0.1848700173428747 0.18044171220400732 0.11024305555555557
decision_type=2 2 2 2 2 2 2 2 2 2 2 2 2 2 2 2 2 2 2 2 2 2 2 2 2 2 2 2 2 2
left_child=7 2 12 4 6 8 -3 16 -6 -5 14 29 13 24 -11 -12 25 18 20 -20 -18 22 -19 -23 -2 -1 -27 -14 -29 -9
right_child=1 3 -4 9 5 -7 -8 11 -10 10 15 -13 27 -15 -16 -17 17 21 19 -21 -22 23 -24 -25 -26 26 -28 28 -30 -31
leaf_value=-0.065864364410232287 -0.036666960163550803 -0.015755972650897003 -0.049753335980011665 0.045876070153528965 -0.041922372974809489 0.048667457085343702 -0.082077586497334626 -0.056971904412644714 0.0020321035483199263 -0.054784618445069426 -0.020905400394919334 -0.23397855532626283 0.0025951032944669626 0.037765251146405832 0.0073607690288659926 0.033829223571667309 -0.00049232261978811277 6.5985118949522432e-05 -0.050563498073678048 0.045986514367857417 0.073011162617705835 0.028824180341981989 -0.039269432299466889 -0.0068367056868546827 0.013411161127400853 -0.051255481649704865 0.030000478741484451 0.059623021924311438 0.024667137088650509 0.034365144374897731
leaf_weight=2.0360232638195148 3.6094871088862419 4.7363161686807898 2.5829519536346188 5.3351242374628809 5.8690711390227142 3.4165282920002928 2.7368373090866953 2.2523738690215396 11.066101456061004 3.1953154541552093 2.1953007243573657 0.17190726101398457 2.3215297334827474 6.1539438012987375 2.5444955620914698 9.3270905306562764 149.27127975926851 14.260050520395454 1.5941768569318799 8.5032902636594354 1.4744924183469255 5.5172702333875341 13.499515378753129 9.7534102340650843 2.9746027886867576 1.7394065430853518 1.7007845463231204 7.8438699999824149 5.0763023318722844 0.47761332429945458
leaf_count=42 22 36 22 59 50 17 24 484 92 24 26 2 24 42 25 105 3918 937 494 175 19 780 5391 1310 26 73 22 48 54 6
internal_value=0.000665955 0.00755547 0.0199706 3.01847e-05 -0.0128138 -0.00281471 -0.0400444 -0.00196275 -0.0132008 0.0158454 0.00656405 -0.0524249 0.0264072 0.0109867 -0.0272352 0.0234009 -0.00126327 -0.000452405 0.00214242 0.0307433 0.000226638 -0.0101516 -0.0190629 0.00604751 -0.0140423 -0.0314508 -0.0110836 0.0392947 0.0458889 -0.0409924
internal_weight=293.236 80.9849 30.5627 50.4222 27.8249 20.3517 7.47315 212.252 16.9352 22.5973 17.2622 2.90189 27.9797 12.738 5.73981 11.5224 209.35 203.873 160.843 10.0975 150.746 43.0302 27.7596 15.2707 6.58409 5.47621 3.44019 15.2417 12.9202 2.72999
internal_count=14349 696 238 458 219 159 60 13653 142 239 180 492 216 90 49 131 13161 13024 4606 669 3937 8418 6328 2090 48 137 95 126 102 490
is_linear=0
shrinkage=0.05


Tree=199
num_leaves=15
num_cat=0
split_feature=1 9 13 7 4 19 8 6 3 18 8 18 19 18
split_gain=1.9521 1.72807 1.31178 1.24377 3.23654 3.82834 3.35231 2.02908 1.99343 1.96472 0.922403 0.00445216 0.00333868 4.4682e-05
threshold=0.10021843759488121 25.500000000000004 1.0000000180025095e-35 -0.52397714857510425 0.28685245725927483 0.56552793720406325 1.9796872985457508 0.89344893320642349 0.39729962317772166 3.5000000000000004 0.80955190081919659 2.5000000000000004 0.86370314655063052 28.500000000000004
decision_type=2 2 2 2 2 2 2 2 2 2 2 2 2 2
left_child=10 2 3 4 5 -2 -6 9 -9 -5 -1 -4 13 -13
right_child=1 -3 11 7 6 -7 -8 8 -10 -11 -12 12 -14 -15
leaf_value=-0.060717127673858708 -0.06285029773341122 -0.077439367157724592 -0.0633706583056724 0.010868975002639872 -0.023195709771138148 0.020017485332981658 0.04302588388347918 -0.07248469151727982 0.0028491551226991368 -0.00056086207478934016 -0.012820400538365102 -0.051272772314943309 -0.056904283228379177 -0.050139439874210892
leaf_weight=1.9263211973011483 1.5638413823908184 0.73136099707335134 0.16647394001483806 46.397753147408366 25.572763481060978 12.812749196484218 2.0654649417847386 1.8447155392568668 1.675920302281156 198.23261235889368 2.1021202150732279 0.16008492500986904 0.54863996099447832 0.19040940745617263
leaf_count=20 93 10 1 559 233 115 15 272 221 12276 22 14 28 418
internal_value=-0.00115549 -0.000678522 -0.000485755 -0.000282399 -0.00823802 0.0110034 -0.0182468 0.00106458 -0.0366237 0.00160697 -0.0357237 -0.0558597 -0.054469 -0.0506571
internal_weight=295.991 291.963 291.231 290.166 42.0148 14.3766 27.6382 248.151 3.52064 244.63 4.02844 1.06561 0.899134 0.350494
internal_count=14297 14255 14245 13784 456 208 248 13328 493 12835 42 461 460 432
is_linear=0
shrinkage=0.05


Tree=200
num_leaves=31
num_cat=0
split_feature=4 16 14 17 15 2 7 19 1 7 4 7 2 1 11 19 0 5 0 0 8 12 17 15 15 6 15 17 16 1
split_gain=2.06627 5.40928 4.73174 3.66033 3.65437 3.53915 2.6902 3.77726 3.95178 3.51826 2.51483 5.07925 2.42758 2.3799 3.33262 3.3346 2.17867 2.17792 1.87254 7.16189 4.62975 3.74644 3.10305 2.06912 1.85937 1.75835 1.667 2.0544 1.60917 1.69623
threshold=0.51833380904852178 0.12974987974987975 0.11651583710407241 0.23861283643892342 0.51315789473684215 0.0065023384842218144 0.67411687735867332 0.62538348367033991 0.8014020076483378 2.6706599350452187 0.46628991918626178 -0.7589426785352823 0.073801769929773678 0.84444816059803884 0.0065715445517023604 0.57282846289323786 1.000230123974984 0.31637600979773833 0.99301392515452203 0.73212339746711763 -0.26392629257572514 1.4285762823375292 0.85120759056929274 0.32379032258064522 0.17902930402930406 0.36492905472264153 0.12326685660018995 0.66506410256410264 0.13712060166532369 0.81241090126705473
decision_type=2 2 2 2 2 2 2 2 2 2 2 2 2 2 2 2 2 2 2 2 2 2 2 2 2 2 2 2 2 2
left_child=10 2 6 5 28 -3 7 8 -2 -8 16 -12 -9 26 24 -16 18 -7 19 20 -1 22 -20 -21 -15 -4 27 -13 -5 -30
right_child=1 3 25 4 -6 17 9 12 -10 -11 11 13 -14 14 15 -17 -18 -19 21 23 -22 -23 -24 -25 -26 -27 -28 -29 29 -31
leaf_value=0.013157856907619373 -0.067434324162374201 0.036427701914538375 -0.017392210017330201 0.083411587358693681 -0.028805866986407053 -0.040360909344900456 0.027843742221718055 0.035934441296258467 -0.015244936555746042 -0.053877468181159766 -0.11802482247453193 -0.036121541769222824 -0.021441755795753581 -0.042312464973408279 -0.086282265086578797 0.016600438574847203 -0.031994666048728443 0.034149617579945168 0.0069643278362661503 -0.044877938397324971 -0.018740203666167483 -0.066861926118592804 -0.013036872588753096 -0.14625383539362496 -0.119060922238344 0.058315429413958134 0.030616421066797034 0.028056500960895445 0.053264708131321559 0.021063202635715959
leaf_weight=27.064075482048793 5.8906434870150468 3.7768168335314858 0.97401527450710901 2.1249654782586793 1.9916223995387543 4.8311418846133165 6.7742403172596806 3.8184527102857819 9.4396783722477249 1.634893091584672 1.2274663940770576 3.4491753645415901 3.5644160790834576 2.192180810452554 0.99885051496676158 3.7237134756869636 5.3628260462282915 1.2305165638681499 129.42603021099058 7.3138050747511434 19.623557153914589 1.8901191428158188 22.809185551370319 0.54053416848182667 1.233047369867563 3.6075772095937282 3.7079088427126408 1.953018039523158 8.1776410620659608 8.1804040231218078
leaf_count=311 152 28 43 18 9 227 154 24 660 110 12 241 34 376 56 46 965 29 3083 699 210 69 6131 3 6 81 35 48 140 244
internal_value=0.000160916 0.00796758 -0.00522012 0.0235005 0.0355445 -0.00156395 -0.012204 -0.0211486 -0.0352986 0.0119556 -0.00205559 -0.0197494 0.00823347 -0.0127596 -0.0323931 -0.00515987 -0.000527411 -0.0252353 0.000281309 -0.00768084 -0.000249407 0.00309896 0.00396758 -0.0518546 -0.0699411 0.0422205 0.00479997 -0.0129197 0.0424786 0.0371612
internal_weight=298.533 66.017 35.7039 30.3131 20.4746 9.83848 31.1223 22.7132 15.3303 8.40913 232.515 18.4854 7.38287 17.2579 8.14779 4.72256 214.03 6.06166 208.667 54.542 46.6876 154.125 152.235 7.85434 3.42523 4.58159 9.1101 5.40219 18.483 16.358
internal_count=14244 1953 1258 695 411 284 1134 870 812 264 12291 820 58 808 484 102 11471 256 10506 1223 521 9283 9214 702 382 124 324 289 402 384
is_linear=0
shrinkage=0.05


Tree=201
num_leaves=18
num_cat=0
split_feature=1 15 8 8 1 3 8 5 15 8 7 15 18 9 3 16 3
split_gain=3.95525 1.52742 1.45429 3.95708 4.37148 3.56809 3.20101 2.72107 4.96986 2.70219 2.67651 3.89544 2.55263 4.36881 2.12105 2.04353 0.344733
threshold=0.10021843759488121 0.81666666666666676 -0.089855396254323844 -0.44684191259026701 0.94400859743805177 0.49366807625963799 0.094995627261992108 6.2506183300142996e-05 0.17595459236326114 0.15817007244905235 -1.0061724284617068 0.37638888888888894 33.500000000000007 5.5000000000000009 0.31048362083684394 0.40192307692307699 0.51565107956431289
decision_type=2 2 2 2 2 2 2 2 2 2 2 2 2 2 2 2 2
left_child=16 2 3 12 15 -6 10 8 -8 -9 -4 -12 13 -2 -14 -5 -1
right_child=1 -3 6 4 5 -7 7 9 -10 -11 11 -13 14 -15 -16 -17 -18
leaf_value=-0.033768592774251045 -0.0093688530425563629 -0.026895768091244401 0.053034981387239333 0.046891138283422534 0.011490653683169439 -0.033760965792252066 -0.072734134793810509 0.023079360108107586 0.053253792819289041 0.00095708635028216016 -0.015748016184380913 -0.092425549060968532 -0.025618467316146851 0.024536954349206233 -0.12530867681531796 0.012852664766745008 -0.064659934325640975
leaf_weight=1.6756740491837256 36.508070834854152 4.4810077361762515 1.2462572846561695 12.596225456421964 39.965595735026 4.8891014729742883 2.8904598836088549 15.508276772110547 1.0734543055295942 125.59011802070381 19.127715812428509 1.8134142942726601 2.5585263650064003 12.842841966266858 0.6741518226917832 6.7843356959638177 1.9589131772518156
leaf_count=19 404 28 12 239 925 208 995 1278 7 8307 1203 12 184 211 112 97 21
internal_value=0.00141565 0.00206855 0.00252544 0.0068061 0.0151322 0.00655829 -0.000464468 0.00224078 -0.0386158 0.00338857 -0.0181515 -0.022388 -0.00336487 -0.00054537 -0.0464081 0.0349757 -0.0504179
internal_weight=292.184 288.55 284.069 116.819 64.2353 44.8547 167.25 145.062 3.96391 141.098 22.1874 20.9411 52.5836 49.3509 3.23268 19.3806 3.63459
internal_count=14262 14222 14194 2380 1469 1133 11814 10587 1002 9585 1227 1215 911 615 296 336 40
is_linear=0
shrinkage=0.05


Tree=202
num_leaves=31
num_cat=0
split_feature=4 16 14 4 7 6 17 8 18 5 6 18 16 18 8 0 0 8 17 14 10 17 15 6 5 7 6 7 8 6
split_gain=1.27934 5.4308 5.28832 3.71236 6.10017 3.44504 3.35807 5.47984 3.15234 3.90009 2.88525 2.71621 2.65825 2.59874 2.24729 2.07769 6.47459 5.14525 3.93629 2.97123 2.7142 2.69555 3.46302 2.34051 2.23655 2.16507 2.02162 1.81026 1.71174 1.65831
threshold=0.51833380904852178 0.12974987974987975 0.24117158288325721 0.46628991918626178 -0.57706482529811243 0.78373151450277423 0.99528301886792458 -0.430340563532494 10.500000000000002 0.040297532549091422 0.4810098041222442 19.500000000000004 0.13712060166532369 14.500000000000002 -0.30664266840060189 0.99301392515452203 0.73212339746711763 -0.26392629257572514 0.40175438596491236 0.47267025089605741 2.5000000000000004 0.5300120048019209 0.72077922077922085 0.18873702155219188 0.10914967418496127 -0.23635781592338448 0.1787298183248501 -0.63512645822350178 -0.82990640942565086 0.13205098624181269
decision_type=2 2 2 2 2 2 2 2 2 2 2 2 2 2 2 2 2 2 2 2 2 2 2 2 2 2 2 2 2 2
left_child=3 2 6 15 -5 12 7 -2 14 -10 -9 -11 -3 26 -6 16 17 18 -1 21 -19 22 -17 -23 25 -21 -14 -18 -15 -8
right_child=1 5 -4 4 8 -7 29 10 9 11 -12 -13 13 28 -16 19 27 20 -20 24 -22 23 -24 -25 -26 -27 -28 -29 -30 -31
leaf_value=-0.0089203904451257247 0.020812182713292167 0.081815979465575089 0.046251625681688363 -0.096395490275114223 -0.026726926346150787 -0.034551744731802163 0.076256726972318375 -0.06415231718701922 -0.16531160556882973 0.027564429218795424 -0.021103261054829445 -0.063831935399631293 -0.026904112491822691 0.059243203935901559 0.016657157591710135 0.012635175324641973 0.010982054393120416 -0.0070440416216669549 0.031188541073233683 0.029121702773473257 -0.04778394732512798 -0.035642266804036364 -0.061589453676083109 0.00015666189946622039 0.044902436876435949 -0.07391555921008261 0.03133537446499704 -0.059787689806521362 -0.057721160993825474 0.0026428664660531282
leaf_weight=10.643697568724749 4.9588256104616439 2.071472443698446 4.2906159736157852 2.4283499028242685 4.7450546082109204 2.447422969271428 0.81615106630488199 6.7624981959816095 0.62084272503852744 1.3089864727226088 9.1701435727591143 2.1450492802832741 1.5972632358316392 0.39503601193428051 8.0471721626236121 76.362401654390851 1.0445033065916494 12.158285175450148 14.383535698056219 0.62409797124564681 6.1594420080073169 4.8858292503500698 1.6044618636369694 69.690894897728867 0.66962708614300925 2.7844341477175467 22.201342967571691 6.699402070393262 1.5026380991621395 12.217204622487769
leaf_count=203 89 15 117 23 38 106 9 418 3 20 475 396 48 1 352 969 10 129 104 10 79 828 11 8351 27 127 306 684 214 180
internal_value=0.000482855 0.00647558 -0.00604919 -0.00132364 -0.0223023 0.0223166 -0.0126639 -0.025089 -0.0116352 -0.0499337 -0.0393751 -0.0291952 0.0273289 0.0229365 0.000564584 0.00062519 -0.00813056 -0.000606999 0.0141308 0.00348125 -0.0207431 0.00460728 0.0111077 -0.00218867 -0.0386376 -0.0550496 0.0274266 -0.0502422 -0.0333729 0.00725258
internal_weight=295.437 68.4306 38.2154 227.006 19.2955 30.2152 33.9248 20.8915 16.8671 4.07488 15.9326 3.45404 27.7678 25.6963 12.7922 207.711 51.0889 43.345 25.0272 156.622 18.3177 152.544 77.9669 74.5767 4.07816 3.40853 23.7986 7.74391 1.89767 13.0334
internal_count=14342 1978 1288 12364 832 690 1171 982 809 419 893 416 584 569 390 11532 1209 515 307 10323 208 10159 980 9179 164 137 354 694 215 189
is_linear=0
shrinkage=0.05


Tree=203
num_leaves=23
num_cat=0
split_feature=6 4 4 15 5 9 6 15 18 1 16 15 14 19 19 0 18 1 19 1 8 16
split_gain=2.63166 2.11305 3.77155 2.05797 1.93423 1.7777 1.76337 1.08622 0.658842 0.494346 0.40408 0.351873 0.567897 0.338604 0.00686612 0.00316884 0.000945924 0.000822735 3.38105e-05 8.49771e-06 5.86042e-06 7.62838e-09
threshold=0.13546192957499817 0.11863035314223348 0.11904588088490606 0.15831244778613202 0.35019181444754016 25.500000000000004 0.2362918661098288 0.93750000000000011 69.500000000000014 2.4889299632725064 0.042705167173252283 0.15450928381962867 0.10960960960960962 0.39150031727265983 2.9436955508062881 0.99999980854987547 36.500000000000007 0.41154796575205704 0.5201636877293182 1.4620681573581027 0.72488549009415104 0.94281045751633996
decision_type=2 2 2 2 2 2 2 2 2 2 2 2 2 2 2 2 2 2 2 2 2 2
left_child=7 3 10 14 5 6 -4 8 11 19 -3 12 17 -6 16 21 -2 -1 -18 20 -10 -16
right_child=1 2 4 -5 13 -7 -8 -9 9 -11 -12 -13 -14 -15 15 -17 18 -19 -20 -21 -22 -23
leaf_value=-0.056577123838316368 -0.05317396595300921 0.053005741017279506 0.011156308071214375 0.048861001862183756 -0.12151676150504619 -0.075605393625460746 0.0001315939019143738 0.042227970600531253 -0.050068166496707971 0.055128786703233013 0.10056107508251727 -0.076288768007790497 0.031727702111596444 -0.052712812887677332 -0.050077375360096613 -0.063327187015087036 -0.050141517344051562 -0.051961240167663583 -0.050528033655729991 -0.051086965292891952 -0.050714556207094634 -0.050041887526306297
leaf_weight=0.10273638367652882 0.35010817056172561 1.0292561449314224 42.871645020124561 0.60865612165071059 0.27807579166255791 0.74316684307996084 235.54546809275053 0.36972577869892109 0.099181490411865414 0.25313299894332886 0.78920525524881657 1.2582951486110685 0.22838126565329719 0.50094928662292659 0.035147784888977185 0.16616059839725483 0.81814019521698389 1.5995872173516543 1.8343384026047713 0.043707348013413139 0.054243081423919648 0.026605921695590951
leaf_count=1 26 40 1495 8 9 10 10000 2 174 1 17 7 27 40 37 1 1114 348 928 4 12 48
internal_value=0.000803031 0.00136774 0.00186976 -0.0354764 0.00140352 0.00162308 0.00182922 -0.0394261 -0.0477216 0.00889541 0.0736446 -0.0557155 -0.0423074 -0.0772726 -0.0513663 -0.059733 -0.0507312 -0.0522398 -0.0504088 -0.0504719 -0.0502967 -0.0500621
internal_weight=289.606 285.597 281.758 3.83916 279.939 279.16 278.417 4.00899 3.63926 0.450265 1.81846 3.189 1.9307 0.779025 3.2305 0.227914 3.00259 1.70232 2.65248 0.197132 0.153425 0.0617537
internal_count=14349 13773 11611 2162 11554 11505 11495 576 574 191 57 383 376 49 2154 86 2068 349 2042 190 186 85
is_linear=0
shrinkage=0.05


Tree=204
num_leaves=31
num_cat=0
split_feature=18 16 17 18 6 1 6 0 10 8 18 7 14 17 3 1 1 7 16 7 9 7 15 9 11 6 9 18 3 15
split_gain=1.81049 3.86754 4.29873 2.5211 2.83775 2.21259 4.02575 4.72529 3.72672 3.04019 3.95311 3.87192 3.93413 3.50245 3.34061 2.73365 2.86476 2.16465 2.1531 2.10687 1.97773 5.2215 2.64347 3.44101 1.91091 1.77243 1.21694 1.36816 1.08997 0.941347
threshold=12.500000000000002 0.33568075117370894 0.41728855721393038 14.500000000000002 0.7456506002142621 1.1049726468453904 0.36173831531309852 0.90238337742271757 2.5000000000000004 0.95982930226582297 10.500000000000002 1.1528959389604383 0.41522988505747133 0.83255451713395645 0.18188103195888547 0.86277694984436493 0.41154796575205704 0.1866834542388304 0.075614636935391666 0.82783585594723108 5.5000000000000009 0.2513036066309266 0.27346041055718479 9.5000000000000018 0.27507518928887714 0.18873702155219188 9.5000000000000018 25.500000000000004 0.50823545767590905 0.20144927536231888
decision_type=2 2 2 2 2 2 2 2 2 2 2 2 2 2 2 2 2 2 2 2 2 2 2 2 2 2 2 2 2 2
left_child=5 2 20 4 18 9 7 -7 -9 11 14 12 13 -1 -11 16 -13 -12 -4 -16 21 29 -22 -24 25 -5 -3 -28 -8 -2
right_child=1 26 3 24 -6 6 28 8 -10 10 17 15 -14 -15 19 -17 -18 -19 -20 -21 22 -23 23 -25 -26 -27 27 -29 -30 -31
leaf_value=-0.0056487030491890796 0.012127045584615942 -0.054654094113172229 -0.060414424671961356 -0.026901907235645974 -0.10035226947466176 0.046101813238474725 0.04744667399961372 -0.086489493409808549 0.0034473527855895924 -0.055937115780677393 0.13663638602390643 -0.010069029463846054 0.047614669972628101 -0.034701479360942734 0.022277642003779741 -0.036620388333535002 0.038832384258055082 0.038739516196730918 0.019709567148778282 -0.015703711453316619 0.044598328717121272 -0.04784227156351159 0.039976635218021514 -0.042181656535314332 -0.046104058043635668 -0.0030163129589750553 0.04776091715661724 -0.053981990588711316 0.011720838892823705 0.052110220022201587
leaf_weight=75.489099512633402 4.2477513663470763 5.0755295105627729 1.5741234502638684 8.5308656408233201 1.503350206709001 2.4093944532796741 7.9899449902004545 2.2427231997135122 2.3680377155542374 1.8170572037925072 0.9247914776206011 4.1149749155156341 3.106692938366904 12.026467020041308 17.925277097267102 2.0043673017062238 11.003031788510269 1.4500405362050512 1.7940484922874018 4.585163429088424 8.6497367095726059 3.7923130599665456 2.5682776011526576 2.5298162568360567 2.9369793029181883 86.708370221658697 0.6918133186700286 0.63253092367085628 2.9134592739865184 2.2528297491371632
leaf_count=688 40 571 38 1121 20 13 93 34 21 92 4 36 22 155 195 23 129 57 40 321 95 28 35 25 310 10026 16 27 22 28
internal_value=-0.00133984 -0.00559113 -0.00368129 -0.00812291 -0.0432318 0.00238463 0.0188865 -0.0106452 -0.0402989 0.000184711 0.0152879 -0.0035583 -0.00767833 -0.00964116 0.00927707 0.0182474 0.0255219 0.0768619 -0.0177366 0.0145412 0.0153572 -0.00121683 0.0277661 -0.000792599 -0.0063808 -0.00515582 -0.0435168 -0.000833348 0.0379005 0.0259835
internal_weight=285.859 133.488 127.088 103.048 4.87152 152.371 17.9236 7.02016 4.61076 134.447 26.7023 107.745 90.6223 87.5156 24.3275 17.1224 15.118 2.37483 3.36817 22.5104 24.0407 10.2929 13.7478 5.09809 98.1762 95.2392 6.39987 1.32434 10.9034 6.50058
internal_count=14325 12420 11806 11555 98 1905 183 68 55 1722 669 1053 865 843 608 188 165 61 78 516 251 96 155 60 11457 11147 614 43 115 68
is_linear=0
shrinkage=0.05


Tree=205
num_leaves=31
num_cat=0
split_feature=6 8 17 6 17 14 2 16 8 0 2 2 2 17 15 3 18 3 16 2 11 3 9 15 4 15 15 10 7 7
split_gain=1.76373 2.47846 3.8962 1.87369 8.64849 4.16437 2.69388 3.21161 2.46583 2.39034 2.39127 6.08598 2.38441 2.31494 2.01147 1.90479 4.77316 1.9963 1.80232 1.28256 0.928031 1.04052 1.08408 0.830215 0.228091 0.206964 0.140719 0.0832093 0.00498438 8.75922e-05
threshold=0.15733407427089038 -0.16273412639764764 0.32971014492753631 0.2362918661098288 0.72776679841897252 0.13335704125177814 0.10159720626531864 0.18230694037145653 2.0648189575470597 2.2584466459382786 0.6354383892483183 0.62975204068850854 0.62725879320132194 0.35805860805860812 0.19803921568627456 0.1765519871431239 59.500000000000007 0.15730038811178773 0.10982310372554276 0.0089826272204031367 0.23738250585084988 0.74565484895537004 17.500000000000004 0.31929669030732866 0.70604187211180058 0.16515151515151519 0.17595459236326114 5.5000000000000009 -0.57706482529811243 -0.10142478842371776
decision_type=2 2 2 2 2 2 2 2 2 2 2 2 2 2 2 2 2 2 2 2 2 2 2 2 2 2 2 2 2 2
left_child=1 2 25 4 5 6 13 -8 14 10 11 12 -5 -2 19 17 -17 -12 24 -6 21 22 27 -13 26 28 -4 -3 -1 -30
right_child=3 20 18 9 8 -7 7 -9 -10 -11 15 23 -14 -15 -16 16 -18 -19 -20 -21 -22 -23 -24 -25 -26 -27 -28 -29 29 -31
leaf_value=-0.061243278351651935 0.016030720865948284 -0.059322805363042824 0.024688692911920954 -0.0014095694810545005 0.048281344412684307 -0.042949672594188672 0.049086044990760913 0.012704484931995453 -0.16161916560756007 0.054001528106063949 0.0021188079346629155 -0.050072212977984955 0.067140864549994433 -0.052044450980761117 0.052910724519716006 0.04864188968005928 -0.051738628175169193 0.045240944476490991 -0.019871328432106872 -0.05238576937057457 0.045305755607113959 0.030113625256211571 0.054131458356275711 -0.11385702803057379 0.081461417742518707 -0.098736012539013804 0.058122714705099401 -0.081206548308616747 -0.052087481252255818 -0.050533139090169488
leaf_weight=0.19362507155165076 4.326829060213643 3.7318021937971917 0.45571339971502389 216.45566399086965 0.3395670170430084 2.3425775001815046 14.175837065595262 10.603141606610732 0.41489124517829612 1.9999464985448856 4.3350955482928857 4.2566528320821808 1.2760068814968679 1.7555143549107013 0.57945367693901051 2.0750063339364706 2.7587483694805996 7.0463313502550591 1.0605973749770781 4.6385872387108975 0.27243192482274015 0.37769194692373265 0.21149258315563191 0.57961300015449513 0.76293128030374635 0.51583462953567505 1.0171501338481901 0.49160082498565305 0.18055480357725173 0.18200438618077874
leaf_count=4 61 736 62 5987 5 33 141 248 30 19 2290 682 48 15 4 76 2118 750 29 881 16 3 1 3 4 3 3 4 11 38
internal_value=0.000499091 -0.0207422 0.00687959 0.00121635 0.0113571 0.0213206 0.0261992 0.0335181 -0.0440345 -0.000433601 -0.000889526 -0.00224008 -0.00100783 -0.00361745 -0.0352565 0.017648 -0.00864786 0.0288161 0.033808 -0.0455191 -0.0444713 -0.0495534 -0.0563381 -0.0577166 0.059272 -0.0759236 0.047778 -0.0618701 -0.0547663 -0.0513072
internal_weight=289.413 9.45343 4.36841 279.959 39.1764 33.2039 30.8613 24.779 5.9725 240.783 238.783 222.568 217.732 6.08234 5.55761 16.2152 4.83375 11.3814 3.29639 4.97815 5.08502 4.81259 4.4349 4.83627 2.23579 1.07202 1.47286 4.2234 0.556184 0.362559
internal_count=14305 914 154 13391 1418 498 465 389 920 11973 11954 6720 6035 76 890 5234 2194 3040 98 886 760 744 741 685 69 56 65 740 53 49
is_linear=0
shrinkage=0.05


Tree=206
num_leaves=31
num_cat=0
split_feature=6 11 19 16 8 19 18 9 1 11 3 8 1 1 9 8 3 15 15 9 17 4 15 3 14 19 5 15 19 15
split_gain=2.27506 2.03134 4.48151 4.41598 2.47741 1.90021 2.69112 4.50088 2.44814 5.16482 3.06166 2.31183 4.27595 3.34414 2.74108 4.76799 3.34639 1.80467 2.04438 1.57663 2.48313 1.58355 1.28738 0.999526 1.01771 0.852095 0.717924 0.200477 0.239476 0.135413
threshold=0.15733407427089038 0.25738773791934083 0.48936933509504094 0.25625390869293313 0.13541081105830524 2.1777825801545827 12.500000000000002 6.5000000000000009 0.86813674545092157 0.0061318701858728277 0.25132760191275411 0.69281116730516612 1.3338393290333801 1.1366822660910263 3.5000000000000004 -0.82990640942565086 0.46786100100847638 0.28388278388278393 0.24722222222222226 2.5000000000000004 0.50362318840579723 0.36511661803800305 0.11566332218506133 0.44130518441058691 0.053101503759398504 4.5137154671684039 0.081914392038553718 0.050316455696202543 0.38198310920148659 0.16515151515151519
decision_type=2 2 2 2 2 2 2 2 2 2 2 2 2 2 2 2 2 2 2 2 2 2 2 2 2 2 2 2 2 2
left_child=19 5 4 17 27 11 8 -8 9 -7 -10 14 13 -13 15 -2 -16 18 -4 20 21 -1 -9 24 29 -23 -14 28 -3 -21
right_child=1 2 3 -5 -6 6 7 22 10 -11 -12 12 26 -15 16 -17 -18 -19 -20 23 -22 25 -24 -25 -26 -27 -28 -29 -30 -31
leaf_value=0.04619375000006417 0.041257452842422236 0.055167684138658371 -0.054622905808328105 0.021521129659357294 -0.05514404546545696 0.03579256422683038 -0.079391237623569436 -0.059500362487116924 -0.0035199085525492329 -0.012190273946759386 0.046141065358873738 0.0063677676227072606 -0.034889802262219702 0.043002386435755324 0.006689654845990366 -0.011903435762415822 -0.033787132466134545 -0.002773572315653007 -0.14908963928187541 -0.059301627546158198 -0.057260814749983568 -0.054406970059435678 0.045158521550334153 0.026973442402513804 -0.007615444777492892 0.032062367713728931 -0.09571914836188361 0.058330308072707275 0.0091997180211844231 -0.081167228695584515
leaf_weight=2.0322745881494471 4.4420405267446759 0.55922844828455687 5.9649781254774989 2.6862840953253899 0.70780251370888425 8.8632148558681383 2.058927854668581 0.35886844288324926 4.430903240456245 15.270806467393411 10.360728652216492 43.07442408366478 1.0170889602886735 7.2825076117587733 70.317147958900023 83.569578084061504 5.5061120334430589 1.4902617977932093 0.63355194777250279 1.3837829664335011 1.5880123827664645 0.83744928671512731 1.6212806198745964 0.40057458030059923 0.83271302361390542 0.43181454390287399 0.92728327627992246 1.9460168639197943 0.57428775526932441 1.4500645119696853
leaf_count=39 56 8 269 25 133 62 31 106 57 109 93 2546 28 120 1509 8095 61 15 5 165 622 62 15 8 22 2 13 10 45 9
internal_value=-0.000219512 0.000592067 -0.0175786 -0.0340231 0.0292066 0.00161332 0.0112171 -0.0276298 0.0152481 0.00543141 0.0312649 -0.000295775 0.00885654 0.0116658 -0.00321748 -0.00922035 0.00375032 -0.0524694 -0.063693 -0.0250166 -0.00588409 0.0188277 0.0261909 -0.0480178 -0.0562107 -0.0249894 -0.0638997 0.0485939 0.0318783 -0.0704901
internal_weight=282.62 273.663 14.5624 10.7751 3.78734 259.101 42.9647 4.03908 38.9257 24.134 14.7916 216.136 52.3013 50.3569 163.835 88.0116 75.8233 8.08879 6.59853 8.95669 4.88955 3.30154 1.98015 4.06714 3.66656 1.26926 1.94437 3.07953 1.13352 2.83385
internal_count=14340 13411 510 314 196 12901 473 152 321 171 150 12428 2707 2666 9721 8151 1570 289 274 929 725 103 121 204 196 64 41 63 53 174
is_linear=0
shrinkage=0.05


Tree=207
num_leaves=31
num_cat=0
split_feature=3 6 0 17 7 8 7 11 11 7 7 19 3 3 15 19 16 18 15 0 18 6 3 15 18 8 18 6 15 17
split_gain=1.57852 1.54947 2.91074 2.86613 2.80822 5.30878 2.49743 2.24429 2.2828 2.21654 3.70022 3.16057 2.62643 3.11597 2.74722 0.694381 0.599314 0.803033 0.746901 0.00322672 0.00322806 0.00139577 5.80963e-06 4.25923e-06 2.7918e-06 7.16085e-07 7.60415e-07 4.32418e-07 4.11032e-07 3.96347e-07
threshold=0.11816395653618708 0.66137480195205489 1.000230123974984 0.98620624048706251 0.11394342374582715 0.19803243318318767 0.096880517238449995 0.3062827248737629 0.0070447868980033686 -0.8710497808873513 -0.48363472228108573 0.62538348367033991 0.31048362083684394 0.1765519871431239 0.060120481927710849 0.55279732337973542 0.16489180922170615 1.5000000000000002 0.12326685660018995 1.0038709943789581 1.5000000000000002 0.59269173940022801 0.11764829922345731 0.17902930402930406 6.5000000000000009 0.652649378059874 67.500000000000014 0.67201516122529015 0.087609649122807026 0.97385509227614497
decision_type=2 2 2 2 2 2 2 2 2 2 2 2 2 2 2 2 2 2 2 2 2 2 2 2 2 2 2 2 2 2
left_child=22 2 3 4 6 -6 -2 8 -5 -3 11 15 13 -12 -14 -11 19 -18 -19 20 -4 -21 23 24 -1 27 -27 -24 -26 -28
right_child=1 9 16 7 5 -7 -8 -9 -10 10 12 -13 14 -15 -16 -17 17 18 -20 21 -22 -23 25 -25 28 26 29 -29 -30 -31
leaf_value=-0.050396768646145118 0.0010451468490058769 0.048128604423997398 -0.060265145114344498 0.018389705684049774 0.0021454200071057833 -0.023853301569181813 0.036853930844243467 0.1013013638394432 -0.04004410281892451 -0.039659594241713197 0.024168926872107189 -0.00051467549554676674 0.0045774975733632803 -0.010381099445984187 0.032924828376305691 -0.088980450383391627 0.041910629132333121 -0.051646625509409905 0.0036633631492004703 -0.051432554302999978 -0.053879995635471079 -0.054998067784382557 -0.050134144241738669 -0.050868231478800846 -0.050041102133853058 -0.050468173850879254 -0.050359063525014382 -0.050308233120923189 -0.050205448881435549 -0.050195570188571938
leaf_weight=0.060296569135970368 95.038059963422711 3.0962258544168426 0.27640744298696462 19.571210044465268 43.016836250586493 36.123595050434233 5.1321011345717116 0.75164873545872879 1.827459282678318 1.2002493625623167 8.8242979197093501 3.9132802374660969 17.712824758840725 25.054039523762185 16.516587577294558 1.760210604406893 0.43235056847333941 1.6838772556802726 0.9574218438938259 1.4399348376100531 0.69728856112487847 0.33912396856612748 0.07827541630831536 0.016776928678154834 1.0360413175621941 0.091312002565246075 0.08191494838683866 0.065533107466762885 0.039494977077992988 0.067710947943851352
leaf_count=12 1617 34 2 757 1004 3577 95 4 45 36 831 27 531 1911 182 17 2 169 12 573 65 62 39 1 2657 15 19 17 25 22
internal_value=0.000395466 0.000667682 -0.00159352 -0.000585911 -0.002682 -0.00972168 0.00287977 0.0163823 0.0133994 0.0066709 0.00495898 -0.030004 0.0084876 -0.00138185 0.0182558 -0.0689845 -0.0364337 -0.0212578 -0.0315978 -0.0533786 -0.0556926 -0.0521122 -0.0501335 -0.0500774 -0.0500657 -0.0503018 -0.0503545 -0.0502135 -0.0500471 -0.0502851
internal_weight=286.902 285.365 207.287 201.461 179.311 79.1404 100.17 22.1503 21.3987 78.0777 74.9815 6.87374 68.1077 33.8783 34.2294 2.96046 5.8264 3.07365 2.6413 2.75275 0.973696 1.77906 1.53736 1.15261 1.13583 0.384746 0.240938 0.143809 1.07554 0.149626
internal_count=14360 11553 7984 7099 6293 4581 1712 806 802 3569 3535 80 3455 2742 713 53 885 183 181 702 67 635 2807 2695 2694 112 56 56 2682 41
is_linear=0
shrinkage=0.05


Tree=208
num_leaves=31
num_cat=0
split_feature=6 15 1 7 8 6 9 3 8 4 6 6 12 6 2 7 4 4 6 15 18 1 5 15 6 15 5 5 9 19
split_gain=1.57343 1.99985 2.97164 1.63049 2.4151 3.80314 3.35369 2.76082 2.65457 2.51598 2.34114 2.19053 2.66983 2.1855 4.75903 5.02948 3.70596 7.56319 2.23608 2.04731 1.33273 1.18665 1.1455 0.90607 0.69839 0.644646 0.524511 0.559174 0.50321 0.499619
threshold=0.89344893320642349 0.18257575757575759 2.4889299632725064 0.69813284642938445 0.74594613778068453 0.5183194382022126 9.5000000000000018 0.18180158403184682 0.63774670632365427 0.17663909180878429 0.50872468466710574 0.84512872888584345 1.428575166420442 0.41951230289685576 0.6354383892483183 0.2045012082720051 0.74122592202978199 0.70604187211180058 0.66137480195205489 0.01526806526806527 6.5000000000000009 0.59002703067049089 1.0917389314938217e-05 0.11024305555555557 0.33642751140498844 0.083722741433021816 0.00046865924511080482 0.00045101003709182246 8.5000000000000018 0.48936933509504094
decision_type=2 2 2 2 2 2 2 2 2 2 2 2 2 2 2 2 2 2 2 2 2 2 2 2 2 2 2 2 2 2
left_child=3 2 23 11 8 22 7 -7 9 28 -11 13 19 16 15 -15 17 -1 -16 20 -13 -18 -6 26 -10 -26 27 -2 -5 -21
right_child=1 -3 -4 4 5 6 -8 -9 24 10 -12 12 -14 14 18 -17 21 -19 -20 29 -22 -23 -24 -25 25 -27 -28 -29 -30 -31
leaf_value=0.0021502286467428903 -0.050567187209917791 0.0317400956864414 -0.26695547427069855 -0.056786483007906369 0.051876979609249411 -0.052103921567547944 -0.10140941107212281 0.029091598348387749 0.076436351838896022 0.0011454192064883591 0.027057838739214676 0.036495771306388605 -0.086559457882586968 -0.003102092715765589 -0.010556933096201952 -0.027019173607277087 0.019623300669314236 0.072992049000184647 0.045893280607035181 0.076847414368931277 -0.05235359819881566 -0.062908263814060908 -0.055081358621277693 0.031349717087320476 -0.01569020343401838 0.055564220049582239 -0.064207115430388026 0.051358965920536528 0.021395609851992767 0.041095150613853215
leaf_weight=91.176966011375043 0.32892387016181679 0.9459556434303521 0.15221692621707905 1.5873835446109286 0.26670619146898289 1.2290717049472695 0.64377169706858772 7.0641430412069894 1.9535311211075161 18.150028633717739 16.771159637879464 0.76450787158682831 0.48926787020172913 82.69657121389173 2.4792840477930422 29.938727833330631 0.51966501935385112 3.9299997015332329 5.9989872739679413 1.3589630143833344 0.94223296549898805 2.6901932466716971 4.0760532963613514 0.38293517380952824 0.49545588297769405 0.88336838036775589 1.8560502281616207 0.22771676222328097 0.23647411979618471 3.478207924090384
leaf_count=4184 248 15 1 481 3 316 5 140 37 670 492 11 4 1881 1501 1599 22 45 1200 12 411 81 557 5 57 4 234 6 12 71
internal_value=4.95927e-05 -0.0315154 -0.0518139 0.00048883 0.0083519 -0.0101279 0.00852449 0.0170583 0.0144752 0.0106 0.0135901 -0.00136379 0.0261036 -0.00224418 -0.00674006 -0.00945931 0.00329417 0.00507755 0.0293857 0.0345271 -0.0125549 -0.0495467 -0.0485126 -0.0400998 0.057206 0.0299602 -0.0514401 -0.0088701 -0.0466497 0.0511395
internal_weight=283.715 3.8938 2.94784 279.821 53.3571 13.2797 8.93699 8.29321 40.0774 36.745 34.9212 226.464 7.03318 219.43 121.114 112.635 98.3168 95.107 8.47827 6.54391 1.70674 3.20986 4.34276 2.79563 3.33236 1.37882 2.41269 0.556641 1.82386 4.83717
internal_count=14305 509 494 13796 2774 1021 461 456 1753 1655 1162 11022 509 10513 6181 3480 4332 4229 2701 505 422 103 560 493 98 61 488 254 493 83
is_linear=0
shrinkage=0.05


Tree=209
num_leaves=31
num_cat=0
split_feature=6 6 3 16 17 16 3 8 7 5 15 19 7 6 7 6 15 19 1 9 3 8 5 1 17 3 3 1 1 6
split_gain=2.21873 2.67168 3.50721 3.31902 5.14844 3.91615 2.74191 2.91686 3.1816 2.62662 2.31442 2.19977 3.4665 3.23573 5.01208 2.77618 2.60545 2.38602 2.55071 4.06095 3.97858 2.36006 2.4624 2.29153 2.03438 2.29439 1.8981 1.70881 1.19896 0.265313
threshold=0.89344893320642349 0.68092298026036746 0.33050075855130473 0.012121657361151927 0.4777667984189724 0.27970588235294125 0.41287018271053544 0.84122882345421335 0.69813284642938445 0.004630197886548012 0.18257575757575759 0.59607773615443549 -1.0061724284617068 0.56242194320216332 -0.45132870619760879 0.53408265354657425 0.12326685660018995 0.55853808260849924 1.1833076472597994 3.5000000000000004 0.17659994511822472 0.13541081105830524 0.081914392038553718 1.0000005321255154 0.9644437420986095 0.1765519871431239 0.1913455015693615 2.4889299632725064 0.66471074773163552 0.84512872888584345
decision_type=2 2 2 2 2 2 2 2 2 2 2 2 2 2 2 2 2 2 2 2 2 2 2 2 2 2 2 2 2 2
left_child=1 11 3 24 5 -5 28 8 -8 -6 27 17 16 15 -15 -14 -13 18 19 -1 -20 22 -19 -23 25 -3 -26 -2 -4 -9
right_child=10 2 6 4 9 -7 7 29 -10 -11 -12 12 13 14 -16 -17 -18 21 20 -21 -22 23 -24 -25 26 -27 -28 -29 -30 -31
leaf_value=-0.0016436039083885822 -0.054852373227995681 0.058608871788350718 -0.00014876556242715463 0.043363865878294702 -0.0028516174443138 -0.017075916956612806 -0.011758315197933224 0.055019193394007938 0.038138338410310446 -0.055105932444232814 0.029055277125962432 -0.01227009578511706 -0.0067829836474604778 -0.075615293415479901 -0.014226318673101547 0.024498133343102375 0.053688314126089681 0.015872235215265644 0.032928574996926883 0.031681762997777183 -0.037036073281662543 -0.013338987055597652 -0.061193618458128853 0.053192447231905554 -0.053697383188970216 0.0091276503366843811 0.028787299897223791 -0.21612436291857973 0.050634856336039702 0.02364646025759199
leaf_weight=50.213572808192112 2.1520057505695149 4.0754039352104865 1.3468342190608407 5.0345108378678578 3.6104527392817527 5.7310021720768418 11.722224337456288 3.3408993929624549 4.3917202837765208 7.2020983294860343 0.85412967763841141 2.3688215974834739 88.836387154529803 4.0656550583080415 18.248413404773601 7.7083373600326004 4.0690266769379377 4.759809595430851 2.6284222508693338 11.176161736166248 8.9538239322318969 1.6092720973683734 1.3250649920082649 6.6111464920759317 1.6119257345053477 5.5104195528838318 1.2293751077231716 0.17782625555992115 8.4802340334281308 0.84417938854312513
leaf_count=6432 486 257 16 48 696 140 214 27 34 738 14 27 1749 33 301 98 27 127 325 423 302 190 38 179 776 378 41 1 109 73
internal_value=0.000150085 0.000627618 0.00957249 -0.00143314 -0.0132876 0.0111889 0.0219952 0.0114998 0.0018406 -0.0376575 -0.0413504 -0.00207095 -0.00631602 -0.00825155 -0.0254115 -0.00428543 0.0294188 0.00402333 0.000362948 0.00442337 -0.0211586 0.0226951 -0.000909913 0.0401679 0.0191505 0.0301645 -0.0180079 -0.0671616 0.0436748 0.0486909
internal_weight=279.889 276.705 64.1313 34.0052 21.5781 10.7655 30.1261 20.299 16.1139 10.8126 3.18396 212.574 125.297 118.859 22.3141 96.5447 6.43785 87.2773 72.972 61.3897 11.5822 14.3053 6.08487 8.22042 12.4271 9.58582 2.8413 2.32983 9.82707 4.18508
internal_count=14299 13798 3547 3074 1622 188 473 348 248 1434 501 10251 2235 2181 334 1847 54 8016 7482 6855 627 534 165 369 1452 635 817 487 125 100
is_linear=0
shrinkage=0.05


Tree=210
num_leaves=31
num_cat=0
split_feature=8 4 6 12 11 11 17 17 8 7 8 15 7 5 1 8 0 11 16 5 5 3 1 7 7 17 1 12 16 16
split_gain=1.33154 2.74526 3.72758 3.40554 3.40207 6.78521 3.40746 3.31546 3.44047 2.71988 2.47983 3.2896 2.16206 2.74237 2.59476 2.16182 3.73896 3.68707 2.12627 1.88449 2.77664 1.77456 4.23426 3.17022 2.1928 2.05371 1.70631 1.46451 1.4251 1.24884
threshold=-0.39333090527602471 0.20531388825061278 0.77679518015697757 1.368585927421911 0.1517685294963014 0.051670768331537414 0.63188142770719913 0.57223113964687011 -0.72859526607884362 -0.43077735514825116 -0.089855396254323844 0.93750000000000011 9.7558890299480296 0.096828152507849666 0.10021843759488121 0.38656987528389225 0.73212339746711763 0.10429384984517809 0.075614636935391666 0.041717831160174038 0.067700074389089968 0.49366807625963799 0.99667527621724894 0.4689944944094398 1.6981929073966602 0.63188142770719913 1.7937796538155271 1.5000004691927546 0.21081871345029243 0.25625390869293313
decision_type=2 2 2 2 2 2 2 2 2 2 2 2 2 2 2 2 2 2 2 2 2 2 2 2 2 2 2 2 2 2
left_child=1 2 9 4 5 6 -3 18 -9 -1 11 21 14 -14 -12 17 -17 -16 -6 26 -21 24 25 -24 27 -23 -11 -2 -5 -7
right_child=10 3 -4 28 7 29 -8 8 -10 19 12 -13 13 -15 15 16 -18 -19 -20 20 -22 22 23 -25 -26 -27 -28 -29 -30 -31
leaf_value=0.025084504317182638 0.02176075384507635 -0.001297378997941004 0.040021216133578001 0.0051453591976293005 -0.0063375081993820581 0.049096723600665089 -0.055132001986871952 0.045860959175222024 -0.035035916925414391 -0.043223215054738695 -0.063964568377520167 -0.053698142027864652 0.053221280908932259 -0.058025555966233627 -0.01809607511522061 0.024440918526458986 -0.00052536912229562028 0.005541855383570141 -0.050870367692824006 -0.15718114951930995 -0.054829632760719629 0.034286018462013658 -0.063113793291858095 0.042027919963998336 -0.057913106473823396 -0.035539471502032342 0.044768924629029289 -0.030826024246662566 0.050075074275013565 0.0055378551050540179
leaf_weight=1.3220397328041134 42.500641380465822 13.129916563135344 1.6786076215066703 3.0366642060907898 3.9160781402606544 7.4054528500419092 3.7871276190853669 2.9909737346461043 2.3445482518000054 2.1632219201201219 1.6221194118261326 1.8504303693771351 3.4844562177277103 0.65869814402685722 36.098860751160828 18.784596881712787 74.358905862332904 30.380599072410405 8.4944466690067184 0.79548359950422298 3.9676104921600199 5.5340285270940495 3.5299171860096976 0.89965783315710712 0.91908717717160371 1.3005322213575707 0.73921876640815742 1.3665400145910087 4.2140942285768688 2.1155670597217977
leaf_count=24 930 223 44 38 24 54 192 22 46 97 23 12 223 110 6320 198 3437 1555 82 51 159 42 174 7 32 104 19 19 31 29
internal_value=0.0011874 -0.00528867 -0.028374 -0.000501405 -0.00571326 0.0056537 -0.013349 -0.0226478 0.0103131 -0.0411482 0.00298852 0.011894 -0.0001292 0.0355347 -0.00104558 -0.000406181 0.00450968 -0.00729372 -0.0368182 -0.052571 -0.0719233 0.0140594 -0.00368037 -0.0417592 0.0185212 0.0209991 -0.0208126 0.0201226 0.0312582 0.039418
internal_weight=285.39 62.1011 10.6662 51.4349 44.1841 26.4381 16.917 17.746 5.33552 8.98757 223.289 57.9008 165.388 4.14315 161.245 159.623 93.1435 66.4795 12.4105 7.66553 4.76309 56.0504 11.2641 4.42958 44.7863 6.83456 2.90244 43.8672 7.25076 9.52102
internal_count=14321 1135 394 741 672 498 415 174 68 350 13186 1320 11866 333 11533 11510 3635 7875 106 326 210 1308 327 181 981 146 116 949 69 83
is_linear=0
shrinkage=0.05


Tree=211
num_leaves=27
num_cat=0
split_feature=0 7 7 8 16 18 0 1 1 1 4 19 1 1 1 3 18 18 19 8 5 8 19 8 5 15
split_gain=1.87261 1.79868 2.94598 2.75963 2.71172 2.3034 2.71404 2.27672 2.83364 2.14632 2.22394 1.9808 1.89314 1.92581 1.795 1.71336 1.26222 1.24107 0.880767 0.651836 0.564118 0.303746 0.127322 0.115152 0.0091127 0.000134352
threshold=0.54000395823132641 1.1528959389604383 1.0144818270450147 0.74594613778068453 0.66828478964401306 2.5000000000000004 0.99700300628816863 0.64463252499111656 0.90825580521761207 0.41154796575205704 0.18619599718685839 0.63846433111315049 1.1605825925911037 0.41154796575205704 0.10021843759488121 0.15730038811178773 54.500000000000007 79.500000000000014 5.7405072904009726 -0.37018611142517455 0.026779774880431508 -0.65097844819150519 0.71964311972930595 0.76518214869397683 0.057129847457985473 0.28388278388278393
decision_type=2 2 2 2 2 2 2 2 2 2 2 2 2 2 2 2 2 2 2 2 2 2 2 2 2 2
left_child=18 2 4 12 14 6 -6 -4 -9 -5 11 -11 13 -3 -2 -16 -14 -15 21 -10 -7 -1 -23 -12 -24 -26
right_child=1 3 7 9 5 20 -8 8 19 10 23 -13 16 17 15 -17 -18 -19 -20 -21 -22 22 24 -25 25 -27
leaf_value=-0.091299329515181882 -0.071039068448297188 -0.010440324007214183 -0.10122158739976728 0.023290984094033712 -0.028564218042308433 -0.0038857676349600247 0.032728448611499171 0.034124387858394632 0.0120134855313329 -0.052474581563057988 -0.088095302600630115 0.056956652297952173 -0.056246262642817985 0.033473020043992961 -0.021565841959883841 0.0026166368816469975 0.02523781320894504 -0.050266535597288643 0.0040932219841581961 -0.066127166064104015 -0.053683355656082579 -0.023677744308866606 -0.061346253870602302 -0.055641920308740871 -0.050869673116262164 -0.052518884345325693
leaf_weight=0.52510169707238685 0.84830393642187019 3.2405293621122935 1.1297041056677688 2.4950027589220545 4.5831542364321649 0.6489824408199637 2.9806959463749063 1.4587800720037196 0.30951265513431314 0.70072237626300182 0.30247406009584699 1.0089218315770265 1.2601601805508829 17.782426585748912 7.5721809223687151 224.06607641827577 0.76302539175230766 0.45375223844894108 0.78014128608629096 1.9378176057944072 4.598109202037449 0.41990146157331676 0.49352015578188002 2.8369505352020497 0.23097732022870332 0.26536363922059536
leaf_count=4 10 30 8 22 101 54 58 25 6 196 3 8 33 498 3755 7773 29 407 16 205 264 13 9 770 34 8
internal_value=0.00056977 0.000969089 -0.000435698 0.0123614 0.000326183 -0.022069 -0.00441054 -0.0390823 -0.0201408 -0.0143918 -0.0337808 0.0121047 0.0207222 0.0250779 0.00156025 0.00182612 -0.0255153 0.0313894 -0.0407559 -0.0553653 -0.0475242 -0.0588391 -0.0467485 -0.0587687 -0.0565352 -0.0517514
internal_weight=283.692 280.977 250.133 30.844 245.298 12.8109 7.56385 4.83581 3.70611 7.34407 4.84907 1.70964 23.4999 21.4767 232.487 231.638 2.02319 18.2362 2.71501 2.24733 5.24709 1.93486 1.40976 3.13942 0.989861 0.496341
internal_count=14339 14255 12259 1996 12015 477 159 244 236 999 977 204 997 935 11538 11528 62 905 84 211 318 68 64 773 51 42
is_linear=0
shrinkage=0.05


Tree=212
num_leaves=26
num_cat=0
split_feature=6 0 0 6 17 19 0 17 3 6 0 0 18 18 1 2 1 0 18 1 7 18 1 1 1
split_gain=2.01117 1.45081 2.66832 1.32584 5.27992 7.06572 3.51592 2.22919 2.82314 2.71092 0.835189 2.13806 0.582797 0.84589 0.430933 0.0674004 0.0198685 0.0155176 0.0154247 0.0075326 0.00591604 0.00442972 0.00103179 3.48717e-06 4.04413e-06
threshold=0.13546192957499817 2.2584466459382786 1.000230123974984 0.2362918661098288 0.64733893557422983 2.1777825801545827 0.99700300628816863 0.98620624048706251 0.33050075855130473 0.56622430047677452 1.2082988123439498 1.2305378533845428 2.5000000000000004 69.500000000000014 2.4889299632725064 0.52122394088047008 2.3336481143272363 1.0009956174484478 3.5000000000000004 2.4889299632725064 -0.50000080733447205 1.5000000000000002 0.66471074773163552 1.4620681573581027 0.97779387389503458
decision_type=2 2 2 2 2 2 2 2 2 2 2 2 2 2 2 2 2 2 2 2 2 2 2 2 2
left_child=12 2 3 4 6 -6 -2 8 -5 -9 17 -12 -1 15 23 19 18 -4 -17 20 -14 -19 -13 24 -15
right_child=1 -3 10 7 5 -7 -8 9 -10 -11 11 22 13 14 -16 16 -18 21 -20 -21 -22 -23 -24 -25 -26
leaf_value=0.0018938414683373718 -0.005888355093043543 0.03979449902578519 -0.067647391296591836 -0.008562025723041598 -0.045810792828709417 0.051573282273906278 0.030713786548244977 0.027994474315916791 0.0032515654793163502 -0.0090193181825523171 0.043016685033221549 -0.054739856733741377 -0.0623342967883058 -0.050671042257554338 0.055302535114168397 -0.078168219422112606 -0.084907362624524849 -0.059197120414035104 -0.061758951280117283 -0.063409698451319815 -0.052011218126954174 -0.052406921412843678 -0.051226057609846089 -0.05084936051339476 -0.050061412372973006
leaf_weight=0.68900009093340431 9.6462465276854363 2.2446323466720051 0.19672732483013478 106.95734404092218 7.7955509904531919 2.4473566566593945 20.512794588335964 13.178413153109434 95.929551195935346 7.9197209726626161 0.98107818682910908 0.25053380237659428 0.16038961798767637 0.042212333544739411 0.26006674766540527 0.23049895465373982 0.24210086464881897 0.26715052447980303 0.3781747379762237 0.22325312811881293 1.0305024742556268 2.3798084646878124 1.2577672687766606 0.034480289643397555 0.076513619082106743
leaf_count=24 161 34 4 8449 1127 13 239 530 1488 560 11 17 3 25 1 1 1 4 94 4 251 859 228 4 154
internal_value=-0.000712634 -0.000237141 -0.000570288 0.000136031 0.00847293 -0.0225426 0.0190067 -0.00136776 -0.00297629 0.0141004 -0.0355861 -0.0144381 -0.0391177 -0.0496684 0.0161146 -0.0616717 -0.0727919 -0.0540992 -0.067973 -0.0549815 -0.0534015 -0.0530922 -0.0518097 -0.0504067 -0.0502782
internal_weight=275.332 271.965 269.72 264.387 40.4019 10.2429 30.159 223.985 202.887 21.0981 5.33307 2.48938 3.36719 2.67819 0.413273 2.26492 0.850775 2.84369 0.608674 1.41415 1.19089 2.64696 1.5083 0.153206 0.118726
internal_count=14286 13724 13690 12567 1540 1140 400 11027 9937 1090 1123 256 562 538 184 354 96 867 95 258 254 863 245 183 179
is_linear=0
shrinkage=0.05


Tree=213
num_leaves=31
num_cat=0
split_feature=8 6 5 18 8 6 16 8 0 8 0 3 19 11 0 8 5 8 4 7 1 3 9 6 19 12 6 12 11 3
split_gain=1.3529 2.71618 3.66674 4.74869 4.29246 3.76743 7.76332 3.62189 3.59829 3.35343 4.2807 3.81469 3.25145 3.17593 2.20268 2.04857 1.9953 1.65755 2.85938 3.7977 2.68183 4.01276 2.65985 3.528 2.61873 2.61719 2.35554 2.27214 2.06936 4.7243
threshold=-0.058420368102735341 0.1787298183248501 0.035659309194869364 45.500000000000007 1.0432480232795152 0.60626871898920853 0.32529069767441871 0.35143198709261186 0.75191467646277799 1.0693936381454849 0.66666568282841698 0.17697411580802572 4.5137154671684039 0.025937358292580846 0.66666568282841698 0.020932401058243129 0.025579981443260902 -0.39333090527602471 0.20531388825061278 -0.30287055565358506 0.94400859743805177 0.49366807625963799 10.500000000000002 0.63165745801181339 0.56767779731273882 1.368585927421911 0.39043992272313527 1.5000004691927546 0.1517685294963014 0.41287018271053544
decision_type=2 2 2 2 2 2 2 2 2 2 2 2 2 2 2 2 2 2 2 2 2 2 2 2 2 2 2 2 2 2
left_child=17 16 5 9 15 8 7 -7 14 10 -4 -11 -10 -8 -3 -5 -2 18 19 26 -19 27 23 -21 -23 28 -1 -22 -20 -30
right_child=1 2 3 4 -6 6 13 -9 12 11 -12 -13 -14 -15 -16 -17 -18 20 25 22 21 24 -24 -25 -26 -27 -28 -29 29 -31
leaf_value=-0.042574184320370925 0.0017675510033089031 -0.012739643622968498 -0.054006014123640471 -0.069686904086122145 -0.052191858124537742 -0.011687599031922931 -0.034028175995075849 0.031336820212561754 -0.027533032090001824 -0.054257353986269199 -0.002193879129594341 0.021823124150554003 -0.14569862922979435 -0.15737748722177561 0.050300415892015463 0.044376609021706093 -0.047774548085447816 0.026905738058336362 0.0078000563436315881 -0.059050363030087843 0.011778288625878021 -0.0055560681349072806 -0.13041165770266069 0.019689472621303689 -0.076763328052302807 0.032025432807575964 0.047462238924286672 -0.068731524030320637 0.0052588156737314561 -0.049858335947714556
leaf_weight=1.0555520220223118 3.2213531823181238 3.3105919914087281 4.2982444487279272 0.40654654554964409 1.3756082345935272 8.2051941326608411 1.2337506045005278 12.112251137310521 25.369907283497017 1.7793334046582483 54.964979004202178 22.254828784076381 0.59582133591174979 0.90435750887263555 2.3831369194667813 12.397666274700894 5.5062869770845282 17.784975826449227 27.747331953287357 4.4847398981364659 33.973684248252539 2.8984195700031696 0.80419766250997771 2.0834888948011212 2.3284058533608913 7.122396570746786 2.3298028165154392 0.8995541200711149 10.915954704585603 6.0384440133348098
leaf_count=27 609 34 55 48 284 2459 300 538 4158 326 1076 501 3 8 28 942 428 320 505 246 860 184 7 85 24 71 37 17 137 43
internal_value=0.000643336 -0.00236519 -0.000803609 0.0049904 0.031738 -0.0112403 0.00442441 0.0139614 -0.0223511 0.000437113 -0.00595171 0.0161906 -0.0302445 -0.0862013 0.0136461 0.040755 -0.0294887 0.00464715 -0.000993486 -0.0244512 0.0107455 0.00357815 -0.0445823 -0.0340735 -0.0372769 0.00387593 0.0193889 0.00970154 -0.000609172 -0.0143716
internal_weight=280.787 160.32 151.592 97.4772 14.1798 54.115 22.4556 20.3174 31.6595 83.2974 59.2632 24.0342 25.9657 2.13811 5.69373 12.8042 8.72764 120.467 62.5819 10.7578 57.885 40.1001 7.37243 6.56823 5.22683 51.8241 3.38535 34.8732 44.7017 16.9544
internal_count=14360 11797 10760 3232 1274 7528 3305 2997 4223 1958 1131 827 4161 308 62 990 1037 2563 1158 402 1405 1085 338 331 208 756 64 877 685 180
is_linear=0
shrinkage=0.05


Tree=214
num_leaves=22
num_cat=0
split_feature=1 0 0 1 2 5 12 0 1 0 5 4 2 3 3 16 5 7 15 4 8
split_gain=2.56384 1.98299 1.89319 3.69904 5.69169 3.04083 2.9973 2.30597 4.39683 1.7165 1.70616 1.59366 1.07814 1.00001 0.993121 0.494784 0.397977 0.422602 0.0175564 0.00593343 0.000498637
threshold=0.10021843759488121 0.65265092346082143 0.69999925015597209 0.76555618275128179 0.0089826272204031367 0.15503796409158146 1.4285762823375292 0.99301392515452203 0.78492360720100185 0.99750246901406647 0.072070103065640337 0.19720057568518948 0.091302273320216773 0.49366807625963799 0.39729962317772166 0.98888888888888904 0.10582385076528171 1.1528959389604383 0.18257575757575759 0.27501303693270934 0.74594613778068453
decision_type=2 2 2 2 2 2 2 2 2 2 2 2 2 2 2 2 2 2 2 2 2
left_child=13 10 3 4 15 -6 7 8 -4 -9 14 -5 -13 -1 -2 -3 -12 20 19 -8 -18
right_child=1 2 6 11 5 -7 18 9 -10 -11 16 12 -14 -15 -16 -17 17 -19 -20 -21 -22
leaf_value=-0.012312610052926968 -0.027748243010821697 0.050274992703759104 0.013054022791052805 -0.0092235674125236838 -0.0021331088240756006 -0.044201246772839251 -0.053903933518263364 0.034229525236981188 -0.031396342195303482 0.0018963636450369801 -0.065853657037234087 0.051961062109082148 0.02482173848712993 -0.063648759053159643 0.028099627457870126 0.024812584133903387 -0.051550367466755537 -0.0028808246842036748 -0.066852781096835456 -0.060411168352890725 -0.054023782346097629
leaf_weight=1.7807431649416678 1.5230652884347358 3.899965616175904 9.1302106633120292 2.6532899575395303 19.119953755121973 5.5403490241733371 0.7744446232391049 4.196130361815448 14.240111334675019 188.51960028930989 1.7551285433582964 5.0305065065622356 13.426890098024158 2.0301172696053982 1.66759985871613 3.7352094138041139 0.81524820183403768 0.72499306290410448 0.63546203076839436 0.63964704008685658 0.27166678104549646
leaf_count=18 36 29 145 28 263 135 68 96 793 12386 28 36 112 24 9 28 72 14 4 15 5
internal_value=0.00107305 0.00163082 0.00229664 0.0107342 9.52351e-05 -0.0115844 0.000230875 0.00080168 -0.0140307 0.00260038 -0.0251234 0.0270098 0.0322185 -0.0396603 0.00144062 0.0378185 -0.0488846 -0.0324472 -0.0599496 -0.0568474 -0.0521686
internal_weight=282.11 278.299 271.542 53.4062 32.2955 24.6603 218.136 216.086 23.3703 192.716 6.7577 21.1107 18.4574 3.81086 3.19067 7.63518 3.56704 1.81191 2.04955 1.41409 1.08691
internal_count=14344 14302 14138 631 455 398 13507 13420 938 12482 164 176 148 42 45 57 119 91 87 83 77
is_linear=0
shrinkage=0.05


Tree=215
num_leaves=31
num_cat=0
split_feature=7 8 7 19 9 18 15 11 6 5 3 7 5 5 6 18 7 4 1 11 6 6 18 6 4 8 18 6 8 1
split_gain=1.29634 2.77492 2.27341 2.30969 3.20129 4.92001 2.24155 2.11133 2.71851 2.16622 1.98879 1.92298 1.7652 2.03101 3.60568 3.92679 3.39868 3.3102 4.52354 4.34993 4.38284 3.28432 3.25173 3.24777 3.13533 4.66661 4.19061 1.92781 2.84517 1.6408
threshold=0.69813284642938445 0.74594613778068453 0.76489990602961511 0.67254193223561287 6.5000000000000009 5.5000000000000009 0.14160401002506268 0.18680008230434728 0.5183194382022126 0.024184147027137681 0.18180158403184682 0.95187842417873048 0.30651397954404752 0.073912760790656604 0.23895440920434821 32.500000000000007 -1.0061724284617068 0.30430505789962475 0.66471074773163552 0.034761693461260214 0.2362918661098288 0.71374021395288345 38.500000000000007 0.66137480195205489 0.26803143854791273 0.34260398371135858 31.500000000000004 0.68490078473331961 0.69281116730516612 1.2205234094425037
decision_type=2 2 2 2 2 2 2 2 2 2 2 2 2 2 2 2 2 2 2 2 2 2 2 2 2 2 2 2 2 2
left_child=12 2 -2 6 5 -5 11 8 -3 29 -11 -4 13 17 15 16 -15 18 21 20 -19 -1 -21 -20 26 -26 -16 28 -14 -10
right_child=1 7 3 4 -6 -7 -8 -9 9 10 -12 -13 27 14 24 -17 -18 19 23 22 -22 -23 -24 -25 25 -27 -28 -29 -30 -31
leaf_value=-0.037618266015148116 0.048171372789916761 -0.040193363278538417 -0.034609919740290387 0.0080453329647500234 0.04071587634117764 -0.05729534911044485 0.053359363403955896 -0.074686911096494155 -0.050702452228833808 -0.052801138274541859 0.039424183780580706 0.018884958016408125 -0.070649372851428402 -0.065813988859347347 0.013784759699330433 -0.069452858787630301 0.023485473343961599 -0.058288237294817961 -0.0094697291446173282 0.016641176370570547 0.0043292928024481273 -0.17165770038281494 0.058616564761536732 0.016529552160821651 -0.031004635451668094 -0.0026940955399041397 -0.039516986140385874 0.057266918953268624 0.038783381138369238 0.058033224082095193
leaf_weight=1.7450843700571561 4.4069660165987434 3.8407102882229065 1.899820999817172 7.8948263712227327 3.1384026538580647 4.5363782802014612 4.2701853066682807 1.2308781068131782 1.8236365887787545 0.66531092485820398 4.8162004943005741 14.514368869342432 0.96994487654592321 1.1331097184447632 19.785085970652293 1.3713726080459299 17.856354592251591 3.2372335332183892 42.967690204161045 25.799132402171384 20.433210219372995 0.61914692260324944 5.6187047830317161 16.672450151665544 30.557947083951149 27.797123222917435 4.5322321674830155 2.7027657196158543 1.5322331204661166 0.42844902968499798
leaf_count=69 108 567 366 77 32 125 41 40 444 186 31 1048 61 18 217 261 294 77 4818 247 269 14 34 2145 1206 1010 504 33 19 6
internal_value=0.000869696 0.00786902 0.0142614 0.0101393 -0.00440692 -0.0157987 0.0210886 -0.0124289 -0.00580804 0.0112686 0.0282305 0.0126933 -0.000791092 -0.00147159 -0.00659155 0.0122561 0.0181569 0.00303361 -0.0048905 0.0119526 -0.00423445 -0.0727206 0.024148 -0.00220161 -0.0112334 -0.0175191 0.00385045 0.0279884 -0.00363716 -0.030016
internal_weight=278.797 53.4661 40.6609 36.254 15.5696 12.4312 20.6844 12.8052 11.5743 7.7336 5.48151 16.4142 225.331 220.126 103.033 20.3608 18.9895 117.093 62.0044 55.0883 23.6704 2.36423 31.4178 59.6401 82.6724 58.3551 24.3173 5.20494 2.50218 2.25209
internal_count=14367 3071 1797 1689 234 202 1455 1274 1234 667 217 1414 11296 11183 3510 573 312 7673 7046 627 346 83 281 6963 2937 2216 721 113 80 450
is_linear=0
shrinkage=0.05


Tree=216
num_leaves=31
num_cat=0
split_feature=18 15 8 8 8 9 16 7 6 5 7 8 8 8 7 11 7 6 17 7 16 7 15 16 17 0 6 15 3 6
split_gain=1.65782 2.76726 2.80292 3.59283 3.57461 3.4055 5.3511 3.16994 3.07136 2.76599 2.98999 2.76555 3.09115 2.37922 2.36136 2.75525 2.22217 2.15587 2.08301 3.61522 1.88617 2.1244 1.86351 1.84465 0.62056 0.598468 0.502664 0.151735 0.0405754 0.000509002
threshold=5.5000000000000009 0.72077922077922085 1.3089136307907405 0.70852631237336217 1.3852484496582937 2.5000000000000004 0.043717152412804598 1.1820230933067035 0.30555482344193896 0.001970970552731184 0.4689944944094398 -0.34429611182886427 -0.90822864495876787 -0.29375189612690783 0.33833599945543041 8.4617491916479904e-06 0.20447118863553682 0.60626871898920853 0.79893617021276608 -0.39030301982911508 0.32529069767441871 -0.39030301982911508 0.24722222222222226 0.59175084175084181 0.39339826839826847 0.98599999839382246 0.50872468466710574 0.24722222222222226 0.42245912240221611 0.88034820074986941
decision_type=2 2 2 2 2 2 2 2 2 2 2 2 2 2 2 2 2 2 2 2 2 2 2 2 2 2 2 2 2 2
left_child=9 2 3 5 24 6 -2 -7 16 10 -1 12 26 -13 22 -16 -5 -10 19 -14 21 -15 -6 -22 -4 -12 -11 -26 -27 -30
right_child=1 -3 4 8 14 7 -8 -9 17 11 25 13 18 20 15 -17 -18 -19 -20 -21 23 -23 -24 -25 27 28 -28 -29 29 -31
leaf_value=-0.28561708064023533 -0.00037417592682302249 -0.063607321260615329 -0.14927644644861687 0.06542332411213525 -0.048955933312395186 -0.0010659111546881324 -0.04070989499961751 0.037100580740613259 -0.014577109566836039 0.011089078622965619 0.052656526047504572 0.053695019087812948 0.054549483507663622 -0.013478782204196042 -0.053966930809312613 0.033956304231432997 0.0089982947811793421 0.020648795363545813 0.019040519985045343 -0.027219138976855458 0.033639400534373025 0.0120210836326466 0.02278910718319355 0.0057552892231909581 -0.055832918065780515 -0.076159988084556485 0.038641889175578141 -0.096559617808936737 -0.053389573759121456 -0.050130498239292054
leaf_weight=0.14441370964050182 19.688845041502645 1.8389437086880196 0.4508273031678971 4.6219102455943384 4.9945199552275863 102.73394673883377 14.118838489135667 5.7445619431964579 7.490723686321874 3.4856342149432775 0.14371444284915924 3.3191489856690159 1.4608939969912231 12.726221015444024 1.2000457339818238 3.4603038322202337 2.8032072916939796 10.337900916551005 3.869278483092784 18.09576168784406 13.129308939911425 22.802263374207541 1.1053962484002111 10.818365309620276 0.42664441218948923 0.22550377249717712 3.152432257309556 0.49293975532054901 0.17112536355853081 0.3994715980370529
leaf_count=1 5662 11 9 59 608 2744 2069 127 493 25 1 22 8 78 427 82 308 514 36 273 134 184 13 151 72 1 21 2 3 243
internal_value=0.000207185 -0.00258343 -0.00195884 -0.000278413 -0.0251677 -0.0033631 -0.0172193 0.000955224 0.0171015 0.00559896 -0.0737998 0.00652602 -0.0059446 0.0124965 -0.0154814 0.011316 0.0441212 0.00584858 -0.0144791 -0.021111 0.0101973 0.00288709 -0.0359547 0.0210427 -0.101223 -0.0412516 0.024174 -0.0776643 -0.0582042 -0.0511079
internal_weight=275.453 181.51 179.671 167.54 12.1307 142.286 33.8077 108.479 25.2537 93.9435 1.08423 92.8593 30.064 62.7953 10.7603 4.66035 7.42512 17.8286 23.4259 19.5567 59.4762 35.5285 6.09992 23.9477 1.37041 0.939815 6.63807 0.919584 0.796101 0.570597
internal_count=14381 13200 13189 11976 1213 10602 7731 2871 1374 1181 249 932 363 569 1130 509 367 1007 317 281 547 262 621 285 83 248 46 74 247 246
is_linear=0
shrinkage=0.05


Tree=217
num_leaves=23
num_cat=0
split_feature=18 15 4 16 19 18 17 17 8 11 11 1 18 1 4 3 1 6 6 6 1 3
split_gain=1.48261 3.39411 2.93078 1.95677 2.70579 2.16258 1.84162 2.3248 3.09584 2.90669 2.26931 4.06837 3.0512 1.35651 2.38345 1.22003 1.14922 1.47459 1.06659 0.649463 0.441641 0.0396175
threshold=1.5000000000000002 0.93750000000000011 0.35515995898277936 0.69157608695652184 1.5367321187396386 3.5000000000000004 0.5300120048019209 0.57223113964687011 0.32486756820778112 0.030800215721107641 3.8077025647198336e-05 0.86813674545092157 6.5000000000000009 0.48098664164845051 0.56032494937672339 0.18659670212689569 0.86277694984436493 0.328871447630603 0.69021117085158223 0.59680905968251863 1.1261364333241348 0.52033706793264189
decision_type=2 2 2 2 2 2 2 2 2 2 2 2 2 2 2 2 2 2 2 2 2 2
left_child=2 3 -1 6 15 -6 10 8 -8 -9 12 -12 -2 14 -4 -5 17 -15 -19 -16 -7 -17
right_child=1 -3 13 4 5 20 7 9 -10 -11 11 -13 -14 16 19 21 -18 18 -20 -21 -22 -23
leaf_value=-0.05681636229644569 0.032235156155135052 -0.06289474990213606 0.024108662247878308 0.030342931504224097 0.029211962469868964 -0.052387044957396656 -0.0082111870012969816 -0.011070379830064101 -0.063049901643331185 0.0058474327276280078 -0.01561585453423422 0.007544114780080941 -0.0048130884753898664 -0.017692823361018069 -0.056153764428265841 -0.051616697761090138 -0.012245694463396519 0.049290889245020571 0.018826243951422277 -0.011743201208649915 0.036053521265849341 -0.061203267749243256
leaf_weight=1.446039648726585 15.19343579770066 2.1839901991188517 4.2546634674072292 0.4586383704445306 3.1187586728483438 1.3758473985508315 8.719228800669951 44.708661083674087 3.6513724664691827 58.755726993080316 25.617903281457984 72.982765046763234 8.7626414627520699 1.4186033220030356 1.544217720627785 2.9247885947406758 1.7897042587865133 6.7252135369926673 5.0158771236601751 1.7632066910155115 0.15729649935383339 1.7065127312671391
leaf_count=22 148 16 26 23 32 196 130 8269 71 3317 258 844 335 14 20 364 34 37 134 20 6 25
internal_value=0.000301493 -0.000835782 0.0121842 -0.000289559 -0.0222541 0.00530956 0.000608019 -0.00391234 -0.0243977 -0.00146303 0.00488045 0.00152681 0.0186837 0.0166165 -0.000640707 -0.0474457 0.0253459 0.0304584 0.0362762 -0.0324782 -0.0433133 -0.0551491
internal_weight=274.275 250.318 23.9575 248.134 9.74184 4.6519 238.392 115.835 12.3706 103.464 122.557 98.6007 23.9561 22.5115 7.56209 5.08994 14.9494 13.1597 11.7411 3.30742 1.53314 4.6313
internal_count=14341 14034 307 14018 646 234 13372 11787 201 11586 1585 1102 483 285 66 412 219 185 171 40 202 389
is_linear=0
shrinkage=0.05


Tree=218
num_leaves=29
num_cat=0
split_feature=5 11 19 16 15 8 19 8 6 17 8 11 11 3 0 6 11 6 6 8 16 19 15 19 17 19 7 9
split_gain=1.80625 1.70565 3.33184 4.19512 2.44196 2.26395 1.88483 2.53501 2.85573 2.93026 2.24866 7.50706 2.93813 2.20209 1.82998 3.17451 2.26897 1.82705 3.00587 2.25283 0.850404 0.253808 0.246967 0.194529 0.00639493 0.00166104 5.26441e-05 5.25968e-05
threshold=0.35019181444754016 0.25738773791934083 0.48936933509504094 0.25131578947368427 0.34549071618037142 0.13541081105830524 2.1777825801545827 -0.55333107764835965 0.35247833560211494 0.64248120300751899 -0.39333090527602471 0.19111449935706573 0.19111449935706573 0.51499126160066899 0.66666568282841698 0.22378703801318856 0.13398397240618101 0.52121096909648246 0.32160296584620623 1.3852484496582937 0.18564064801178207 0.38198310920148659 0.050316455696202543 0.38198310920148659 0.7215842359389274 0.60979634129605087 1.299303860829119 6.5000000000000009
decision_type=2 2 2 2 2 2 2 2 2 2 2 2 2 2 2 2 2 2 2 2 2 2 2 2 2 2 2 2
left_child=1 6 5 4 20 22 7 8 9 -1 11 -9 -12 -10 15 -8 -17 18 -16 -19 -4 -2 23 -3 -7 26 -23 -26
right_child=21 2 3 -5 -6 24 14 10 13 -11 12 -13 -14 -15 17 16 -18 19 -20 -21 -22 25 -24 -25 27 -27 -28 -29
leaf_value=0.0056213562421365184 -0.1125194673361145 0.053834218961342495 -0.049532743578192991 0.021181905260214795 0.039794700421616043 -0.060687444847200324 0.037330474151731977 -0.0066581688270736855 0.035476451262874763 -0.084748551098782904 -0.003486346490402005 -0.10940405548781128 0.014657808995697998 -0.011264240865972828 0.02355292998183629 -0.047872136108558387 0.0041595705342018984 0.039082190716346075 -0.016482505911719094 -0.020244126542912907 -0.094691430022382214 -0.05070663053126824 0.056557771795389913 0.0054983873084591189 -0.050532938550966716 -0.056966500185164561 -0.052023996797262488 -0.051847516200635047
leaf_weight=3.3366874454659436 0.27894239942543109 0.34243350054020982 5.9898718232725496 2.9373645847954322 0.70958107151091088 0.27556732614175405 3.0393618338275692 12.583994012311448 12.713642373768378 1.2268208056339061 150.12356840669599 2.070267202667309 26.206889615437831 3.1428305469744364 11.291822672443233 4.266004453878848 4.1175478474469855 11.626280627249796 8.0170432756567589 1.8555911112343881 1.2621969792089656 0.14420272188726813 1.9072005203925071 0.53082779078977183 0.31252727813262027 0.23948581540025771 0.15995810902677476 0.10057702381163836
leaf_count=47 7 8 277 30 8 14 24 502 127 24 11614 53 825 29 151 34 43 155 111 18 13 33 10 47 110 5 8 10
internal_value=0.000232467 0.000457863 -0.0163047 -0.0298887 -0.0487307 0.0263724 0.00140008 -0.000563424 0.0161811 -0.018673 -0.00235374 -0.0211735 -0.000789695 0.0262122 0.0107884 -0.00644623 -0.022317 0.0167922 0.00693021 0.0309168 -0.0573925 -0.0737462 0.0464744 0.0244524 -0.0547882 -0.0538518 -0.0513994 -0.050853
internal_weight=270.809 269.987 14.3681 10.899 7.96165 3.46913 255.618 211.405 20.42 4.56351 190.985 14.6543 176.33 15.8565 44.2137 11.4229 8.38355 32.7907 19.3089 13.4819 7.25207 0.822589 2.78046 0.873261 0.688672 0.543647 0.304161 0.413104
internal_count=14337 14284 527 328 298 199 13757 13221 227 71 12994 555 12439 156 536 101 77 435 262 173 290 53 65 55 134 46 41 120
is_linear=0
shrinkage=0.05


Tree=219
num_leaves=31
num_cat=0
split_feature=1 4 4 6 3 7 8 8 3 7 15 16 19 8 3 6 17 6 8 4 18 6 6 19 4 7 7 16 8 6
split_gain=1.51556 7.51502 2.85486 2.73455 2.10756 2.64441 2.06536 2.02393 3.89253 3.28902 3.08157 3.43685 2.03856 2.3915 2.22983 2.09222 2.00502 2.40239 1.96231 1.75841 2.72562 2.45123 4.18038 2.36574 2.24207 1.38193 1.12383 0.796637 0.725196 0.312353
threshold=0.64463252499111656 0.32978932997759652 0.67132252961202388 0.20673445499304571 0.45631481371897847 -0.50000080733447205 -0.19267492265425865 1.3506663390590101 0.52429209191814763 -0.50000080733447205 0.03433539640436193 0.024845679012345682 2.9436955508062881 -0.72859526607884362 0.23551761402803309 0.55651850865010177 0.59508740204942745 0.46137882932745661 1.1753809664846704 0.61959330240885435 15.500000000000002 0.63165745801181339 0.5528819536921955 0.48165195541355016 0.71739964703329251 -0.1869907910265344 1.1528959389604383 0.27970588235294125 1.1463577281898287 0.69401788711547863
decision_type=2 2 2 2 2 2 2 2 2 2 2 2 2 2 2 2 2 2 2 2 2 2 2 2 2 2 2 2 2 2
left_child=1 3 4 -1 16 -6 -7 12 9 -9 25 -12 19 -14 15 -15 17 -3 26 21 24 22 -2 -23 -21 -11 -4 -16 29 -5
right_child=7 2 18 28 5 6 -8 8 -10 10 11 -13 13 14 27 -17 -18 -19 -20 20 -22 23 -24 -25 -26 -27 -28 -29 -30 -31
leaf_value=0.020085127717797385 0.00058816325153685336 0.033307041041353361 -0.06716774942043939 -0.067073118011733435 -0.05836523432479615 -0.022633911739566446 0.025051791175420637 -0.093487198895371132 0.04968145708545961 0.0032650915322406642 0.048387283912568198 -0.020939256326083563 -0.01877778727497055 -0.028892804740105738 0.025718887391871798 0.051792143391980572 0.052643743902116992 -0.011028797889741187 0.022663561815269146 0.038913458745197388 -0.054185300573452812 0.032410750544121479 -0.02750777469694294 0.0049474024639364674 0.0061712891372470158 -0.054635084324691219 -0.013541870216072647 0.051201510666069372 -0.10882285878316225 -0.033166584381157715
leaf_weight=1.0081350040345558 106.90108298362975 6.0030913995578903 2.6440381821594192 3.9345359810395166 2.0974017083644858 4.0882714549079529 5.1074744347715741 1.4785217378521363 2.1212983996374524 1.3255133975326314 2.9552874901564792 4.5250434941117419 3.3589768637903061 2.7585517042316527 6.3445672430098039 1.1336400966392828 3.7244936627685084 6.2226138398982584 1.3143655927851794 9.0677311701729248 1.312821681058266 9.6816436740409682 15.110850001379729 41.257348265913606 12.348842181905637 4.630944967222602 1.5495714050484819 5.9369231052696705 0.96189150730060635 0.82095888575713605
leaf_count=20 6570 62 108 102 13 36 62 24 20 36 38 95 26 90 54 13 28 62 21 109 221 1326 1160 2438 189 1279 30 54 13 32
internal_value=0.00135765 -0.00769961 0.0021862 -0.0558406 0.00882384 -0.00770357 0.00385154 0.00289717 -0.0136923 -0.0227055 -0.014917 0.00644989 0.00421042 0.0196129 0.0275859 -0.0053925 0.0205257 0.0107411 -0.0306447 0.00267296 0.0157474 0.000954696 -0.00289144 0.0101672 0.0200343 -0.0417503 -0.0473526 0.0380373 -0.0692284 -0.0612197
internal_weight=271.726 39.4768 32.7513 6.72552 27.2433 11.2931 9.19575 232.25 17.0366 14.9153 13.4368 7.48033 215.213 19.5327 16.1737 3.89219 15.9502 12.2257 5.50798 195.68 22.7294 172.951 122.012 50.939 21.4166 5.95646 4.19361 12.2815 5.71739 4.75549
internal_count=14331 589 422 167 263 111 98 13742 1492 1472 1448 133 12250 237 211 103 152 124 159 12013 519 11494 7730 3764 298 1315 138 108 147 134
is_linear=0
shrinkage=0.05


Tree=220
num_leaves=25
num_cat=0
split_feature=7 1 5 17 7 2 7 5 1 15 11 8 18 16 1 0 19 5 5 15 17 1 3 15
split_gain=1.95268 3.10669 2.47616 2.5464 1.4613 3.71257 2.54024 3.21781 6.5086 2.26658 3.09536 2.22968 2.01368 4.21779 3.32537 0.566115 0.362874 0.0679052 0.0181006 0.00267212 7.70738e-05 2.71426e-05 7.42461e-07 7.85967e-08
threshold=9.7558890299480296 0.10021843759488121 0.10261696927687702 0.72776679841897252 -1.0061724284617068 0.051724022510004984 -0.50000080733447205 0.11492041045544195 0.96058751494802697 0.12326685660018995 0.0040492532523391843 0.54609886227422599 3.5000000000000004 0.69157608695652184 0.88787115702013997 0.69999816845880403 0.52710125979661515 0.084668555379915647 0.11170573639713863 0.061697065820777171 0.32971014492753631 0.77975650976891264 0.32431244694329558 0.017700501253132835
decision_type=2 2 2 2 2 2 2 2 2 2 2 2 2 2 2 2 2 2 2 2 2 2 2 2
left_child=1 -1 3 16 5 -3 7 8 -6 10 -7 -9 14 -14 -8 -4 17 -2 -17 22 -20 -22 23 -5
right_child=2 4 15 19 6 9 12 11 -10 -11 -12 -13 13 -15 -16 18 -18 -19 20 -21 21 -23 -24 -25
leaf_value=-0.059765452558293179 0.067835177784331055 -0.045556366007231272 0.04630827514054061 -0.050072367495186176 -0.055009663030384681 0.050454330286406883 0.016877695920971183 -0.0071043070907292026 0.0013885592297420133 0.053873240335377048 -0.070351419009837393 0.044781797870897269 -0.00064586980248845305 -0.052082038738751127 -0.021248723865767354 -0.067066956105517772 0.044163426291506686 0.086153318642148577 -0.052306774976380234 -0.057471087574171548 -0.051855200523270896 -0.050195898512073095 -0.050286765225770691 -0.050179519685515012
leaf_weight=2.244444463402032 0.96058778461883809 1.7683996744453887 0.15176571684423834 0.1143536422150645 10.038050341812783 1.0990193165198436 34.062229875737103 6.8710315401112876 10.431930919497971 4.9746511522680521 1.0245684135879853 2.9635630424600095 180.62561307787473 4.0754745580998124 6.8730974329082519 0.3769287597388028 1.3679396318621 1.0688616335391996 0.30072053833282553 0.31464207917451859 0.037321085343137383 0.07256612776836846 0.072662321792449802 0.020125519644352607
leaf_count=36 41 19 4 145 70 29 633 153 144 38 28 21 12344 337 106 3 16 2 10 3 3 108 19 10
internal_value=-0.000616302 -0.00118781 0.0307975 0.0482724 -0.000691324 0.0192643 -0.00138265 -0.0149748 -0.0262679 0.0354132 -0.00783088 0.00853109 0.000442871 -0.00178082 0.0104762 -0.0421153 0.064067 0.0774829 -0.0591554 -0.0545679 -0.0518927 -0.0507594 -0.050158 -0.0500884
internal_weight=271.911 267.052 4.85847 3.91917 264.808 8.86664 255.941 30.3046 20.47 7.09824 2.12359 9.83459 225.636 184.701 40.9353 0.939302 3.39739 2.02945 0.787537 0.521784 0.410608 0.109887 0.207141 0.134479
internal_count=14322 13958 364 236 13922 114 13808 388 214 95 57 174 13420 12681 739 128 59 43 124 177 121 111 174 155
is_linear=0
shrinkage=0.05


Tree=221
num_leaves=31
num_cat=0
split_feature=5 5 5 4 5 19 1 18 10 16 19 1 4 19 2 2 2 1 14 9 2 2 2 3 0 18 7 9 5 1
split_gain=1.37334 4.16368 4.0106 2.88986 3.14703 3.25631 3.00918 3.73939 3.74211 3.52337 4.00914 3.64443 2.96352 2.71364 2.65245 4.12342 3.73362 3.11986 2.42837 2.97879 2.56077 4.63905 2.52634 2.40804 2.16849 1.23407 1.05676 0.994249 0.945924 0.503952
threshold=0.086743710087794898 0.10582385076528171 0.084668555379915647 0.51833380904852178 0.05297552370557599 0.61414890611470518 0.9625782679105892 3.5000000000000004 1.5000000000000002 0.41240409207161127 2.9436955508062881 0.98681132377081948 0.50539547789330597 1.3744702889869529 0.4278065176571117 0.12191795523649727 0.016853039026482993 1.501379711763094 0.072299651567944254 4.5000000000000009 0.014084441644163928 0.31289633871802452 0.28296995848612078 0.3504523981630413 0.66666568282841698 46.500000000000007 0.39664593069877219 2.5000000000000004 0.13741766237745101 0.72285972251239927
decision_type=2 2 2 2 2 2 2 2 2 2 2 2 2 2 2 2 2 2 2 2 2 2 2 2 2 2 2 2 2 2
left_child=2 18 3 6 -5 -6 7 8 -1 11 -11 -8 -9 14 15 16 -3 -17 19 20 -2 -22 -21 -24 27 -16 28 -15 -26 -4
right_child=1 13 29 4 5 -7 9 12 -10 10 -12 -13 -14 24 25 17 -18 -19 -20 22 21 -23 23 -25 26 -27 -28 -29 -30 -31
leaf_value=0.015729033060974642 0.016181620885936245 -0.015188411252014379 0.08174327651246853 0.056655527476361968 -0.033652897757223021 0.043156477092895308 0.04546795626523565 -0.022056333770347158 -0.048635984675781972 -0.068859060210201703 0.028366419197167404 0.0042564267091513503 -0.14770775608795045 0.0076391899302911195 0.054525889116022463 -0.029291936795009244 0.014312043484786128 0.025893642764881278 -0.098692908607056817 0.060208269799722131 -0.063534216959065734 -0.0032045146605269911 -0.044611692409514583 0.031226214392755781 0.011577758005619707 -0.050266281725090636 -0.00031099489705131288 -0.055294565808564192 0.041520443209907276 0.040965070641140355
leaf_weight=14.879509756341578 2.4188011623919072 17.22242379601812 1.4116358160972589 4.8788510481826943 3.0044866548851132 2.5518603716045618 5.6876103107715599 22.603088842432047 2.6621918240562072 3.25097910806653 1.5735028497874735 94.43888752688872 0.47920875810086627 1.2128177678678214 2.5900388875888889 20.826139272816366 28.431019543539151 2.9201919997285577 1.0191343523911189 1.7790577635169018 8.077386059710987 5.2624156073579789 2.3471536480938084 1.889232702553272 3.8791218044061671 0.31512731307884667 3.2139965238748109 1.3005581184988839 8.2414916958077793 1.6354306154826188
leaf_count=340 20 293 3 30 27 38 170 1192 27 155 29 8169 5 16 66 2358 491 57 14 8 79 268 35 27 51 214 32 35 53 55
internal_value=5.16564e-05 -0.00416446 0.00304551 0.00193592 0.027353 0.0016233 0.000113957 -0.0114406 0.00596077 0.00458644 -0.037149 0.00659742 -0.024665 0.000662636 -0.00364726 -0.00560663 0.00318322 -0.0225055 -0.0232569 -0.0197261 -0.0311521 -0.0397348 0.0102066 -0.0107915 0.0181227 0.0431589 0.0251785 -0.0249262 0.0319375 0.0598567
internal_weight=272.003 112.946 159.057 156.01 10.4352 5.55635 145.575 40.624 17.5417 104.951 4.82448 100.126 23.0823 90.1529 72.3049 69.3998 45.6534 23.7463 22.7932 21.774 15.7586 13.3398 6.01544 4.23639 17.848 2.90517 15.3346 2.51338 12.1206 3.04707
internal_count=14357 4117 10240 10182 95 65 10087 1564 367 8523 184 8339 1197 3666 3479 3199 784 2415 451 437 367 347 70 62 187 280 136 51 104 58
is_linear=0
shrinkage=0.05


Tree=222
num_leaves=17
num_cat=0
split_feature=4 4 9 15 13 4 4 5 8 3 18 15 15 19 5 4
split_gain=1.91811 2.93875 1.47016 1.33318 1.08845 1.0177 2.79941 2.33017 0.198426 0.00301044 0.00214358 0.000327048 0.000115838 1.8217e-05 1.42488e-05 2.8305e-06
threshold=0.11863035314223348 0.11904588088490606 25.500000000000004 0.15831244778613202 1.0000000180025095e-35 0.51833380904852178 0.46628991918626178 0.05297552370557599 0.59220107519618426 0.23943741492975773 13.500000000000002 0.14160401002506268 0.13867521367521371 0.52710125979661515 2.6830660751442509e-05 0.11830338621451186
decision_type=2 2 2 2 2 2 2 2 2 2 2 2 2 2 2 2
left_child=3 8 4 10 5 6 -3 -7 -2 12 -1 13 -6 15 -15 -12
right_child=1 2 -4 -5 9 7 -8 -9 -10 -11 11 -13 -14 14 -16 -17
leaf_value=-0.055059489209180995 0.082377743630228456 0.00081279185433387685 -0.07411129063425595 0.033932372933110182 -0.050072832687759063 0.039256243178744016 -0.020426883305362173 0.0035050067850282401 0.04907544374800471 -0.057901671992599407 -0.050142159581448909 -0.052719560758101996 -0.052264114316595472 -0.050943954438929233 -0.050406200208446994 -0.050456299590254244
leaf_weight=0.28576338443963312 0.83263144291413371 188.70634883616913 0.66090348715078917 0.55289375514257688 0.10267171651503204 4.9716978776268652 16.903137935805717 54.733106335574121 0.96649057813920081 0.59971356946334708 0.81672415691719003 0.15480104961898167 0.14617669361177832 0.13545810238429101 1.359392076199583 0.078607679723063484
leaf_count=18 29 8941 10 8 263 28 820 1889 29 28 1249 7 9 50 928 19
internal_value=0.000327827 0.000799062 0.000369626 -0.0370829 0.000554568 0.000735394 -0.00093332 0.00648206 0.0644877 -0.0559833 -0.0509534 -0.0504923 -0.05136 -0.0503481 -0.0504549 -0.0501697
internal_weight=272.007 268.623 266.824 3.38364 266.163 265.314 205.609 59.7048 1.79912 0.848562 2.83075 2.54498 0.248848 2.39018 1.49485 0.895332
internal_count=14325 12046 11988 2279 11978 11678 9761 1917 58 300 2271 2253 272 2246 978 1268
is_linear=0
shrinkage=0.05


Tree=223
num_leaves=31
num_cat=0
split_feature=6 5 7 15 1 17 17 5 1 7 7 7 6 17 7 15 18 1 6 1 7 15 5 9 1 3 3 1 10 8
split_gain=1.621 1.84252 1.29133 2.89068 2.75401 1.35966 4.56227 2.74914 2.61797 4.83729 2.60586 2.40656 2.24413 3.4108 2.77767 1.20074 0.623941 0.57616 0.559001 0.222242 0.185833 0.0788807 0.0723279 0.0388876 0.0270273 0.0152882 0.0087709 0.00662655 0.00026982 2.35647e-05
threshold=0.89344893320642349 0.018212458666633163 -1.0061724284617068 0.12326685660018995 0.48098664164845051 0.89893315174214061 0.85120759056929274 0.27788560539623164 0.98806327284726037 -0.63512645822350178 1.2414405030374527 -0.41797534444337953 0.2362918661098288 0.72776679841897252 -0.52397714857510425 0.090326340326340335 32.500000000000007 2.4889299632725064 0.41713434277158801 0.81241090126705473 0.059611056125256995 0.12326685660018995 0.067700074389089968 7.5000000000000009 0.71037848594885877 0.3888047411550884 0.35917689753513715 1.5544403090052237 3.5000000000000004 -0.35747395171466556
decision_type=2 2 2 2 2 2 2 2 2 2 2 2 2 2 2 2 2 2 2 2 2 2 2 2 2 2 2 2 2 2
left_child=2 15 3 4 -1 6 12 8 11 -10 19 -7 13 -4 -14 28 20 23 -5 -9 -3 26 -6 -18 -24 27 -8 -22 29 -2
right_child=1 16 5 18 22 7 21 10 9 -11 -12 -13 14 -15 -16 -17 17 -19 -20 -21 25 -23 24 -25 -26 -27 -28 -29 -30 -31
leaf_value=0.033599676837887449 -0.051648062554435152 -0.024546971735987369 0.014462428064234048 0.022177677822379088 -0.084743230722478344 -0.010713072382820954 -0.051652225901794302 -0.064584577100611121 0.11803698401694028 -0.011072210613481267 0.032416631431978836 0.029745920618361222 -0.020206323028323259 -0.040577782560605249 -0.00076237623040692959 0.043820426666778156 -0.050328353226215129 -0.1799360499837287 0.055104106027441362 -0.035531572597790197 -0.050832596564349221 -0.0066563976184960813 -0.069803465529720513 -0.085519062793224243 -0.053544212963134941 -0.070604716970580558 -0.057864685092502602 -0.064020503143338667 -0.053622582921920153 -0.05021954592800925
leaf_weight=1.226040862500666 0.030891215428709984 0.4888733224943278 35.95367642310157 2.1836422150954604 0.43870648949814484 4.5156456642434959 3.7210906164837061 2.0384687075857069 0.76484109635930053 14.098704724972778 1.1816146973287684 19.752819010398525 20.917642417640309 3.0537996321509118 150.66569673860431 0.87994907796382904 0.11600874594296318 0.20066115260124207 3.146378324367106 0.97216032745200198 0.21496997365466086 0.09545199159765605 0.44879253162071087 0.24283184111118317 0.59370746824424714 0.40235850214958191 0.67051779545727175 0.17103910446166992 0.070830715587362647 0.44098426800337553
leaf_count=5 1 12 720 16 20 100 1356 41 11 5453 21 1318 172 279 4097 12 76 1 27 62 45 3 4 1 39 2 87 1 4 342
internal_value=7.82108e-05 -0.0349689 0.000506948 0.020244 -0.0218302 -0.000106949 -0.00173476 0.00797412 0.0120966 -0.00442857 -0.0305068 0.0222177 -0.000671784 0.0101535 -0.00313278 0.00774616 -0.068054 -0.112084 0.0416146 -0.0552031 -0.0487663 -0.0516234 -0.0677112 -0.0741423 -0.0605438 -0.0637848 -0.0526008 -0.0566761 -0.050745 -0.0503131
internal_weight=269.699 3.2594 266.439 8.03727 2.70725 258.402 215.078 43.3243 39.132 14.8635 4.19224 24.2685 210.591 39.0075 171.583 1.42266 1.83674 0.559502 5.33002 3.01063 1.27724 4.48706 1.48121 0.358841 1.0425 0.788368 4.39161 0.386009 0.542706 0.471875
internal_count=14328 497 13831 111 68 13720 6714 7006 6882 5464 124 1418 5268 999 4269 359 138 78 43 103 60 1446 63 77 43 48 1443 46 347 343
is_linear=0
shrinkage=0.05


Tree=224
num_leaves=31
num_cat=0
split_feature=8 5 6 6 8 5 19 4 9 11 3 3 0 1 11 3 17 5 11 4 19 5 6 18 16 17 6 11 17 15
split_gain=1.44754 2.41097 2.63218 3.76857 3.31819 2.9634 6.10323 2.89463 2.28888 1.93524 1.7539 1.73964 1.71379 1.70929 2.59516 3.44727 3.97094 2.44235 1.75011 1.58981 1.85483 1.51094 3.62491 3.48307 3.37866 2.60413 2.23149 1.46732 1.42676 1.33206
threshold=-0.089855396254323844 0.073912760790656604 0.23316589509597935 0.4810098041222442 -0.34429611182886427 0.093985547306543085 0.99115816246793997 0.23108473634408191 4.5000000000000009 0.10076030932590292 0.21257125006781688 0.74565484895537004 0.99999980854987547 2.1365178262240221 0.15318541581875547 0.18168212541567738 0.55028089887640463 0.018807192498785 0.04283831556209685 0.12198903202231415 0.52710125979661515 0.035659309194869364 0.1787298183248501 45.500000000000007 0.31851119894598162 0.52020408163265319 0.75184606656325981 0.13912995636695044 0.4777667984189724 0.09938271604938273
decision_type=2 2 2 2 2 2 2 2 2 2 2 2 2 2 2 2 2 2 2 2 2 2 2 2 2 2 2 2 2 2
left_child=1 13 7 4 8 6 -5 -3 -4 -7 -9 19 -6 14 17 -16 -17 29 -19 20 -2 24 -23 -24 25 -21 -26 -22 -29 -1
right_child=11 2 3 5 12 9 -8 10 -10 -11 -12 -13 -14 -15 15 16 -18 18 -20 21 27 22 23 -25 26 -27 -28 28 -30 -31
leaf_value=0.0091243195549706359 -0.050423469988413239 -0.032715983096290029 -0.061513525801844583 0.033935291991969499 -0.045013106309719171 -0.0056794858981065698 -0.088439197011238896 -0.019132175181904507 -0.0056158712871909842 0.0250308094611724 0.040138308305937898 0.032385103105708767 0.017496499520551875 0.045787966110475808 -0.065747272104510576 -0.012879261061196532 0.031512834294237339 -0.0024362047519344565 0.025427384392759402 0.011799395693839546 0.04323927772699443 -0.047935972595905679 -0.0017953828294927814 0.025536894634721724 -0.027656746111123162 -0.013586618908906226 -0.096020786924166768 0.05496298126026003 -0.066892064806669413 0.052556138870780013
leaf_weight=2.3693386366649083 0.78496662062752776 2.2032884132349855 6.7563101163250376 1.814594461495292 1.4645178832579402 9.1441952741734003 2.3234502431005239 1.4785749860311614 2.5123714339279104 11.685336746188112 8.0090645666350593 3.6892916487995526 4.3633308065764131 3.686902544250187 1.9448860756965611 13.434682650491597 8.0597353172488493 11.658689262578266 10.908260000287553 15.041565995838026 4.75173524460115 3.7326555454128529 77.0401311334208 13.733945003230472 5.5050690273637874 30.763189829825933 1.5241356190090298 0.37826971709728219 0.65820913298011874 6.9262855621054769
leaf_count=127 1023 91 246 26 35 506 24 98 35 158 84 27 164 82 157 137 85 142 188 137 709 369 1928 1188 224 5828 278 3 163 61
internal_value=0.00153337 0.00591423 -0.00196194 -0.00805308 -0.0277741 0.00387117 -0.0347762 0.018912 -0.0463619 0.0115489 0.0309015 -0.00154495 0.00178806 0.0128245 0.0106269 -0.00200154 0.00376639 0.0199169 0.0110323 -0.00235825 0.0217007 -0.00343157 0.000354232 0.00233994 -0.0102034 -0.00525025 -0.0424801 0.0314818 -0.0224203 0.0414859
internal_weight=268.347 110.744 51.755 40.0641 15.0965 24.9676 4.13804 11.6909 9.26868 20.8295 9.48764 157.603 5.82785 58.9888 55.3019 23.4393 21.4944 31.8626 22.5669 153.914 6.57318 147.341 94.5067 90.7741 52.834 45.8048 7.0292 5.78821 1.03648 9.29562
internal_count=14323 2446 1467 1194 480 714 50 273 281 664 182 11877 199 979 897 379 222 518 330 11850 1898 9952 3485 3116 6467 5965 502 875 166 188
is_linear=0
shrinkage=0.05


Tree=225
num_leaves=31
num_cat=0
split_feature=8 6 3 3 5 7 3 3 17 2 1 11 11 8 8 10 7 1 15 15 1 3 8 1 14 1 6 5 6 8
split_gain=1.54643 3.14927 3.03451 2.73085 3.46468 3.01132 2.48946 2.76599 2.61741 2.18525 3.00353 2.10744 2.00893 1.97033 2.81553 2.49187 2.27922 2.21552 4.05788 2.46138 4.0802 3.18525 2.11192 2.07842 2.03016 3.48445 2.37133 1.87165 1.73812 1.71657
threshold=-0.39333090527602471 0.35247833560211494 0.2927171919080947 0.33050075855130473 0.029482324138965486 -0.43077735514825116 0.31771853079203694 0.2458539975234886 0.25357142857142861 0.091302273320216773 0.69582264614216138 0.046382026991355886 0.12407653117295493 -0.058420368102735341 0.094995627261992108 4.5000000000000009 -1.0061724284617068 0.94400859743805177 0.93750000000000011 0.11024305555555557 1.0814992030041923 0.49366807625963799 1.0000000180025095e-35 0.64463252499111656 0.093171296296296308 1.1318272483859635 0.35247833560211494 0.044441503636977256 0.19173327359286224 -0.34429611182886427
decision_type=2 2 2 2 2 2 2 2 2 2 2 2 2 2 2 2 2 2 2 2 2 2 2 2 2 2 2 2 2 2
left_child=1 2 28 -4 -5 -6 7 -3 12 10 -10 -11 -8 17 16 24 -15 29 19 20 -19 -21 -18 -24 26 -26 -16 -9 -1 -2
right_child=13 6 3 4 5 -7 8 27 9 11 -12 -13 -14 14 15 -17 22 18 -20 21 -22 -23 23 -25 25 -27 -28 -29 -30 -31
leaf_value=-0.048852038190178339 -0.034152086379069885 0.0025305547919692029 -0.10446420740177509 0.046553650454391346 0.020800622555434981 -0.055978295050506215 0.0072550411990952458 -0.0063256032178671557 0.029381660399024224 -0.018815604787621919 -0.034590675059246727 0.043039301885361952 -0.042460314048851686 0.051365220980726094 0.0093441320563109141 0.026007337511867314 -0.061161610414382089 -0.046204650508391919 -0.091975151352313045 0.023783718953346154 0.0092558029183248576 -0.048197414385478032 -0.074146510323294321 -0.0083817262026510461 0.035526959430225068 -0.037731537004559793 -0.0062320370859343718 -0.066937835092308925 0.021645761175383679 0.029957930585501804
leaf_weight=1.1133783880432044 1.1171299517445756 7.5544710301692231 1.4232292117085297 1.2742176372557867 1.5649643063079537 6.9418983892537662 4.8379629927221703 2.0362670756876469 3.8596992692910161 1.6099333816964634 3.4973308648914099 9.519328839494845 3.5035256524570286 1.0693829918163853 34.755244038704404 10.159711050837357 3.0910516592630328 4.8623728074890087 1.0691838189959515 19.20815189473797 10.429776074546679 1.6705715209245671 1.3397283859085281 11.635174070921492 8.4234169835617632 2.0105791110363489 82.288051358351368 3.4006587970070541 4.0719597751885885 15.975067623687208
leaf_count=73 55 344 25 16 10 119 55 19 22 111 27 92 29 11 2909 170 273 401 6 236 429 15 18 823 336 86 7133 65 126 280
internal_value=0.000693499 -0.00666915 -0.0251165 -0.0397526 -0.0303365 -0.0418537 0.000923806 -0.0170418 0.00962366 0.0201145 -0.00102904 0.0340915 -0.013626 0.00267263 -0.00020304 0.00217644 -0.0193159 0.0108644 0.00402409 0.00686176 -0.0083787 0.0180243 -0.0240205 -0.0151723 0.00027716 0.0214104 -0.0016068 -0.044237 0.00650871 0.0257678
internal_weight=265.313 56.2088 16.3896 11.2043 9.78108 8.50686 39.8192 12.9914 26.8278 18.4863 7.35703 11.1293 8.34149 209.105 154.772 137.637 17.1353 54.3323 37.2401 36.1709 15.2921 20.8787 16.066 12.9749 127.477 10.434 117.043 5.43693 5.18534 17.0922
internal_count=14314 1133 369 170 145 129 764 428 336 252 49 203 84 13181 11759 10634 1125 1422 1087 1081 830 251 1114 841 10464 422 10042 84 199 335
is_linear=0
shrinkage=0.05


Tree=226
num_leaves=28
num_cat=0
split_feature=9 17 19 6 3 6 15 6 3 1 4 17 17 17 1 15 15 16 17 11 0 6 6 1 15 15 15
split_gain=1.73751 1.88024 2.83858 2.22235 1.4165 1.26334 1.95276 1.41741 2.32707 1.70566 1.07857 1.23786 3.70059 2.04566 1.03541 0.976415 0.792357 0.658434 0.498422 0.679584 0.231321 0.209158 0.110008 0.0582246 0.00183855 0.000425917 3.26235e-05
threshold=12.500000000000002 0.30860805860805868 0.61414890611470518 0.66137480195205489 0.20937874737907861 0.89093726813191132 0.18257575757575759 0.84512872888584345 0.17697411580802572 1.0781490155146274 0.11803770376965893 0.89893315174214061 0.85120759056929274 0.9157260621433102 2.4889299632725064 0.15831244778613202 0.29217479674796754 0.035504201680672275 0.35805860805860812 0.14081795430071928 0.90000385134829253 0.85959538711221672 0.22895847667347305 1.2312136564570579 0.076436222005842283 0.33589743589743598 0.012121657361151927
decision_type=2 2 2 2 2 2 2 2 2 2 2 2 2 2 2 2 2 2 2 2 2 2 2 2 2 2 2
left_child=5 -2 3 4 -3 7 14 10 25 15 16 12 -12 -13 18 -10 24 -4 19 -7 -20 -11 -19 -24 -1 26 -9
right_child=1 2 17 -5 -6 6 -8 8 9 21 11 13 -14 -15 -16 -17 -18 22 20 -21 -22 -23 23 -25 -26 -27 -28
leaf_value=-0.050218530656263111 -0.036606079709793522 -0.067306287331791795 0.016798170009980875 0.036533622259516237 0.0035841396025297016 -0.050545346611672676 0.031794250626076569 -0.050392893526833141 -0.011040073030176602 0.069832357375204185 -0.0013180328903779886 0.041326604004707612 -0.051517578145283627 0.0036144168130004643 -0.15767084410676466 0.046890909578924653 0.045190564410353594 0.062159297575846241 0.014563428434726848 0.053490698290588237 -0.062246707506367696 0.044675362360080538 0.038478954405142346 0.051806430541075046 -0.054024189460857047 -0.054505825077982531 -0.051026393744276088
leaf_weight=1.2048483379912784 1.4175917491083954 1.4960282151732811 1.7069132269825784 1.8528474279155487 1.3321169086266307 0.36492644453392165 0.92208211589604605 0.60473692751838726 2.3859372660517697 1.6119076684117319 197.30977669826825 3.990686378980171 3.7408354222134212 36.350457519487463 0.21655356884002674 1.0463511906564233 0.24503416381776322 1.8778343237936495 0.1044221484262392 0.27545321360230446 1.5989732753187111 1.6950713364058172 1.2431293940171602 2.4048356097191572 0.43084953867219145 0.07583310455083847 0.30608725168713136
leaf_count=1865 31 38 17 21 14 222 16 366 194 12 4347 494 1110 5042 1 16 3 8 28 2 286 28 19 36 38 1 51
internal_value=0.000234336 0.0178302 0.0243074 -0.00603 -0.0339154 -0.000687444 -0.0305962 -0.000272483 0.0208115 0.0313112 -0.000942076 -0.000648209 -0.00225207 0.00734504 -0.0530656 0.00662049 -0.0386598 0.0439418 -0.0434006 -0.00579523 -0.0575381 0.0569375 0.0523264 0.0472648 -0.051221 -0.0509055 -0.0506058
internal_weight=267.812 13.3313 11.9137 4.68099 2.82815 254.481 3.48241 250.998 7.72592 6.73927 243.272 241.392 201.051 40.3411 2.56033 3.43229 1.88073 7.23271 2.34378 0.64038 1.7034 3.30698 5.5258 3.64797 1.6357 0.986657 0.910824
internal_count=14306 184 153 73 52 14122 555 13567 668 250 12899 10993 5457 5536 539 210 1906 80 538 224 314 40 63 55 1903 418 417
is_linear=0
shrinkage=0.05


Tree=227
num_leaves=31
num_cat=0
split_feature=0 3 5 0 0 18 16 17 3 5 1 6 16 6 8 0 6 4 8 3 3 6 15 0 6 0 19 18 15 1
split_gain=1.77956 2.39232 1.79489 1.62171 1.89088 1.587 3.07863 2.91847 3.43241 3.21018 1.90551 3.20661 2.91569 3.61437 2.94777 1.34224 2.47135 1.25169 0.942132 1.45349 0.189788 0.136622 0.0992702 0.0804194 0.0106081 0.00775681 0.00497309 0.00242818 0.00333811 0.000684156
threshold=0.65265092346082143 0.39729962317772166 0.072070103065640337 1.000230123974984 1.2082988123439498 12.500000000000002 0.33568075117370894 0.41728855721393038 0.2099554024490656 0.091794172922770187 1.0814992030041923 0.29073235304405565 0.18044171220400732 0.42313609460387575 -0.72859526607884362 1.2305378533845428 0.73576623743230651 0.46093397704624695 -0.34429611182886427 0.29747340881746581 0.37380032757528475 0.34739338267933245 0.29679679679679688 0.50300876972466957 0.17263792018697724 1.0009956174484478 8.7141633160738916 1.5000000000000002 0.133974358974359 0.66471074773163552
decision_type=2 2 2 2 2 2 2 2 2 2 2 2 2 2 2 2 2 2 2 2 2 2 2 2 2 2 2 2 2 2
left_child=1 20 -3 5 25 10 7 9 -9 -7 12 -12 14 -14 -2 -6 29 -13 19 -8 23 -4 -20 -1 -25 -5 -26 -27 -29 -17
right_child=3 2 21 4 15 6 18 8 -10 -11 11 17 13 -15 -16 16 -18 -19 22 -21 -22 -23 -24 24 26 27 -28 28 -30 -31
leaf_value=-0.032607527087659703 -0.049247237218938998 0.03308168205039317 -0.05641396511299767 -0.063783079619894156 0.042246479196104816 0.028686384305125035 -0.064873089119220462 0.0051604208233115437 -0.013793872944678764 -0.012225188742669757 -0.013971528419211079 0.04428843550865505 0.026021145544093838 0.00012417115368265952 -0.0019913884979448561 -0.054045821127121321 0.040777804148738141 0.0098000197900702732 -0.052837802994293637 0.025171644567205304 -0.081141524420178635 -0.024803461946404703 -0.078383467649430022 -0.063209929515483529 -0.052342542661975723 -0.057229237506077141 -0.059432309139067309 -0.0513292886166197 -0.055604971122268289 -0.051379832159663456
leaf_weight=0.42762916104402449 3.5235120649449518 1.974755981937051 0.71922417590394594 0.17434130779292845 1.2496071602799927 15.002319016726689 0.75887515253998561 46.531974510293367 49.075312234548619 7.047231189266312 4.7856420725584057 8.8955539031885547 23.626225082000019 31.352997722060536 52.039386283431668 0.27877779933624047 1.1174576074990907 3.7356161731295279 2.8707700879313047 1.0945782139897344 0.75787367252632964 0.65141086775111035 0.43837039172649372 0.47635342576540929 0.85481632308801614 0.29024292103713412 0.34805586002767086 1.8366045031107208 0.60747738741338242 1.7593284708691497
leaf_count=19 26 10 25 5 12 162 113 9014 1642 70 28 88 267 583 484 13 38 37 414 14 5 19 2 7 67 5 9 898 9 272
internal_value=0.000301334 -0.0261479 0.00256972 0.000937745 -0.0222705 0.0016146 -0.0024453 -0.000787081 -0.00456884 0.0156107 0.00551143 0.0208831 0.00308951 0.0112529 -0.00498811 -0.00161215 -0.0189802 0.0340886 -0.0402364 -0.0116961 -0.0596839 -0.0413907 -0.0562219 -0.0519652 -0.0568949 -0.0535575 -0.054394 -0.0529055 -0.052392 -0.0517445
internal_weight=264.302 6.21012 3.34539 258.092 7.31384 250.778 122.819 117.657 95.6073 22.0496 127.959 17.4168 110.542 54.9792 55.5629 4.40517 3.15556 12.6312 5.16259 1.85345 2.86473 1.37064 3.30914 2.10685 1.67923 2.90867 1.20287 2.73432 2.44408 2.03811
internal_count=14357 161 54 14196 1252 12944 11431 10888 10656 232 1513 153 1360 850 510 335 323 125 543 127 107 44 416 102 83 917 76 912 907 285
is_linear=0
shrinkage=0.05


Tree=228
num_leaves=20
num_cat=0
split_feature=0 5 5 7 8 0 5 0 19 4 7 6 19 1 15 4 5 8 11
split_gain=2.27601 2.21635 1.55684 1.35777 1.37261 2.76746 4.38272 2.66514 2.37043 2.65696 2.45907 0.296245 0.198432 0.0877647 0.131716 0.0718397 0.00465375 0.00130785 0.000361873
threshold=0.65265092346082143 0.040297532549091422 0.35019181444754016 -1.5208166333846345 0.72488549009415104 0.73212339746711763 0.019702344158895657 0.90597971050851256 2.1777825801545827 0.40276194553749239 -0.50000080733447205 0.81860090506197236 0.38198310920148659 0.90825580521761207 0.17902930402930406 0.50539547789330597 0.091794172922770187 -0.65097844819150519 0.11024891069070951
decision_type=2 2 2 2 2 2 2 2 2 2 2 2 2 2 2 2 2 2 2
left_child=1 -1 3 13 8 6 -6 -7 10 -10 -5 15 -4 -2 -15 16 -3 -14 -18
right_child=2 11 12 4 5 7 -8 -9 9 -11 -12 -13 17 14 -16 -17 18 -19 -20
leaf_value=0.013244434594769467 0.055022270657474504 -0.057400745559166771 -0.10867214782229605 -0.021576700059406609 -0.036687045376435239 -0.062767276803243691 0.042762817632430866 0.0037828051437570503 0.0013823383079562086 0.032539287305553097 -0.0019849728598068154 -0.02191891557283725 -0.056627428253161395 0.01294546208755214 0.051451917884548594 -0.070242846053515495 -0.053253015612107379 -0.050781061918302839 -0.051355896912736489
leaf_weight=1.7910911648068566 0.89960668818093725 0.82667353155557144 0.27272893639746953 17.989371834570193 2.1115729962475589 1.5584148413727223 9.753597198519854 43.401622219900673 23.202799303071515 9.70431624969933 146.03763006893496 0.57994106481783081 0.16322689317166805 0.42913291961303912 0.46028474904596806 1.2293909679283386 0.52122342167422153 0.23108974483329803 0.48550867446465418
leaf_count=28 6 22 6 325 22 112 93 2737 320 97 10370 14 3 35 7 36 19 39 41
internal_value=-0.000273525 -0.0322954 0.000405597 0.000604724 0.000298708 0.00714448 0.0286236 0.00147603 -0.00167663 0.0105705 -0.00413366 -0.0546868 -0.0758811 0.0440107 0.032873 -0.0608914 -0.0546208 -0.0532012 -0.0523381
internal_weight=261.649 5.43383 256.215 255.548 253.759 56.8252 11.8652 44.96 196.934 32.9071 164.027 3.64274 0.667046 1.78902 0.889418 3.0628 1.83341 0.394317 1.00673
internal_count=14332 160 14172 14124 14076 2964 115 2849 11112 417 10695 132 48 48 42 118 82 42 60
is_linear=0
shrinkage=0.05


Tree=229
num_leaves=26
num_cat=0
split_feature=0 5 7 19 19 15 7 8 7 8 0 3 17 16 7 6 1 1 8 7 7 3 6 5 8
split_gain=1.17436 1.25224 1.23771 2.9421 1.9519 1.44146 1.23418 2.72088 2.59915 2.61817 3.75032 1.95765 1.79717 1.70406 1.50711 2.19398 1.96936 1.37542 2.82975 0.472426 0.253541 0.0293683 0.0200721 0.00739508 0.000399513
threshold=0.65265092346082143 0.067700074389089968 -1.0061724284617068 0.58462825021395537 0.52339504623397148 0.12326685660018995 1.1244935545830679 0.74594613778068453 1.0144818270450147 0.72488549009415104 0.69999816845880403 0.12181474060571496 0.45346320346320351 0.30116279069767443 1.2765936031182104 0.30253015383325449 1.0469053386337548 0.66471074773163552 -0.37018611142517455 1.1528959389604383 -0.21417928228901681 0.49662977963469751 0.18618676978938029 0.081914392038553718 0.74594613778068453
decision_type=2 2 2 2 2 2 2 2 2 2 2 2 2 2 2 2 2 2 2 2 2 2 2 2 2
left_child=1 20 3 4 -2 -5 8 14 9 11 -11 -4 13 -9 15 -8 -16 -10 -19 22 -1 -14 -3 -24 -25
right_child=2 19 6 5 -6 -7 7 12 17 10 -12 -13 21 -15 16 -17 -18 18 -20 -21 -22 -23 23 24 -26
leaf_value=0.021781065312649995 -0.094466029794085166 -0.066526755819572334 -0.049752281509317042 -0.00046502212727567182 0.019720049911344573 0.054619878309551208 -0.049365410002037341 0.018243129492030313 -0.087616566869814727 0.041919825329947875 0.0035843452687892375 -0.0029225517808628828 -0.052576742151493855 -0.061858903262345291 0.018074375150805042 0.052925422672927325 -0.029007062881436736 0.049246728888829257 -0.055914407157569485 -0.013781260044991587 -0.010782826903248973 -0.072041868429671252 -0.058864556123113865 -0.051380897766378879 -0.05346978846946282
leaf_weight=1.0803364035673442 0.80056293881352647 0.45336253632558587 2.2611298433766924 1.7133751855581065 0.70282702516124118 3.8703563213348389 0.590883868848329 3.1050287170801307 1.1361940529459378 7.5955652124248436 39.857964972306945 171.30936678020953 2.1010401123458 0.84454698626359448 14.061032995567077 4.6451142561272718 2.6377507729121126 0.93194686248898539 2.0399607469880721 0.88621817319653917 1.3381211155792687 0.21346584166167293 0.64939916133880604 0.69982845644699387 0.34015252208337188
leaf_count=11 32 14 2777 19 13 37 51 25 10 72 1883 7156 685 290 709 164 123 12 174 14 31 2 9 68 7
internal_value=-8.85733e-05 -0.0230649 0.000392045 0.0210008 -0.0410846 0.037717 -0.000184501 0.00967645 -0.00141963 -0.000687199 0.00972045 -0.00353261 -0.019387 0.00111472 0.0179763 0.0413819 0.0106374 -0.040826 -0.0229374 -0.044486 0.00376362 -0.054372 -0.0571851 -0.0546782 -0.0520641
internal_weight=265.866 5.44742 260.418 7.08712 1.50339 5.58373 253.331 28.1989 225.132 221.024 47.4535 173.57 6.26408 3.94958 21.9348 5.236 16.6988 4.1081 2.97191 3.02896 2.41846 2.31451 2.14274 1.68938 1.03998
internal_count=14388 154 14234 101 45 56 14133 2049 12084 11888 1955 9933 1002 315 1047 215 832 196 186 112 42 687 98 84 75
is_linear=0
shrinkage=0.05


Tree=230
num_leaves=31
num_cat=0
split_feature=16 18 1 8 1 2 2 8 7 4 6 18 4 7 9 16 4 2 4 11 3 7 5 0 15 6 8 6 9 15
split_gain=1.54638 3.63939 2.57196 2.22614 2.0187 1.82875 3.06079 2.93275 3.22546 2.92324 2.72367 2.15495 2.15388 3.41814 2.11697 2.0479 3.58748 2.60905 4.41037 2.52217 1.63585 1.47439 1.4138 1.36325 1.19071 0.906209 0.749279 0.818177 0.71285 0.69098
threshold=0.57359307359307377 3.5000000000000004 0.64463252499111656 0.80955190081919659 0.90825580521761207 0.066616475971695663 0.10159720626531864 0.35143198709261186 0.017949718958651464 0.70604187211180058 0.67201516122529015 7.5000000000000009 0.61055635938457431 0.9020824090302112 1.5000000000000002 0.24688317685085426 0.39159971913272373 0.060398130624445948 0.53460840248371488 0.12066635218942097 0.18152793560152744 0.82783585594723108 0.13085569431579194 0.66666568282841698 0.32379032258064522 0.81860090506197236 0.84122882345421335 0.57754794997398307 3.5000000000000004 0.32379032258064522
decision_type=2 2 2 2 2 2 2 2 2 2 2 2 2 2 2 2 2 2 2 2 2 2 2 2 2 2 2 2 2 2
left_child=5 2 3 21 25 15 7 10 -9 12 24 -10 14 -14 -8 16 19 18 -18 22 -11 -2 -1 -17 -7 -4 27 -25 -3 -30
right_child=1 28 4 -5 -6 6 9 8 11 20 -12 -13 13 -15 -16 23 17 -19 -20 -21 -22 -23 -24 26 -26 -27 -28 -29 29 -31
leaf_value=-0.097677309572767809 -0.057514346572099279 -0.057974029149764864 0.044569551975264632 0.044585623774081241 -0.042117515929038445 -0.050014560057483851 -0.012827383059079234 0.049822896229303304 0.053128007428947549 0.011937424946973092 -0.00077987361690252325 -0.061888515538486955 -0.052585163451157824 0.029944977263764605 0.0042097140523156213 -0.0081453809131880398 0.031044041009516139 0.05189709049019639 -0.007646976600833133 0.0087071812682010113 0.12715386417226482 0.0066520663607033811 -0.033729616146403567 0.036483740056221792 -0.10598742565650882 -0.033365824847227089 0.049659311185278464 0.0065096864670875637 -0.011078788896996105 -0.067927808253035141
leaf_weight=1.3225933313369744 2.8916218350059371 3.5134854280331629 4.7672862457111478 1.0242281327955423 0.91445736195601046 2.208119087736121 20.825466956768651 2.0540580144152045 0.52523239876609329 0.54085240724088979 1.8815193892223758 1.8129159407253608 4.2636182407804872 1.777700742743036 146.48052875337817 2.5416894517838946 11.439789351541547 3.4488380160764782 20.679796143434942 2.5016508419066668 0.71579688787460327 1.2966855666600166 2.4945421983720735 5.4626830227207375 1.667792593128979 0.40465144699555811 4.0825162836117661 3.9034847561269999 2.2435601579090876 0.70168786495923985
leaf_count=11 131 253 41 14 67 35 6980 16 6 79 21 106 283 132 5078 34 80 28 221 12 1 23 46 50 11 219 70 34 231 5
internal_value=0.00141632 -0.0128266 0.00428725 -0.0214902 0.0263637 0.00245872 2.91321e-05 -0.0266636 0.00410841 0.00158076 -0.0501388 -0.0360517 0.00102993 -0.0283001 0.00208902 0.0102143 0.00440323 0.0105707 0.00613331 -0.0303136 0.0775656 -0.0376486 -0.0558868 0.0254366 -0.0740995 0.0384719 0.0317834 0.0239916 -0.0427655 -0.0246227
internal_weight=260.389 17.7577 11.2989 5.21254 6.0864 242.631 184.754 10.1496 4.39221 174.604 5.75743 2.33815 173.347 6.04132 167.306 57.8776 41.8872 35.5684 32.1196 6.31879 1.25665 4.18831 3.81714 15.9904 3.87591 5.17194 13.4487 9.36617 6.45873 2.94525
internal_count=14318 984 495 168 327 13334 12748 195 128 12553 67 112 12473 415 12058 586 398 329 301 69 80 154 57 188 46 260 154 84 489 236
is_linear=0
shrinkage=0.05


Tree=231
num_leaves=31
num_cat=0
split_feature=11 11 1 3 3 19 19 9 6 6 0 15 1 5 5 11 8 8 11 15 3 19 0 18 14 6 4 9 19 15
split_gain=1.13413 3.30651 2.99502 3.27154 3.63006 1.99107 2.81981 3.7938 4.52599 5.25817 2.62926 2.58542 4.13315 6.64127 2.16103 3.03951 1.92576 3.78897 4.79545 3.3745 2.86892 2.5942 2.42744 2.68403 2.3491 2.34483 1.91296 1.80395 1.70462 3.35961
threshold=0.14465586372026906 0.15725419837105456 1.9281085200795962 0.32431244694329558 0.31048362083684394 2.1777825801545827 0.83916204032619168 6.5000000000000009 0.63496864191810076 0.48980640642570733 0.69825256127088819 0.19803921568627456 1.0355840594343322 0.033857189751918031 0.021304292616501356 0.0083029782865063299 -0.35747395171466556 -0.54280639795109298 0.19111449935706573 0.1856158484065461 0.42245912240221611 0.46996794327972097 0.72156792546909421 13.500000000000002 0.048809523809523817 0.75882775855786877 0.32426193337035342 3.5000000000000004 0.71964311972930595 0.10889328063241108
decision_type=2 2 2 2 2 2 2 2 2 2 2 2 2 2 2 2 2 2 2 2 2 2 2 2 2 2 2 2 2 2
left_child=5 2 3 4 -2 6 11 8 9 -8 14 28 -13 -14 -7 -16 17 20 -19 -20 26 25 23 -23 -24 -18 -3 -22 29 -1
right_child=1 16 -4 -5 -6 10 7 -9 -10 -11 -12 12 13 -15 15 -17 21 18 19 -21 27 22 24 -25 -26 -27 -28 -29 -30 -31
leaf_value=0.0018052498180576339 -0.057068511232856882 -0.014405320190037235 0.040169425193796515 -0.011126431655834284 -0.19374850770973087 0.047505730797741313 -0.014406084050476288 0.028767641860262785 0.015564893516397733 -0.066418327528179347 0.023802027253548626 0.037849338595648568 0.042059459470702887 -0.063853578251593379 0.0088492437931208482 -0.059476144239163711 -0.068499526390152887 0.019513953699064408 -0.027631933321465463 -0.107023630926699 -0.0075217899189524168 0.0054316087059432389 0.017312033399983533 -0.052423360962315479 -0.019487145691951431 0.022935965257750747 0.022825467850431033 -0.065868874563416224 0.02145797575657768 -0.032182174558410277
leaf_weight=74.628377452674613 3.3632770643634999 5.1960857452504632 1.1902677661273626 3.6613940908573568 0.56779655814170826 1.3543856368633012 17.995882088544025 5.0030720186041426 7.6537749597882785 6.6565746454580212 20.895588708168361 12.323220365913587 2.8494416791945687 3.0799371702596545 3.6227222458619508 2.9557623405853519 2.1716798021661812 2.2401926318707401 2.6579111846585874 2.6961245136335492 3.173269420512951 5.2135229615960252 34.493088844996237 3.2570902095321799 4.960429633370949 1.0354985188751014 10.2682905193069 2.2740757917636074 8.9564082611759641 8.0558345975878165
leaf_count=10575 137 73 18 39 3 11 429 96 104 91 224 124 20 27 48 110 223 47 83 28 32 52 1209 54 74 46 84 27 192 105
internal_value=0.00016135 -0.00445872 -0.0335741 -0.0451349 -0.0768103 0.002482 0.000128732 -0.0117481 -0.0180225 -0.0284503 0.0144982 0.00416096 0.0213453 -0.0129557 -0.0100087 -0.0218499 -0.00124775 -0.0116611 -0.0419104 -0.0676111 -0.000675804 0.00455772 0.00747121 -0.0168146 0.0126853 -0.0389778 0.0103158 -0.0318797 0.000738264 -0.00150611
internal_weight=264.451 88.42 8.78274 7.59247 3.93107 176.031 147.203 37.3093 32.3062 24.6525 28.8285 109.893 18.2526 5.92938 7.93287 6.57848 79.6373 28.5059 7.59423 5.35404 20.9117 51.1313 47.9241 8.47061 39.4535 3.20718 15.4644 5.44735 91.6406 82.6842
internal_count=14385 2229 197 179 140 12156 11763 720 624 520 393 11043 171 47 169 158 2032 374 158 111 216 1658 1389 106 1283 269 157 59 10872 10680
is_linear=0
shrinkage=0.05


Tree=232
num_leaves=31
num_cat=0
split_feature=3 18 9 5 7 16 7 12 7 6 16 2 6 17 4 9 16 15 2 1 4 6 7 5 1 1 17 17 18 6
split_gain=1.52181 2.35832 2.42293 2.24787 2.01497 3.82045 3.44134 3.3072 2.88686 2.6918 3.72862 3.00802 2.84444 2.90436 2.4492 2.66299 2.37148 3.07773 2.59312 2.20974 1.99597 2.04469 3.02454 2.70586 1.98791 1.55511 1.33874 1.23882 1.36358 1.06526
threshold=0.33050075855130473 37.500000000000007 6.5000000000000009 0.11170573639713863 -0.34384666914464651 0.20101010101010106 -0.33674092772216074 1.368585927421911 -0.39030301982911508 0.45549465895539992 0.2965856481481482 0.20777877814000092 0.51596848651616278 0.49666666666666676 0.20106217128778597 6.5000000000000009 0.18044171220400732 0.10396294390118375 0.13806618905089707 1.3938334370633683 0.59990765690024395 0.33642751140498844 -0.35745549845138008 0.17963470664678838 1.041921352158363 1.2515219881871433 0.16869918699186995 0.78538050734312426 3.5000000000000004 0.50302008426550671
decision_type=2 2 2 2 2 2 2 2 2 2 2 2 2 2 2 2 2 2 2 2 2 2 2 2 2 2 2 2 2 2
left_child=4 2 20 -3 8 6 25 14 9 10 11 -1 29 -14 19 -16 17 -8 -18 -7 21 23 -23 -2 -4 -6 -22 -10 -29 -11
right_child=1 3 24 -5 5 7 16 -9 27 12 -12 -13 13 -15 15 -17 18 -19 -20 -21 26 22 -24 -25 -26 -27 -28 28 -30 -31
leaf_value=-0.083224444037421783 -0.014769557597954078 0.011131204513547896 -0.012032506863622942 -0.083353563343072562 -0.26370210162276547 -0.097507231347064197 0.0037946993247279211 0.019720425574512097 0.050771805081471777 0.033934122109495854 0.030694071477632225 -0.015458201189489557 0.037425256711173416 -0.017493552866450494 -0.037667475143805432 0.011864768375343095 0.07103194284051001 -0.016563666093987375 0.00094167470807767775 0.023887099665850186 -0.0040140567298967934 -0.011142114196571309 0.012211404931779994 0.027664688650087532 0.042007858036837639 -0.057446296175633293 0.047674492492266587 0.052633000870433037 -0.054305998785598678 0.0943699805156345
leaf_weight=2.4154375963262336 27.574691432266267 1.0961838799448735 2.2181575032882375 1.478559402952669 0.1730610861122831 2.287388190579811 52.342029712139265 3.4002264064984038 4.7391995932557611 1.8943614054587663 2.75952920599957 5.0847807539539644 3.7844634181819838 6.6160285671649035 11.767973470530704 3.5267447826045091 2.2992252144031218 28.767945997635252 3.0972307439697033 0.44835259031970043 1.8188878300134081 18.672538187704049 53.839962202298921 4.3492858045938183 7.3099277606233954 0.19364598020911217 4.0243208799511194 0.54340776056051232 0.66031295902939746 1.1853844225843202
leaf_count=26 344 41 28 473 41 361 9658 46 64 67 45 151 40 151 829 72 19 321 234 19 31 157 839 59 106 2 33 4 74 10
internal_value=0.000160314 0.00421927 0.00523678 -0.0431272 -0.00343964 -0.00660277 -0.00193853 -0.0255101 0.00810167 0.00029996 -0.0189989 -0.0372822 0.0149882 0.00248995 -0.0340398 -0.026246 -0.0012906 -0.00342597 0.0308045 -0.0776123 0.00314674 0.00155564 0.00619769 -0.00898836 0.0294272 -0.154785 0.0315848 0.0392669 -0.00602945 0.0571957
internal_weight=260.369 122.383 119.808 2.57474 137.987 108.304 86.8731 21.4307 29.6829 23.74 10.2597 7.50022 13.4802 10.4005 18.0305 15.2947 86.5064 81.11 5.39646 2.73574 110.28 104.436 72.5125 31.924 9.52809 0.366707 5.84321 5.94292 1.20372 3.07975
internal_count=14345 2111 1597 514 12234 11602 10275 1327 632 490 222 177 268 191 1281 901 10232 9979 253 380 1463 1399 996 403 134 43 64 142 78 77
is_linear=0
shrinkage=0.05


Tree=233
num_leaves=31
num_cat=0
split_feature=17 17 17 17 0 3 3 6 6 1 15 19 19 7 6 17 8 17 16 11 3 7 4 9 8 8 11 9 4 8
split_gain=2.40558 4.84466 2.96383 4.16324 2.44374 2.2463 1.98659 3.81576 2.78726 2.97263 3.3612 2.74852 2.79991 2.69711 2.441 2.52133 2.425 4.06222 2.96066 1.78194 1.75214 4.24521 2.12877 3.66259 1.79834 1.63603 1.60273 1.36307 1.86152 1.08582
threshold=0.98620624048706251 0.82548911037283135 0.95260557053009898 0.95932156646442368 0.69825256127088819 0.17655112696628947 0.33050075855130473 0.25888720425692474 0.33163396276608864 0.9099157082659024 0.76388888888888895 0.47750135055026388 0.47792347814314262 -0.50000080733447205 0.29657211689033897 0.56306818181818186 0.15817007244905235 0.44246532156368229 0.051414221517314306 0.3062827248737629 0.18188103195888547 1.2235898084201551 0.38673635245927801 2.5000000000000004 2.4463431993412228 2.7650476556440391 1.0746417322960846e-05 5.5000000000000009 0.18619599718685839 0.34260398371135858
decision_type=2 2 2 2 2 2 2 2 2 2 2 2 2 2 2 2 2 2 2 2 2 2 2 2 2 2 2 2 2 2
left_child=1 6 25 5 -5 -4 7 11 14 13 -11 -1 -13 -10 26 -16 18 -18 -9 20 21 -2 23 24 -22 27 -8 -3 -29 -24
right_child=19 2 3 4 -6 -7 8 16 9 10 -12 12 -14 -15 15 -17 17 -19 -20 -21 22 -23 29 -25 -26 -27 -28 28 -30 -31
leaf_value=-0.053191934624462506 -0.057490403856889027 -0.049932801771966434 0.064763285720004796 0.065180908660740292 -0.050237599140073752 -0.050998630993689335 -0.0203960269208837 0.016925495188715285 -0.02828123566534135 0.022067350785593035 -0.047591230812953751 0.11316881303257115 0.014120390824471793 0.0064384772287212275 -0.011405991057994435 -0.093090301350957305 -0.002704962077670077 -0.037035098854402933 -0.010877467923228266 0.089645192771493354 -0.070072212947375825 0.045287283032968126 0.011239079132344194 0.050345315428893977 0.048099623310171147 0.035182033848690848 0.005547897292291229 -0.056363189679312586 0.025826370323236966 0.036805447605488491
leaf_weight=1.4658601302799095 2.6257609258973451 11.062762530869803 2.5162422340399639 0.5359795689582828 3.1770494683569268 0.50279831130319497 8.7512973594857666 13.346867876069153 7.2988684741430943 38.194310035076342 1.81399874575436 0.73984450101852672 20.030107035174296 23.940319369037752 2.2952574300579722 1.6055001958156934 16.663623487864243 17.844524383417593 33.883575279774959 0.74267118819989164 2.1234865378210124 1.6274246302964455 7.8147943719523054 1.3370546402002217 0.37948127953131905 0.72125898133163069 18.616113445837982 1.2431773161661124 1.5452733700512906 8.8630894951929786
leaf_count=199 979 4215 242 1 2446 243 144 252 47 466 12 1 658 522 31 22 400 1111 1143 4 213 177 90 21 13 140 174 184 37 89
internal_value=-0.0012279 -0.00285859 -0.0255595 0.00187853 -0.0335768 0.045484 -0.00051643 -0.00538618 0.00442262 0.00988435 0.018909 0.0129785 0.0176486 -0.0016736 -0.00802246 -0.0450262 -0.010382 -0.0204574 -0.00302062 0.0133314 0.0110434 -0.0181639 0.0170978 -0.0164661 -0.0521559 -0.0382351 -0.00274821 -0.0420581 -0.0108163 0.0248258
internal_weight=253.308 227.795 21.3045 6.73207 3.71303 3.01904 206.49 103.974 102.516 71.2475 40.0083 22.2358 20.77 31.2392 31.2682 3.90076 81.7386 34.5081 47.2304 25.5138 24.7711 4.25319 20.5179 3.84002 2.50297 14.5725 27.3674 13.8512 2.78845 16.6779
internal_count=14276 12690 7508 2932 2447 485 5182 3764 1418 1047 478 858 659 569 371 53 2906 1511 1395 1586 1582 1156 426 247 226 4576 318 4436 221 179
is_linear=0
shrinkage=0.05


Tree=234
num_leaves=31
num_cat=0
split_feature=1 14 6 7 1 8 17 14 6 11 11 6 4 7 2 1 9 7 11 9 17 17 4 8 4 0 6 16 1 17
split_gain=1.32408 3.32889 4.09658 4.2972 3.14692 2.7233 3.85518 3.03135 1.9661 1.75625 3.34603 2.75244 2.43269 3.38617 2.59966 2.29491 1.53552 4.56687 2.03947 1.24759 1.33363 1.14443 1.14059 1.02377 1.10693 1.01346 0.8905 0.536757 0.461879 0.335537
threshold=1.2984732584877789 0.048809523809523817 0.36492905472264153 -0.21417928228901681 1.3228834719513789 0.52290297662694907 0.66506410256410264 0.11882352941176472 0.15733407427089038 0.14322934435000687 0.11845207103237507 0.75184606656325981 0.21954239988638688 0.62533727240407744 0.18207211720054153 0.98806327284726037 5.5000000000000009 0.21572658273148329 0.19648175498374612 2.5000000000000004 0.50362318840579723 0.44246532156368229 0.17719800933068544 0.074580931905591882 0.29221104640586709 0.99700300628816863 0.20550970227021789 0.0621778350515464 1.7184139415223687 0.84021276595744687
decision_type=2 2 2 2 2 2 2 2 2 2 2 2 2 2 2 2 2 2 2 2 2 2 2 2 2 2 2 2 2 2
left_child=1 8 3 -3 23 7 -7 16 19 10 15 -12 13 -11 -14 -10 17 -6 -18 20 25 -9 -5 24 -2 -1 -24 29 -23 -8
right_child=4 2 -4 22 5 6 27 21 9 12 11 -13 14 -15 -16 -17 18 -19 -20 -21 -22 28 26 -25 -26 -27 -28 -29 -30 -31
leaf_value=-0.055514497010919907 0.040596753544779929 0.055649288021500654 0.048774830302625784 0.049062088917819269 0.016009497901446148 -0.059030962839724047 0.036911734610448659 -9.9325877545638466e-05 0.0050173718658982798 -0.040731202045835996 0.039439132543504278 -0.054322313472979389 -0.017293509329488508 0.013547675824519446 0.0098343692680658915 -0.0081621824749088297 0.010543551793247334 -0.061841942768793783 0.04561776549868541 -0.068321556592800967 -0.057185996545151996 -0.034060375287326076 -0.016649328764552374 0.058690385949731298 -0.073025691081351096 0.031454093190387243 -0.071485886611610081 0.055411215937316995 -0.080549309295737836 -0.035749061225265243
leaf_weight=0.43650641065323714 0.60649953872416418 1.6969532241055274 7.2632678696172661 0.31586699245235506 10.009491829267064 3.5245306075084946 0.29052498750388611 1.5060850866138928 78.804749841634475 10.887554790344437 8.3427826336956024 0.86376522173668568 15.97208907996537 3.9035234737821147 19.753287752246251 56.862806987068325 10.458197256521091 2.3204621311597284 6.8653100907904436 1.6951997310170552 1.1481580846811992 1.08254394755204 1.1952783730012018 3.8508366723326617 0.33152251929277554 1.4402815819485106 1.9451517550187416 1.0333101187752616 1.0549310769420115 0.35064888611668721
leaf_count=31 65 17 261 36 333 35 8 17 3032 741 252 33 153 133 480 7354 182 57 114 149 557 21 75 42 9 60 89 10 19 33
internal_value=0.00108552 -0.000537888 0.0245837 -0.00951247 0.00905638 0.00430136 -0.0293538 0.0095563 -0.00209664 -0.00132634 0.00147285 0.0306424 -0.00935402 -0.0264064 -0.00229395 -0.00050662 0.0148445 0.00135808 0.0244435 -0.0339835 -0.0147402 -0.0334825 -0.0415052 0.0472804 0.00043949 0.0112268 -0.0506146 0.0331119 -0.0570046 -0.00282542
internal_weight=255.812 212.527 12.4165 5.15325 43.2849 38.496 5.19901 33.297 200.111 195.391 144.874 9.20655 50.5165 14.7911 35.7254 135.668 29.6535 12.33 17.3235 4.72015 3.02495 3.64356 3.4563 4.78886 0.938022 1.87679 3.14043 1.67448 2.13748 0.641174
internal_count=14398 13453 478 217 945 829 86 743 12975 12178 10671 285 1507 874 633 10386 686 390 296 797 648 57 200 116 74 91 164 51 40 41
is_linear=0
shrinkage=0.05


Tree=235
num_leaves=31
num_cat=0
split_feature=17 17 1 5 7 8 3 7 7 6 6 16 6 6 5 15 15 15 16 18 1 3 6 1 1 8 6 18 0 2
split_gain=1.19099 4.15839 1.69994 4.56099 3.95452 4.47784 2.46353 2.45795 2.84911 2.39899 2.73561 1.73422 1.58792 2.16392 1.46066 1.69007 3.43961 4.62982 3.62979 2.88441 2.48254 1.58345 1.54163 1.06993 0.902255 0.883721 0.751452 0.370003 0.330459 0.246618
threshold=0.89893315174214061 0.85120759056929274 0.98806327284726037 0.16207500461325483 -0.37690105055535078 0.44316076252336772 0.38074101965411816 0.60165447011543394 0.41430731178616836 0.36899497292258526 0.58433066474066853 0.012121657361151927 0.75512334072228648 0.71374021395288345 0.30651397954404752 0.01526806526806527 0.050933932895191984 0.060120481927710849 0.13712060166532369 12.500000000000002 0.49807773411466871 0.3504523981630413 0.68490078473331961 0.86813674545092157 1.0000029381257345 -0.24775250261256335 0.41951230289685576 82.500000000000014 0.71447416532301278 0.16056144315432883
decision_type=2 2 2 2 2 2 2 2 2 2 2 2 2 2 2 2 2 2 2 2 2 2 2 2 2 2 2 2 2 2
left_child=1 14 3 11 6 28 24 8 -7 -5 26 12 13 -2 15 19 18 -18 -17 20 -1 -21 23 -16 29 -12 -11 -14 -6 -4
right_child=2 -3 4 9 5 7 -8 -9 -10 10 25 -13 27 -15 22 16 17 -19 -20 21 -22 -23 -24 -25 -26 -27 -28 -29 -30 -31
leaf_value=-0.024098497748902992 0.028660246519659406 -0.051076204711625856 0.051690888408201255 -0.062981936021245355 0.047240561028608102 -0.018322301115403377 -0.05440818573450254 -0.050564047393537273 0.061994516493586352 0.056509593228999649 0.039895295197098495 -0.050857780524691226 0.045207097642321399 -0.059200917415210136 -0.052838535180885104 0.041701846323162574 -0.056450874176228683 0.0018085779909958796 -0.054709879657562389 -0.05607019419782644 0.0029512303648072486 -0.0058839457894155518 0.053856033498806827 0.028747332963029879 0.089771453048441918 -0.048025080261952173 0.010430090863211174 0.07326438004802982 -0.052444478943384942 -0.050549543717082923
leaf_weight=11.144221712253055 12.397133198868694 4.0155060845863764 0.09492450207471792 1.9594852859154324 0.08445422077784126 1.8661919584155837 0.43878952447266772 1.2246663862424609 2.7041090440761764 1.4210642782272773 0.32379726893850636 0.64361740038657345 2.7206967545498619 0.74277599483321033 0.74014178151264676 8.7479139898205158 3.4944145723093234 141.38757427487872 1.098885869487275 4.4220665339871621 35.510435496267746 2.4383882852780516 2.5463767374167219 0.87921298218134325 1.7001156868718679 2.436124444953748 2.3443834879144561 2.068338045355631 5.3325163287881878 0.15577166121511254
leaf_count=115 615 1472 1 212 4 506 76 496 63 32 28 192 90 45 41 331 106 1594 182 2296 818 156 30 31 38 174 119 72 4333 94
internal_value=0.000806409 -0.000668652 0.00865807 0.0159068 -0.00576169 -0.0182081 0.0526367 0.0123422 0.0291987 -0.014465 0.000104027 0.0297821 0.0326769 0.0236936 0.00028428 -0.000302151 0.00234689 0.000403416 0.0309425 -0.00796136 -0.00351004 -0.0382327 0.0295998 -0.00854228 0.0767139 -0.0377102 0.0278203 0.0573248 -0.0508903 -0.0118369
internal_weight=257.084 216.425 40.659 27.0574 13.6015 11.2119 2.3896 5.79497 4.5703 8.48485 6.52537 18.5726 17.9289 13.1399 212.41 208.244 154.729 144.882 9.8468 53.5151 46.6547 6.86045 4.16573 1.61935 1.95081 2.75992 3.76545 4.78903 5.41697 0.250696
internal_count=14362 7172 7190 1579 5611 5402 209 1065 569 565 353 1014 822 660 5700 5598 2213 1700 513 3385 933 2452 102 72 133 202 151 162 4337 95
is_linear=0
shrinkage=0.05


Tree=236
num_leaves=31
num_cat=0
split_feature=6 0 1 2 6 17 1 10 5 11 19 17 5 16 16 6 6 17 4 6 5 4 7 2 9 6 4 3 1 1
split_gain=1.3128 2.489 2.46041 2.01332 3.20021 4.95932 2.30995 1.84729 1.91944 1.80355 2.89048 2.56201 1.83179 2.11503 4.60913 3.00873 2.96051 2.3179 2.21834 2.09045 2.02144 1.683 1.67717 1.31581 0.891757 0.573582 0.439978 1.27248 0.230542 0.20836
threshold=0.63165745801181339 1.000230123974984 0.10021843759488121 0.58755973117803451 0.21734569048640706 0.98620624048706251 1.0711115686771417 6.5000000000000009 0.0028819305890080645 0.2066854511974956 1.1132633492280302 0.57223113964687011 0.17040764859855237 0.044610281923714766 0.05581516095534788 0.7264517437327993 0.78038485363276333 0.9644437420986095 0.42787815026319781 0.63496864191810076 0.17611504028491282 0.22226356057559746 1.4827199017921588 0.0065023384842218144 10.500000000000002 0.80945088164974954 0.62572374530867048 0.31771853079203694 1.501379711763094 1.7184139415223687
decision_type=2 2 2 2 2 2 2 2 2 2 2 2 2 2 2 2 2 2 2 2 2 2 2 2 2 2 2 2 2 2
left_child=1 2 -1 7 6 -6 -5 8 -4 12 11 25 13 17 15 -15 -16 23 -19 -14 -21 -22 24 -2 -13 -11 29 -28 -9 -3
right_child=9 26 3 4 5 -7 -8 28 -10 10 -12 22 19 14 16 -17 -18 18 -20 20 21 -23 -24 -25 -26 -27 27 -29 -30 -31
leaf_value=-0.057409761645956341 -0.06991435476057016 -0.052893902396229125 -0.023598579061096123 -0.053727926987139143 -0.037602253112986497 0.049702030743442337 0.034777543058320336 0.024707278507255181 0.0016716515527706326 0.040268265520471531 -0.055415614625882875 -0.056392814908377935 -0.12393572801242843 -0.18411227350796514 0.022979639390518537 -0.03512380891454904 -0.012401105644298104 -0.035346252297625731 0.039887813311450644 -0.087638017175768718 0.031773314048979907 -0.0094806593857007966 0.043204696655842756 0.032932546721186506 0.032202645727549162 0.0017646590666396235 -0.052170799213605859 0.05479559615802955 0.052340492044642688 -0.01470055757897332
leaf_weight=1.9456388354301442 0.31612139195204392 2.9445543031106349 7.9379988964938084 0.89757487166571337 13.433677454573624 1.850739579531363 4.1268328709156776 1.3920470084995025 140.82738226833317 2.9686931406540662 2.9787526782602072 2.5025612248973639 0.37215634981111989 0.46970387268084124 14.776195280963295 1.2164153897901995 9.8564878478937299 2.820511369394807 1.5013459510519167 0.68637148459674691 3.2401130441576234 10.432037118567676 0.64185523765627284 19.167290627981856 0.32039293949492265 1.4346692999824879 0.75827508859947534 0.4390004426240921 1.648794339969754 0.40637295675514895
leaf_count=32 2 766 234 646 3376 433 176 16 3535 37 24 271 20 66 533 134 665 989 48 24 145 609 14 1291 15 20 107 2 25 50
internal_value=-0.000113507 -0.00245228 -0.00149817 -0.000866127 -0.0156511 -0.0270309 0.0189667 0.00111182 0.000323253 0.00540455 -0.0134666 0.00241454 0.00856074 0.0131161 0.00334806 -0.0766277 0.00882244 0.0239156 -0.00921111 -0.00693988 -0.00390748 0.000295969 -0.0297499 0.0312638 -0.0463376 0.0277233 -0.0389665 -0.0129498 0.0396905 -0.0482621
internal_weight=254.311 178.609 174.061 172.115 20.3088 15.2844 5.02441 151.806 148.765 75.7017 10.8469 7.86817 64.8547 50.1241 26.3188 1.68612 24.6327 23.8053 4.32186 14.7307 14.3585 13.6722 3.46481 19.4834 2.82295 4.40336 4.5482 1.19728 3.04084 3.35093
internal_count=14305 9398 8473 8441 4631 3809 822 3810 3769 4907 381 357 4526 3728 1398 200 1198 2330 1037 798 778 754 300 1293 286 57 925 109 41 816
is_linear=0
shrinkage=0.05


Tree=237
num_leaves=23
num_cat=0
split_feature=0 0 19 1 4 7 5 19 2 6 7 0 6 16 6 0 18 17 17 6 3 4
split_gain=1.33026 1.6882 1.52048 1.98561 2.29913 1.91949 2.07616 3.39047 3.11019 1.96344 1.66388 1.21824 2.23666 0.793676 0.627735 0.00364403 0.0013869 0.00097837 0.00145068 0.000590948 0.000169987 7.48125e-05
threshold=1.000230123974984 1.2082988123439498 0.26361949996358019 0.41154796575205704 0.42156459833282273 0.69813284642938445 0.00045101003709182246 0.53520632357871667 0.63929506031036876 0.85640980017305635 0.82783585594723108 1.2305378533845428 0.75882775855786877 0.010695493022191719 0.63165745801181339 1.0009956174484478 1.5000000000000002 0.61034790365744884 0.45346320346320351 0.61922558871182531 0.54894981886123084 0.19199745327818632
decision_type=2 2 2 2 2 2 2 2 2 2 2 2 2 2 2 2 2 2 2 2 2 2
left_child=2 15 -1 4 -4 6 7 -5 -8 10 -7 -3 19 -11 -6 -2 -17 18 -18 21 -19 -13
right_child=1 11 3 5 14 9 8 -9 -10 13 -12 12 -14 -15 -16 16 17 20 -20 -21 -22 -23
leaf_value=0.048043842425416039 -0.060642707754765282 0.041621392690559832 0.0013714810506792025 -0.06708895812863673 -0.069143046768348246 0.036032406817845239 -0.0005592733876711119 0.00053554063966049518 0.03836287035889295 0.012875403245733297 0.0090062156962467527 -0.052552263446674068 0.04226875934547028 -0.059417733667989608 -0.028887757772395568 -0.056039531935607782 -0.051546955214349925 -0.05056024850813845 -0.055000296506383953 -0.054507380326611191 -0.052027421294663173 -0.051213804585368422
leaf_weight=1.706674723420291 0.14804449048824553 1.1694043723982761 4.4403384802862984 3.0356545534632451 2.1696951529011135 6.9485998449090394 182.61030148923601 4.7595959671198216 5.2809777613838369 0.53182396275224064 31.566253648525162 0.11185538142308393 0.97056444930058194 1.3268763674095678 1.7491696251090614 0.25725364964455399 0.67733274275815369 0.69779129828930297 0.55190815139212646 0.15737127684405994 0.27531376593105961 1.5665536044780308
leaf_count=11 3 12 37 2356 29 256 5921 357 1730 60 1926 17 37 310 17 5 102 800 14 14 14 256
internal_value=0.000420676 -0.0217603 0.00101397 0.000685585 -0.0232629 0.00153363 -0.00051432 -0.025799 0.000534694 0.0114598 0.0138821 -0.00125474 -0.0191212 -0.0387327 -0.0511753 -0.0530242 -0.0525656 -0.0521598 -0.0530974 -0.0515777 -0.0509753 -0.051303
internal_weight=252.709 6.58339 246.126 244.419 8.3592 236.06 195.687 7.79525 187.891 40.3736 38.5149 3.97575 2.80634 1.8587 3.91886 2.60764 2.4596 2.20235 1.22924 1.83578 0.973105 1.67841
internal_count=14284 1274 13010 12999 83 12916 10364 2713 7651 2552 2182 336 324 370 46 938 935 930 116 287 814 273
is_linear=0
shrinkage=0.05


Tree=238
num_leaves=31
num_cat=0
split_feature=0 3 6 6 16 3 17 2 8 19 19 15 19 17 19 7 0 17 2 6 7 1 19 5 0 19 5 2 5 8
split_gain=1.59656 1.68459 3.18666 5.33186 2.9024 2.69374 2.64103 2.55989 2.91489 2.47186 3.16296 3.13885 3.07405 2.34949 2.18076 2.11326 2.03586 1.71916 1.33479 1.75225 1.27936 2.36523 1.52923 1.21932 0.815742 0.776702 0.42411 0.181219 0.15674 0.0567597
threshold=0.54000395823132641 0.33050075855130473 0.40649453558103005 0.46345324468131027 0.2965856481481482 0.36640834185033067 0.16869918699186995 0.6354383892483183 -0.14799246722212786 0.62538348367033991 1.4503216810985937 0.19803921568627456 0.44230872503384533 0.96407056798623081 8.7141633160738916 -0.55205679600840829 0.99999980854987547 0.46211251435132039 0.25114880979450704 0.23316589509597935 9.7558890299480296 0.10021843759488121 0.43471256101863642 0.029482324138965486 0.67369353562455359 2.1777825801545827 0.037513471117206654 0.10159720626531864 0.026779774880431508 -0.65097844819150519
decision_type=2 2 2 2 2 2 2 2 2 2 2 2 2 2 2 2 2 2 2 2 2 2 2 2 2 2 2 2 2 2
left_child=23 2 9 4 17 6 16 8 -5 12 11 -11 24 -9 -12 -14 -3 -4 27 -20 21 -7 -23 -1 -2 -6 28 -8 -22 -25
right_child=1 5 3 7 25 20 18 13 -10 10 14 -13 15 -15 -16 -17 -18 -19 19 -21 26 22 -24 29 -26 -27 -28 -29 -30 -31
leaf_value=0.033182882708498139 0.051957137716561165 -0.070278922641473771 -0.09631630133017012 0.0063007078921953107 -0.038495196933767378 -0.060999417172683423 0.054348267484725758 0.025782121748041526 -0.016797361330141054 -0.035851451751024263 0.021811000650253647 0.015441262954664007 -0.045488974503888224 -0.050244970366294689 -0.035292044788167463 0.024742642861535491 0.013641939080741711 -0.042818615337933463 -0.03219950696527258 0.02687077825391565 0.033890874076522484 0.017126499007744749 -0.00084718542632870831 -0.074275480435534086 -0.052166267042528726 0.052066644364623521 0.057423071169857634 0.037632783187920044 -0.0054958776411783471 -0.05496770484112045
leaf_weight=0.42532058985670973 0.20920553803443942 1.241176769603044 2.3064262421685262 20.537723194895079 0.33699199912371092 1.5203144419938315 3.7882529769558486 9.4267779390866036 40.779056926825433 10.053841169497902 11.233014817476938 4.2407050896435967 1.1205180834585977 1.1389762645012513 1.9643579286057509 24.283836801385402 1.7299735599663133 4.3041331969325256 1.4670522473898007 8.7037660622154345 0.50604984053643354 13.949890807576592 78.029124782427971 0.57104137376882147 1.8648141487465206 0.79598698557674652 1.2991233157226814 2.8348391598556191 0.50432172417640686 1.1416060882620509
leaf_count=11 2 30 18 511 50 23 36 2437 2609 550 242 35 30 1177 20 3409 19 795 55 130 38 293 1405 5 256 21 8 32 2 70
internal_value=0.00043604 0.000803728 -0.00299828 -0.00939059 -0.0488112 0.00523151 0.0220378 -0.005144 -0.00906079 0.00626117 -0.00433894 -0.0206347 0.0168665 0.0175865 0.0133115 0.0216449 -0.0214154 -0.061484 0.0297254 0.0183504 0.00176443 0.000856363 0.00187877 -0.0425883 -0.0416634 0.02513 0.0385272 0.0471936 0.0142312 -0.0614054
internal_weight=252.308 250.17 134.596 79.6261 7.74354 115.574 19.7651 71.8825 61.3168 54.9703 27.4919 14.2945 27.4784 10.5658 13.1974 25.4044 2.97115 6.61056 16.7939 10.1708 95.8088 93.4993 91.979 2.13797 2.07402 1.13298 2.30949 6.62309 1.01037 1.71265
internal_count=14319 14233 12162 7618 884 2071 302 6734 3120 4544 847 585 3697 3614 262 3439 49 813 253 185 1769 1721 1698 86 258 71 48 68 40 75
is_linear=0
shrinkage=0.05


Tree=239
num_leaves=31
num_cat=0
split_feature=3 3 3 8 19 3 19 6 16 10 6 7 18 16 9 6 7 6 6 15 11 4 15 3 6 9 8 15 17 17
split_gain=1.42931 2.04031 2.75783 1.72443 1.82383 1.69828 1.6364 1.47099 2.01933 1.45437 1.41448 1.37126 1.34004 3.8642 1.67505 1.19704 1.14728 1.03093 1.67378 0.77388 0.448676 0.285286 0.268586 0.33774 0.203616 0.0761527 0.0467596 0.044129 0.0361528 0.0349303
threshold=0.16244854646570547 0.17659994511822472 0.17697411580802572 1.0157462166549913 0.48936933509504094 0.17699567632737503 0.50361341986625696 0.56025025338837608 1.0000000180025095e-35 4.5000000000000009 0.51596848651616278 1.2414405030374527 25.500000000000004 0.10557275541795667 6.5000000000000009 0.78946665235500335 1.2765936031182104 0.328871447630603 0.30253015383325449 0.32379032258064522 0.20300622364159587 0.17663909180878429 0.21913109756097562 0.15716545254576444 0.46345324468131027 12.500000000000002 -0.35747395171466556 0.25403225806451618 0.99528301886792458 0.95675549322113151
decision_type=2 2 2 2 2 2 2 2 2 2 2 2 2 2 2 2 2 2 2 2 2 2 2 2 2 2 2 2 2 2
left_child=7 3 11 4 10 20 26 8 17 -10 -2 28 14 -14 -7 -8 -13 18 -1 -19 24 -12 23 -11 -4 27 -6 -9 -3 -20
right_child=1 2 5 -5 6 12 15 25 9 22 21 16 13 -15 -16 -17 -18 19 29 -21 -22 -23 -24 -25 -26 -27 -28 -29 -30 -31
leaf_value=-0.050178502802868043 -0.050629841311406444 -0.051537039760539964 -0.0015867703459304322 -0.053170879064525702 -0.077996552649290049 -9.2618987893432734e-05 0.028362091477794352 -0.050506985574818947 -0.052689684161381291 -0.051180673506995927 0.022783377351225865 0.058321423694387878 0.0010303870267927896 -0.025905628018565011 0.018312379747892689 -0.057516607685115288 -0.05086936015293711 -0.050366575829789678 0.078689286587942719 0.054932549820440352 0.080948459547871887 0.058351577388299103 0.053167313876290513 0.047730701809998138 0.048337844000218226 0.028662617564050242 -0.051643908841784249 -0.07392815785009646 -0.064084678551518559 0.06308141999983595
leaf_weight=0.3559812580060665 0.34845041922380549 2.8906566480072793 0.35897744304383994 0.7288351844254074 0.23010377585887909 148.58400861204791 3.3061201576638273 2.4746152582556542 2.4316843679425806 0.18991724081570271 0.65003128100215679 0.57284725731005881 43.797870542555756 19.130516672033991 13.484128083538961 0.46253783779684443 0.41473596400828683 0.60510311778125458 0.72318234522026592 0.24519027769565582 0.70845639705657959 4.2479412865213817 0.41981225460767746 0.15818972652778029 0.47377069336653221 0.029279768328706157 0.62702646518300742 0.21890693902969349 0.71631438967597194 0.71081224654335529
leaf_count=363 298 1792 25 198 1 2252 224 1849 1522 42 182 11 3098 779 261 35 351 466 15 1 1 185 3 3 26 12 198 1 62 38
internal_value=-0.00111263 -0.000401512 -0.00138528 0.0210474 0.0265267 -0.000607469 0.00363948 -0.0211883 -0.00703763 -0.033746 0.0467065 -0.0397359 -0.000965768 -0.00715828 0.00143868 0.017822 0.0124667 0.0253289 0.0468627 -0.0200026 0.0516998 0.0536312 0.0262407 -0.00623253 0.0268166 -0.0515386 -0.0587185 -0.0524105 -0.0540289 0.0709527
internal_weight=250.296 241.733 231.132 10.601 9.87221 226.538 4.62579 8.56267 5.83987 3.1996 5.24642 4.59455 224.997 62.9284 162.068 3.76866 0.987583 2.64027 1.78998 0.850293 1.5412 4.89797 0.767919 0.348107 0.832748 2.7228 0.85713 2.69352 3.60697 1.43399
internal_count=14294 9979 8658 1321 1123 6442 458 4315 2453 1570 665 2216 6390 3877 2513 259 362 883 416 467 52 367 48 45 51 1862 199 1850 1854 53
is_linear=0
shrinkage=0.05


Tree=240
num_leaves=31
num_cat=0
split_feature=4 16 14 5 6 6 6 6 4 7 7 6 16 7 4 19 16 16 16 14 2 17 16 8 0 6 2 17 17 16
split_gain=1.17894 4.11043 2.88893 2.97961 2.73278 2.42311 2.86877 2.01504 1.92726 2.92888 2.79924 2.15467 2.39798 1.97156 1.80141 2.82792 1.59397 1.54157 4.87163 3.12731 2.08698 1.83527 1.79398 1.99372 1.5839 1.39144 1.2744 1.24642 1.22627 1.1915
threshold=0.51833380904852178 0.12974987974987975 0.24117158288325721 0.081914392038553718 0.78373151450277423 0.12667605852839928 0.4810098041222442 0.1787298183248501 0.46628991918626178 -0.57706482529811243 0.071592455068093627 0.34003305916834364 0.12337223067816676 0.3426038622457388 0.61055635938457431 1.0260397799494407 0.36549165120593702 0.051414221517314306 0.05581516095534788 0.31925087108013944 0.40022882137423249 0.81955828779599282 0.042705167173252283 0.15817007244905235 0.99600798452680117 0.36492905472264153 0.0078627143809997975 0.16869918699186995 0.40175438596491236 0.030457637600494747
decision_type=2 2 2 2 2 2 2 2 2 2 2 2 2 2 2 2 2 2 2 2 2 2 2 2 2 2 2 2 2 2
left_child=8 2 3 -2 7 -5 -7 26 17 -10 11 12 -11 -12 -9 -16 -15 19 20 22 -19 24 23 -1 -20 -4 -3 -13 -22 -21
right_child=1 4 25 5 -6 6 -8 14 9 10 13 27 -14 16 15 -17 -18 18 21 29 28 -23 -24 -25 -26 -27 -28 -29 -30 -31
leaf_value=0.013724119440550157 0.02714967323902151 0.056149240309566056 -0.018513688216065131 0.053430088176659812 -0.033663305782775481 -0.043473013436193572 -0.0067271310897382454 0.047569724363483459 -0.073811289214694334 -0.086186406349094621 -0.067364385180264691 -0.017880824179966431 0.046915244315446913 0.0050910956792198508 0.026282632877313736 -0.053532453201220603 -0.051214892065456319 -0.14421905906164648 -0.009763473988933867 -0.015099596890211118 0.051818880774131798 -0.048608331352838083 0.034365308046304603 -0.0038924462182861963 0.0036793091262097809 0.053332126134356388 -0.056822849596654228 0.045606715853718956 -0.061135335890300936 -0.098800150870508349
leaf_weight=34.706047623298218 4.5032890741713407 0.3241322273388566 0.87951887998860856 1.1538215269247327 2.0088542504381612 8.6341001517212153 13.802500681755189 9.2807267308817263 2.0064639121555983 0.91812718199071131 2.3359210422349843 0.97441365709528316 0.53590748435817659 3.9277127352579555 11.617744634451808 1.2269894946366537 1.8484611455351112 0.71414470484160064 31.818972575580119 0.78555369393143226 0.28569626808166493 2.022172030487126 5.904083291279675 29.894557101313694 70.380001846187952 2.8827381355658872 1.0861133231956044 3.7417180783813819 1.5115991885904803 0.92683350274455734
leaf_count=1963 40 2 46 73 111 429 616 179 21 52 198 7 11 117 321 8 295 12 632 138 3 656 478 5061 2355 76 72 132 144 24
internal_value=0.00107299 0.00737225 -0.0046092 -0.0101193 0.022314 -0.0172338 -0.0208678 0.0270919 -0.000779012 -0.0172447 -0.00929782 0.0160832 -0.0371297 -0.028603 0.0307855 0.0186583 -0.0129277 0.000719758 -0.00309755 0.00636151 -0.0719113 -0.00143933 0.00798305 0.00557188 -0.000506012 0.0365364 -0.0308572 0.0324894 -0.0431802 -0.0604027
internal_weight=252.639 57.4005 31.856 28.0937 25.5446 23.5904 22.4366 23.5357 195.238 16.2887 14.2823 6.17017 1.45403 8.11209 22.1255 12.8447 5.77617 178.95 106.733 72.2171 2.51144 104.221 70.5047 64.6006 102.199 3.76226 1.41025 4.71613 1.7973 1.71239
internal_count=14272 1973 1280 1158 693 1118 1045 582 12299 833 812 202 63 610 508 329 412 11466 3802 7664 159 3643 7502 7024 2987 122 74 139 147 162
is_linear=0
shrinkage=0.05


Tree=241
num_leaves=29
num_cat=0
split_feature=1 6 17 0 14 16 16 3 7 1 3 0 4 17 7 1 1 2 18 18 18 8 3 7 3 2 7 1
split_gain=1.22592 1.25385 3.25439 4.06487 3.09516 2.51218 2.34839 2.90315 3.41573 2.90064 3.1004 2.76878 3.76898 2.6444 2.56454 2.39412 4.30867 3.83503 2.1731 1.99574 1.97035 1.42612 1.15025 1.14787 1.12698 1.0455 0.768644 0.169476
threshold=0.10021843759488121 0.2362918661098288 0.64733893557422983 0.79623927340848721 0.11882352941176472 0.18230694037145653 0.025751547303271446 0.33050075855130473 -0.34384666914464651 1.1472501890906714 0.17697411580802572 0.99600798452680117 0.51833380904852178 0.50362318840579723 0.383296897456879 0.98806327284726037 1.0000008508914793 0.44112924189349406 8.5000000000000018 4.5000000000000009 7.5000000000000009 2.0648189575470597 0.23585492801042948 -0.43077735514825116 0.54894981886123084 0.5411877013031503 0.059611056125256995 2.1365178262240221
decision_type=2 2 2 2 2 2 2 2 2 2 2 2 2 2 2 2 2 2 2 2 2 2 2 2 2 2 2 2
left_child=24 2 4 22 5 20 9 8 13 15 27 12 -9 -8 -10 17 -17 -3 -7 -13 -2 23 -4 -5 -1 -12 -23 -11
right_child=1 6 3 21 -6 18 7 11 14 10 25 19 -14 -15 -16 16 -18 -19 -20 -21 -22 26 -24 -25 -26 -27 -28 -29
leaf_value=-0.060767370839279744 0.0011197307958008375 0.0010636589244412363 0.061710924828916318 0.03854915948393918 -0.039845869715510872 0.02215782124594283 0.025324961131777752 -0.020732071120494237 -0.027060716779083473 -0.055240730425309317 0.041801849368302571 0.039450693311407603 0.023593390990598005 -0.015703968646785468 -0.003323272322805792 -0.048736371657024276 0.0025273016308113572 0.04106324937388537 -0.018187278533501335 0.0064110118023182703 0.043793806935856744 -0.21081318593707712 0.0014458943468972927 -0.04082706611671888 -0.002710658554275212 0.0035639050813398351 -0.052020186820582216 0.032370996324493355
leaf_weight=1.5791446287184947 3.4842439165804597 34.293846982436662 1.4690069672942612 0.49518794505274666 2.2888532272336297 7.7816793194797338 9.0788432762201392 19.928003926528621 33.225163391040041 1.1008672534226196 9.7669752933579712 5.3310371540865154 6.3156432653777292 6.9210702920245231 17.304613276388409 5.9281435817210903 13.283222699043106 7.2611394733903571 5.8443168665726262 32.041271718102507 12.093306499802564 0.18092396855354298 1.7174784413655286 5.677514761146087 1.7759883906692264 2.1880888798623337 0.13167000108114735 0.05811169635853719
leaf_count=24 38 760 16 38 37 135 104 215 3115 433 108 323 91 171 978 2918 1532 625 313 505 112 1 27 1529 18 92 110 7
internal_value=-1.7026e-05 0.000393747 0.00835396 -0.0170145 0.016145 0.0205333 -0.0012123 -0.00525398 -0.0125564 0.00590741 0.0272337 0.00238287 -0.010065 0.00757711 -0.0189315 0.00130496 -0.0132914 0.00805302 0.00485343 0.011124 0.0342489 -0.0397357 0.0292288 -0.0344593 -0.0300359 0.0348033 -0.143927 -0.0508478
internal_weight=248.545 245.19 41.1642 9.67178 31.4924 29.2035 204.026 130.146 66.5297 73.8804 13.114 63.616 26.2436 15.9999 50.5298 60.7664 19.2114 41.555 13.626 37.3723 15.5776 6.4853 3.18649 6.1727 3.35513 11.9551 0.312594 1.15898
internal_count=14375 14333 2356 1721 635 598 11977 5502 4368 6475 640 1134 306 275 4093 5835 4450 1385 448 828 150 1678 43 1567 42 200 111 440
is_linear=0
shrinkage=0.05


Tree=242
num_leaves=31
num_cat=0
split_feature=2 6 2 17 17 9 1 1 14 16 15 5 3 2 2 18 18 4 4 18 14 15 15 8 10 1 1 1 18 7
split_gain=1.21394 2.47594 3.54636 2.66485 2.27225 2.45757 1.94482 4.83114 3.2678 3.14047 4.335 2.9183 2.73947 2.29064 2.67405 2.58461 2.26135 1.94991 1.90679 1.88435 1.74429 1.70218 1.66697 1.56897 2.8533 2.14524 1.20726 2.01137 1.96563 1.48062
threshold=0.5411877013031503 0.23316589509597935 0.6354383892483183 0.99528301886792458 0.53907203907203916 4.5000000000000009 1.0814992030041923 1.0711115686771417 0.096799375487900088 0.15170694284618338 0.1181455633100698 0.10914967418496127 0.28183602975084893 0.50679761742343432 0.48871955612943035 47.500000000000007 31.500000000000004 0.1772529003666897 0.18461803361481313 35.500000000000007 0.075961538461538483 0.12034482758620692 0.33589743589743598 1.2814665068036504 3.5000000000000004 1.1605825925911037 0.98806327284726037 0.97104273854334489 79.500000000000014 0.60165447011543394
decision_type=2 2 2 2 2 2 2 2 2 2 2 2 2 2 2 2 2 2 2 2 2 2 2 2 2 2 2 2 2 2
left_child=6 18 3 4 5 -3 7 13 9 23 17 -10 -9 14 20 -15 -16 -11 21 -12 -1 -2 -6 25 -25 -8 27 -4 29 -28
right_child=1 2 26 -5 22 -7 8 12 11 10 19 -13 -14 15 16 -17 -18 -19 -20 -21 -22 -23 -24 24 -26 -27 28 -29 -30 -31
leaf_value=0.0015564809794704915 -0.054724518785211763 -0.06395849773443972 -0.050371933738395672 0.063169164242568521 -0.040166162084380348 0.0018508580186464459 0.042804941073029554 -0.010129950489871089 -0.049959039594467271 0.029585636730328341 0.026119301869551043 0.046082529941666492 -0.095019541518273354 0.063248144440846144 -0.08581117626497814 -0.050735196001451571 0.012968816681585463 -0.04421869333195496 0.034628686681164249 -0.031898650949217087 0.029027172488472499 0.021966881668576427 -0.1523730509510092 -0.084646526798282273 0.034858793204435821 0.017232830241712706 0.023843512312889829 0.051155803284072369 -0.050096961200677428 -0.027201597933755713
leaf_weight=123.43337906985835 1.3853676851595067 1.7308449041083855 0.58329163525195271 0.84569956407358304 9.8141740784922114 7.8647810097609181 11.621697695751207 1.83041451605095 3.5805608627160828 1.0530058488438978 9.2014162433333677 1.0152167208107128 1.9767370479530653 2.8305137484421716 1.5742897083400742 0.60335119028604811 0.91680110030574713 5.9616690745169763 6.0599558853955386 1.6505555901676405 6.0623545750349868 1.51447765273042 0.3425546735525139 0.93113558181357747 1.0774174612015484 27.866072240998619 5.6154053970567457 2.9805178431779495 1.6003816787506364 1.9017117773328207
leaf_count=4241 901 81 479 71 1676 110 183 31 49 13 135 59 22 53 29 257 91 146 306 17 174 18 5 47 7 372 712 110 3459 482
internal_value=0.00305485 -0.00465771 -0.0109389 -0.0237458 -0.0274671 -0.0100197 0.00465816 0.00134266 0.0118755 0.0150201 -0.00250631 -0.0287433 -0.0542061 0.00290433 0.00185543 0.0432206 -0.049457 -0.0331396 0.0186726 0.0172949 0.00284252 -0.0146716 -0.0439505 0.0225663 -0.0205421 0.024759 0.00986305 0.0345387 0.000217947 0.0109299
internal_weight=245.426 42.2392 33.2794 20.5981 19.7524 9.59563 203.187 139.228 63.9587 59.363 17.8666 4.59578 3.80715 135.421 131.987 3.43386 2.49109 7.01467 8.9598 10.852 129.496 2.89985 10.1567 41.4963 2.00855 39.4878 12.6813 3.56381 9.1175 7.51712
internal_count=14336 8410 7185 1943 1872 191 5926 4898 1028 920 311 108 53 4845 4535 310 120 159 1225 152 4415 919 1681 609 54 555 5242 589 4653 1194
is_linear=0
shrinkage=0.05


Tree=243
num_leaves=31
num_cat=0
split_feature=7 8 7 0 17 4 8 6 1 8 1 3 8 2 19 3 3 1 7 19 1 3 3 5 5 16 3 3 6 17
split_gain=1.11384 1.94956 1.77537 1.5527 1.65237 1.4315 1.35633 1.30956 1.88018 1.75458 1.63649 1.23548 2.27771 3.33633 2.63261 1.94694 2.93173 1.66001 2.58266 1.329 2.40387 1.25237 2.64861 1.72754 1.1746 1.16456 1.06038 0.873785 1.70982 1.13503
threshold=1.1528959389604383 0.20427727673448706 1.2765936031182104 0.75191467646277799 0.45346320346320351 0.19720057568518948 1.2044615308950377 0.49918642911044037 0.41154796575205704 -0.37018611142517455 0.72285972251239927 0.49188335001969546 0.95982930226582297 0.041867960512248524 2.1777825801545827 0.43151404720194447 0.42245912240221611 0.41154796575205704 -0.15931185285423691 2.0045430519108818 0.54157072287216268 0.33050075855130473 0.31048362083684394 0.11746927149155562 0.057129847457985473 0.086688137412775104 0.21111267688227639 0.29747340881746581 0.57194920742150523 0.32971014492753631
decision_type=2 2 2 2 2 2 2 2 2 2 2 2 2 2 2 2 2 2 2 2 2 2 2 2 2 2 2 2 2 2
left_child=11 7 6 -4 5 -5 -3 8 -2 10 -10 15 14 -14 17 16 21 -13 -19 20 -17 22 -1 -23 -18 -22 -11 28 -9 -30
right_child=1 2 3 4 -6 -7 -8 27 9 26 -12 12 13 -15 -16 19 24 18 -20 -21 25 23 -24 -25 -26 -27 -28 -29 29 -31
leaf_value=-0.00040603165105069133 -0.059183800135223001 0.045038481148249467 0.049160743808502549 0.050667606948057553 -0.055346912663615314 -0.021938733016398985 -0.047425938618434284 0.058458929178077018 0.02278905518429861 -0.022964105276681135 -0.052100133148292788 0.026768885696528778 0.042498704975268919 -0.048373199893340026 0.027150704490598216 -0.025222791105261745 -0.069047783359190304 -0.041643183675934198 -0.0087793229302892042 -0.0094351602387890768 0.015163976361253521 0.0033748672592028781 -0.028489952162070516 0.031753231102104693 -0.017871022932277724 0.049423985180236711 0.051513024066390224 0.045921848062316639 -0.064932970205457463 0.016047801671814993
leaf_weight=112.6580551374409 0.97546801390126603 2.1658896615263061 0.74358066054992367 0.87601077390718307 2.9222118642846908 3.0165203069045674 0.48550723354856007 1.195052788330939 1.5161575881502352 0.57173069079726824 1.4059340428211724 1.7274941308423937 4.0896960956160902 1.3413480433227958 3.254467034013941 1.9703812319785345 2.0119474846869698 11.119524629481026 12.92946712137927 3.5502177309244862 4.2616126891225559 40.434928521193797 9.0714529352553637 6.1828306937823063 2.5324844953138381 5.9346219976432621 2.9126842811820097 5.5659050596877933 0.76310225529596187 0.99936176794290077
leaf_count=10492 15 143 16 7 1039 307 165 9 21 83 22 9 72 18 19 11 16 447 320 37 54 500 138 78 33 62 70 56 14 46
internal_value=0.000184999 0.00995503 -0.00709627 -0.0194453 -0.0269311 -0.00559874 0.028107 0.0209003 0.00548396 0.0153304 -0.0132431 -0.000958789 -0.00966394 0.0200553 -0.0152238 0.00063179 -0.000899865 -0.0205738 -0.0239746 0.0174806 0.0253347 0.000169883 -0.00249888 0.00713864 -0.0405284 0.0351047 0.0392926 0.0342521 0.0122902 -0.0190148
internal_weight=249.186 26.1151 10.2097 7.55832 6.81474 3.89253 2.6514 15.9054 7.38197 6.40651 2.92209 223.071 34.462 5.43104 29.031 188.609 172.892 25.7765 24.049 15.7168 12.1666 168.347 121.73 46.6178 4.54443 10.1962 3.48441 8.52342 2.95752 1.76246
internal_count=14319 2013 1677 1369 1353 314 308 336 211 196 43 12306 885 90 795 11421 11257 776 767 164 127 11208 10630 578 49 116 153 125 69 60
is_linear=0
shrinkage=0.05


Tree=244
num_leaves=25
num_cat=0
split_feature=1 2 7 7 7 1 6 18 4 10 11 15 19 3 15 18 15 8 17 15 15 15 15 1
split_gain=2.0157 1.90825 1.74104 2.10552 2.50069 2.04731 1.81893 1.31866 1.2157 1.06801 1.1053 2.83978 1.05953 0.892225 0.758564 0.704659 0.45929 0.432723 0.10935 0.0474799 0.000752283 8.31132e-05 3.82488e-06 1.72165e-06
threshold=0.10021843759488121 0.58924608451428151 1.1820230933067035 -0.34384666914464651 -0.33674092772216074 2.1365178262240221 0.60993519167986443 57.500000000000007 0.11946150835822612 7.5000000000000009 0.25738773791934083 0.31662489557226403 2.1777825801545827 0.44130518441058691 0.23166368515205729 79.500000000000014 0.32379032258064522 0.12875172794135498 0.53907203907203916 0.24722222222222226 0.082843137254901972 0.012121657361151927 0.061697065820777171 0.98989592799452719
decision_type=2 2 2 2 2 2 2 2 2 2 2 2 2 2 2 2 2 2 2 2 2 2 2 2
left_child=13 8 3 7 -5 -6 15 14 16 10 12 -12 -10 -1 -3 17 19 -4 -9 20 -2 23 -17 -8
right_child=1 2 6 4 5 -7 21 18 9 -11 11 -13 -14 -15 -16 22 -18 -19 -20 -21 -22 -23 -24 -25
leaf_value=-0.010586294983620681 -0.050238573289612433 0.011620345693164627 -0.052233204499666133 -0.18163623699405049 -0.026498843697587926 0.026907985893319376 -0.050331956929899294 -0.0049861057286332278 0.00118874352490322 0.035229478746077333 -0.027237564441716901 0.045044543592198741 0.010596130297289381 -0.061996862416758662 0.060023733778145551 -0.05011044557618119 0.051911850615889481 0.049798354146659347 -0.055113993080949497 -0.077142554146166331 -0.053149656482714053 -0.051281993103334769 -0.050853276121403834 -0.050110611688666262
leaf_weight=1.5706307110376649 0.48130587532068492 2.9664431882993147 0.10830482070741743 0.24589837936219439 18.141595630851953 1.9914234524730989 0.12303056289238146 0.13117489963769902 159.2994445362383 2.4698490239679805 7.7632576577670971 1.6471234699711201 36.855439289385686 1.8240306507796047 1.1131767146289346 0.18751300675648952 0.1064171791076659 2.5641061170972534 0.63759059357471415 0.22805137932300568 0.41181344026699662 0.27892780335969292 0.019093748764134943 0.30722840851376532
leaf_count=20 442 65 18 32 6673 43 34 3 5381 29 199 19 387 27 8 313 1 248 108 1 12 27 3 225
internal_value=4.66009e-05 0.000592092 -0.0114711 -0.0161062 -0.0231519 -0.0212162 0.021117 0.0135084 0.00225319 0.00254594 0.00215325 -0.0145858 0.00295629 -0.0382104 0.0248278 0.0387854 -0.0473579 0.0456633 -0.0465606 -0.0567802 -0.0515809 -0.0506097 -0.0501791 -0.0501739
internal_weight=241.473 238.078 28.8155 25.2273 20.3789 20.133 3.5882 4.84839 209.263 208.035 205.565 9.41038 196.155 3.39466 4.07962 2.87902 1.22759 2.67241 0.768765 1.12117 0.893119 0.709187 0.206607 0.430259
internal_count=14318 14271 7800 6932 6748 6716 868 184 6471 6015 5986 218 5768 47 73 582 456 266 111 455 454 286 316 259
is_linear=0
shrinkage=0.05


Tree=245
num_leaves=27
num_cat=0
split_feature=4 4 2 18 8 6 4 17 6 9 8 2 19 15 5 15 16 8 15 17 4 6 15 1 1 2
split_gain=1.38262 1.98802 1.54962 2.72075 3.43566 2.43448 2.94021 3.31296 2.74198 2.3277 1.98027 1.671 1.60254 1.23246 1.09494 0.660531 0.364742 0.0388132 0.00107225 0.000312543 9.19375e-06 5.60358e-06 4.33681e-06 3.21691e-06 1.59428e-06 8.7046e-07
threshold=0.11863035314223348 0.11904588088490606 0.52122394088047008 45.500000000000007 0.020932401058243129 0.23316589509597935 0.18325464798956695 0.43050193050193059 0.45131565826107761 12.500000000000002 1.0432480232795152 0.53010009316837092 0.52214162155168908 0.23466833541927412 0.12725266599966814 0.14160401002506268 0.042705167173252283 0.068817244198285735 0.076436222005842283 0.64248120300751899 0.11803770376965893 0.76750804438735509 0.046693313953488379 0.99890276698622105 1.0283108910296053 0.76406562406253198
decision_type=2 2 2 2 2 2 2 2 2 2 2 2 2 2 2 2 2 2 2 2 2 2 2 2 2 2
left_child=13 16 3 9 15 11 8 -8 -7 14 -6 -4 -13 18 -3 -5 -2 -11 20 -20 22 23 25 -22 -24 -1
right_child=1 2 5 4 10 6 7 -9 -10 17 -12 12 -14 -15 -16 -17 -18 -19 19 -21 21 -23 24 -25 -26 -27
leaf_value=-0.050147893812400771 0.033630160934837165 -0.0025027942233822181 -0.072879917191736476 -0.059179467285582321 0.039709913337770582 -0.034053810504120229 0.0079698144059745703 -0.043986912793023913 0.010723829639598923 0.040559439781266034 -0.051032998654239381 -0.052887888701237645 0.026018903411712174 0.047483646078948144 0.005597313484885659 0.011704178436293823 0.081384457830412801 0.052512199652261039 -0.054145001150451268 -0.051647927743148817 -0.050471997553660324 -0.050664785969584437 -0.050165649966124437 -0.050216663798344253 -0.0505383860651369 -0.050023950809861065
leaf_weight=0.65150697728677165 0.83034893460717174 117.9136447187102 0.5146349209244353 1.2858711323569867 10.725556591380151 4.5567967354181773 4.1963572228705734 11.411539481501675 13.69072575328755 1.2799214834230945 0.63693224804592397 0.69854094055335636 8.160030431179619 0.37427115812897671 64.564515603808104 0.44149807468056668 0.7712474182335427 1.4470292508194686 0.25248315802309651 0.24878535805328283 0.2128075651708059 0.15834412793628871 0.041141250789223704 0.29347128378140042 0.094776870391797274 0.18101874359126668
leaf_count=673 38 1883 17 310 526 1116 126 1897 2684 27 242 609 309 6 2201 5 17 19 8 39 45 31 34 132 43 1241
internal_value=0.000722637 0.00110368 0.000735502 0.00260546 0.0246356 -0.00784224 -0.0140856 -0.0300178 -0.000458105 0.00104843 0.0346233 0.0147083 0.0197967 -0.0362071 0.00036319 -0.0410623 0.0566262 0.0469021 -0.0508829 -0.0529057 -0.050262 -0.0504052 -0.0501637 -0.050324 -0.0504256 -0.0501209
internal_weight=245.634 243.125 241.524 198.295 13.0899 43.2286 33.8554 15.6079 18.2475 185.205 11.3625 9.37321 8.85857 2.50861 182.478 1.72737 1.6016 2.72695 2.13434 0.501269 1.63307 0.664623 0.968444 0.506279 0.135918 0.832526
internal_count=14278 12026 11971 5213 1083 6758 5823 2023 3800 4130 768 935 918 2252 4084 315 55 46 2246 47 2199 208 1991 177 77 1914
is_linear=0
shrinkage=0.05


Tree=246
num_leaves=31
num_cat=0
split_feature=17 7 7 15 7 3 8 18 3 17 4 17 4 0 7 16 16 3 4 1 4 17 6 9 11 15 5 5 4 8
split_gain=1.23221 1.79616 3.41949 2.71475 2.59299 3.43944 3.13431 2.49795 3.90615 1.89831 1.68421 1.65094 2.3225 2.3098 5.2266 2.95935 2.68435 2.02347 2.68112 1.82138 2.71429 1.86905 1.79455 1.55154 2.20366 1.39802 1.31551 3.37413 2.85364 2.1471
threshold=0.5300120048019209 0.017949718958651464 0.65677870700723162 0.76388888888888895 0.44729571759652575 0.28183602975084893 -0.44684191259026701 5.5000000000000009 0.29747340881746581 0.46211251435132039 0.1772510553497115 0.57223113964687011 0.4758203365769586 0.69999816845880403 -0.35745549845138008 0.18780940594059409 0.39827586206896559 0.32431244694329558 0.17679069868100236 1.0000008508914793 0.28685245725927483 0.95260557053009898 0.37167596335362912 6.5000000000000009 0.11767733218079483 0.30860805860805868 0.12027388927983304 0.073912760790656604 0.43394123650843808 0.3696960306348594
decision_type=2 2 2 2 2 2 2 2 2 2 2 2 2 2 2 2 2 2 2 2 2 2 2 2 2 2 2 2 2 2
left_child=1 3 4 26 5 10 -7 -6 -9 23 -3 12 17 14 -13 19 22 18 -2 21 -21 -15 -17 24 -4 -16 27 29 -29 -1
right_child=11 2 9 -5 7 6 -8 8 -10 -11 -12 13 -14 15 25 16 -18 -19 -20 20 -22 -23 -24 -25 -26 -27 -28 28 -30 -31
leaf_value=0.0084966174379604228 0.046213185546083994 -0.094184822984811012 0.010425968848588494 -0.052643259836405734 0.012945268453128878 -0.021412506759932573 0.019334765690945593 0.020437054298255857 -0.063972665308743432 0.042677633801351693 -0.018739609038347354 -0.036794871180720341 -0.085480190694912153 -0.022893180961409857 0.044866499680786806 -0.0012992220344098075 0.05241745758940454 0.0082515737124415085 -0.05010762882974909 -0.0078315021449287051 0.017234788581394513 -9.4609423987815558e-06 -0.071869171890214675 0.039997589570292758 -0.034330195536937072 -0.0039447811460247848 0.023731925276740659 -0.030779572582735316 0.018728554243529202 0.038987522372372609
leaf_weight=21.317238391813593 0.85861456469137731 0.78513189194927591 13.364807468142326 1.6645074896514405 2.4355452735908312 6.4538842957117621 17.560227752066567 1.7679002837976439 6.0984820781741291 4.6402319351036558 12.791951877938116 3.2420422778232014 1.2356418912822835 15.616297123913681 8.2721525749147968 1.2180194959219068 0.68601649999618519 5.4860299313149881 4.5560659895127174 20.535188755840863 22.780442767301793 20.818178383891791 3.4596009737288114 3.0457496182061723 3.4629084778425741 1.7831644117832173 17.250260184868239 8.537037494214017 4.4163410281471434 7.9183003660800741
leaf_count=270 36 157 499 11 35 115 187 56 65 57 486 36 37 3238 115 161 7 51 80 3640 772 3334 275 45 47 8 198 133 38 104
internal_value=0.000789664 0.0040225 -0.00130507 0.0103356 -0.00907878 -0.00298832 0.00838378 -0.0313026 -0.0450023 0.0138827 -0.0231024 -0.0031147 -0.0205143 -0.000968925 0.018411 -0.00399666 -0.0399471 -0.0131501 -0.0348339 -0.00157879 0.0053513 -0.00981773 -0.0534933 0.00715936 0.00121578 0.0362105 0.0120992 0.0073428 -0.0139002 0.0167549
internal_weight=244.058 133.511 72.4068 61.1037 47.8931 37.5912 24.0141 10.3019 7.86638 24.5137 13.5771 110.547 12.1364 98.4111 13.2974 85.1137 5.36364 10.9007 5.41468 79.7501 43.3156 36.4345 4.67762 19.8735 16.8277 10.0553 59.4392 42.1889 12.9534 29.2355
internal_count=14293 2503 1749 754 1101 945 302 156 121 648 643 11790 204 11586 159 11427 443 167 116 10984 4412 6572 436 591 546 123 743 545 171 374
is_linear=0
shrinkage=0.05


Tree=247
num_leaves=31
num_cat=0
split_feature=15 15 5 3 17 7 19 5 15 7 7 3 8 15 4 4 8 19 8 8 5 0 0 7 0 19 8 7 19 0
split_gain=1.09389 2.13973 1.75595 2.62376 3.06025 2.67593 2.48137 2.19026 1.65452 1.55274 2.51041 2.19736 2.03503 1.90796 1.3713 4.84826 4.23467 3.27383 2.46663 2.80873 2.26278 1.90154 2.59329 2.85292 2.0616 2.0764 1.77732 1.56675 0.867827 0.685629
threshold=0.01526806526806527 0.01709526592635886 0.11746927149155562 0.49366807625963799 0.84918583613336784 -1.0061724284617068 0.71964311972930595 0.086743710087794898 0.58571428571428574 0.2880231651011082 -0.029926227683874138 0.46786100100847638 -0.0092846690813369083 0.267948717948718 0.18619599718685839 0.35515995898277936 0.14783857845082884 3.2830421115478208 0.15817007244905235 0.25050032163533703 0.26061478783102604 0.69999925015597209 0.65265092346082143 -0.7589426785352823 0.72156792546909421 0.60979634129605087 -0.13407014732320882 0.60165447011543394 8.7141633160738916 3.5391304089783584
decision_type=2 2 2 2 2 2 2 2 2 2 2 2 2 2 2 2 2 2 2 2 2 2 2 2 2 2 2 2 2 2
left_child=14 -2 3 4 5 -3 7 -5 -6 10 12 -11 -4 -12 16 17 -1 20 -18 28 29 22 -17 -24 -23 -26 -19 -21 -20 -16
right_child=1 2 9 6 8 -7 -8 -9 -10 11 13 -13 -14 -15 15 21 18 26 19 27 -22 24 23 -25 25 -27 -28 -29 -30 -31
leaf_value=-0.053231446642728567 0.055797330608113808 0.052031567784631749 0.030252637605317875 0.02727392360595994 -0.059422104751576589 0.0012745072256188632 -0.081628005862939543 -0.04717211044554321 0.039281000271709957 0.038778188483309023 -0.0052096750201196806 -0.020357529307141367 -0.0027272116825967198 -0.064954918188494901 -0.057883354965070993 -0.048227380380127895 0.081242595746723711 0.02491736337794041 -0.050250245426171507 0.041892441227148892 0.017134998837726789 -0.072012911069404648 -0.019058479413078696 0.032654829699012754 -0.011429044918610971 0.014099820545518317 -0.03484633238459469 -0.012147589932134514 0.054397873646974362 0.047176843828674368
leaf_weight=2.144542921372703 1.8934587274998183 2.6614631381817153 10.148799647191483 1.9111962700262659 2.961405229336378 106.7136084341455 1.8295474909245966 2.0453010369092226 0.4956290517002343 8.6517304740409582 5.6704532021030927 1.919373876240569 8.6763716564164479 1.748302901163697 9.0351055284791038 1.5043568926048489 1.5882782573135035 3.106676118215546 1.7794771141998338 5.3687034883296292 1.1922573940828431 1.14432484935969 3.4739241581410178 11.481958565418605 27.031399733095895 11.292466065231563 2.0748932928545392 1.7879133780188565 0.2229308933019637 0.15800913609564382
leaf_count=1703 141 32 162 29 537 1622 15 14 6 147 164 26 91 24 1813 60 127 29 2984 1048 17 8 24 193 2431 303 36 539 1 2
internal_value=0.000502511 0.00296596 0.00232237 -0.000638304 0.00104565 0.0025096 -0.0334767 -0.0112108 -0.0452712 0.0118617 0.00534461 0.028041 0.0150525 -0.0192892 -0.00409019 -0.00679674 0.0109198 -0.0314764 0.0237206 0.0137457 -0.0476727 7.25033e-05 0.0143487 0.020643 -0.00588138 -0.00390674 0.000985755 0.0283918 -0.0385996 -0.0560776
internal_weight=241.714 157.327 155.433 118.618 112.832 109.375 5.78604 3.9565 3.45703 36.815 26.2439 10.5711 18.8252 7.41876 84.3872 71.4954 12.8918 15.5669 10.7473 9.15902 10.3854 55.9284 16.4602 14.9559 39.4682 38.3239 5.18157 7.15662 2.00241 9.19311
internal_count=14328 3010 2869 2255 2197 1654 58 43 543 614 441 173 253 188 11318 4916 6402 1897 4699 4572 1832 3019 277 217 2742 2734 65 1587 2985 1815
is_linear=0
shrinkage=0.05


Tree=248
num_leaves=23
num_cat=0
split_feature=1 3 13 2 2 6 6 2 2 6 1 17 18 19 3 10 7 19 3 19 1 1
split_gain=1.4401 1.07502 0.952196 1.02938 2.29573 2.68356 4.23437 1.53752 1.26906 1.24967 1.1066 0.964373 0.886645 0.854093 0.00203037 0.00011543 0.00011195 5.98353e-05 2.22173e-05 4.37555e-06 7.92399e-07 3.56731e-07
threshold=0.10021843759488121 0.44130518441058691 1.0000000180025095e-35 0.6464435539993586 0.58755973117803451 0.22378703801318856 0.7264517437327993 0.60614884445090711 0.57895924829078782 0.12162106446545536 1.1049726468453904 0.98657657657657671 83.500000000000014 0.53601435539554709 0.23943741492975773 2.5000000000000004 -0.52397714857510425 8.7141633160738916 0.14633870485450043 0.44499934604009805 0.98806327284726037 1.5544403090052237
decision_type=2 2 2 2 2 2 2 2 2 2 2 2 2 2 2 2 2 2 2 2 2 2
left_child=1 -1 3 4 8 7 -7 -6 9 -2 -10 12 13 -5 16 -16 -4 20 21 -14 -13 -18
right_child=2 -3 14 11 5 6 -8 -9 10 -11 -12 17 19 -15 15 -17 18 -19 -20 -21 -22 -23
leaf_value=-0.0016755051942798672 -0.054824193270094516 -0.06167525636241105 -0.053151447696158677 0.032807941455446854 0.054768349053055776 -0.04211200058014461 0.014338074839715959 -0.0074353759712333769 -0.022182298857843355 0.00064755926957699758 0.05414837519120097 -0.050194640559325279 -0.050476854306863717 -0.0014086768445068947 -0.05579220419202631 -0.057270830968141395 -0.050028947970716713 -0.0521311587708473 -0.051098218983718073 -0.05004587815897199 -0.050057058123481074 -0.050276066958374103
leaf_weight=1.3439809791743749 1.0204677497677028 1.6794440597295759 0.05607970138953533 6.2962167556397564 1.7583533942306555 11.57193101284429 4.6596661984585799 2.283505248316942 0.62692120925930739 200.21567981530097 1.9571737881997249 0.15287719797561372 0.070183485564485504 2.5674710824860085 0.28310813651114586 0.24727278301725164 0.077700386998912019 0.039209473878145218 0.11927119322353974 0.36610095745163562 0.33177948546654079 0.017984026577323675
leaf_count=18 234 26 2 1028 54 2160 736 303 62 5919 41 82 115 771 34 9 373 1 30 1704 593 7
internal_value=-0.000716334 -0.035004 -0.000274673 -8.82686e-05 -0.000782738 -0.0168291 -0.0259067 0.0196255 0.000813346 0.000366262 0.03563 0.0157534 0.0194715 0.0228967 -0.0546825 -0.0564816 -0.051162 -0.0502524 -0.0506429 -0.0501152 -0.0501005 -0.0500754
internal_weight=237.742 3.02343 234.719 233.918 224.094 20.2735 16.2316 4.04186 203.82 201.236 2.58409 9.82384 9.29997 8.86369 0.801416 0.530381 0.271035 0.523866 0.214956 0.436284 0.484657 0.0956844
internal_count=14302 44 14258 13803 9509 3253 2896 357 6256 6153 103 4294 3618 1799 455 43 412 676 410 1819 675 380
is_linear=0
shrinkage=0.05


Tree=249
num_leaves=20
num_cat=0
split_feature=1 3 11 7 16 10 1 1 8 9 17 9 10 1 10 8 7 19 18
split_gain=1.29985 1.15172 1.14326 2.27277 2.50551 1.55545 1.33509 1.07129 1.37009 1.72389 1.2009 1.12723 1.41741 1.97179 0.850699 0.638048 0.334367 0.462183 0.330619
threshold=0.10021843759488121 0.44130518441058691 0.25738773791934083 1.1820230933067035 0.25131578947368427 4.5000000000000009 1.3601428537461271 1.7184139415223687 -0.55333107764835965 3.5000000000000004 0.58561221975856126 21.500000000000004 6.5000000000000009 1.4116025866423183 5.5000000000000009 0.67118981373807374 1.2765936031182104 0.44408835760571147 51.500000000000007
decision_type=2 2 2 2 2 2 2 2 2 2 2 2 2 2 2 2 2 2 2
left_child=1 -1 7 4 5 6 -4 11 -9 15 -11 12 13 -2 -7 -10 -5 -18 -14
right_child=2 -3 3 16 -6 14 -8 8 9 10 -12 -13 18 -15 -16 -17 17 -19 -20
leaf_value=0.0031069644981179482 0.0022863585230858854 -0.061414348188423444 -0.062131128897685975 0.056594085293375521 0.018332709707771885 0.034954973326458028 0.015785552010883212 0.052043618910660831 -0.032309137427819566 0.026921884123473995 -0.010703863041394404 -0.054988973812164679 0.017168928310534536 -0.019433441272025911 -0.035857445944272412 -0.1320116466527412 0.052719205415159037 -0.0085319295000262762 0.047062819669756312
leaf_weight=1.2440009089186781 197.55202025361905 1.5576839260756967 4.6805120589215203 0.87170552299357895 2.5407687812039512 0.90941786344774278 0.62295359942800121 2.2287483647232866 0.47608760531875205 6.3785100808308908 3.1769377957243705 0.88112136602285218 1.8206987390294664 11.032921260459259 0.79480239149415866 0.24204740074128495 0.51964898605365284 0.7561088096772437 1.8799167505057992
leaf_count=18 13130 25 349 12 30 22 32 34 68 123 78 13 25 238 32 7 6 36 16
internal_value=0.00109215 -0.0327657 0.00149178 -0.0137506 -0.0242032 -0.0396255 -0.0529789 0.00228176 0.0165068 0.00879741 0.0144123 0.00144745 0.0016817 0.00113751 0.00192997 -0.0659139 0.032726 0.0164172 0.0323551
internal_weight=240.167 2.80168 237.365 11.6959 9.54845 7.00769 5.30347 225.669 12.5023 10.2736 9.55545 213.167 212.286 208.585 1.70422 0.718135 2.14746 1.27576 3.70062
internal_count=14294 43 14251 519 465 435 381 13732 310 276 201 13422 13409 13368 54 75 54 42 41
is_linear=0
shrinkage=0.05


Tree=250
num_leaves=31
num_cat=0
split_feature=5 5 16 8 17 16 1 8 18 3 9 18 8 7 8 1 1 1 8 3 7 5 3 18 4 19 19 1 8 18
split_gain=1.22722 3.75537 2.28137 2.36197 2.24308 2.33746 2.51178 1.91876 2.65099 3.04717 2.51665 3.31928 2.36552 1.81381 4.71977 3.15512 3.04146 2.61826 1.79749 1.64007 1.64884 2.39955 1.98215 1.63189 1.71359 1.61474 1.47022 1.38743 0.870887 0.768088
threshold=0.086743710087794898 0.084668555379915647 0.089647914274779958 2.7650476556440391 1.0000000180025095e-35 0.032433380084151482 1.1651955365331725 0.69281116730516612 32.500000000000007 0.20170708575279886 3.5000000000000004 5.5000000000000009 1.1753809664846704 0.19740642172445236 0.20427727673448706 0.54157072287216268 1.3228834719513789 1.1434833388845649 0.16853984901210059 0.17626080481834663 -0.26449678553862771 0.050612144220888229 0.51499126160066899 4.5000000000000009 0.2508296592562807 0.45421879159031625 0.60422800628350704 1.5544403090052237 -0.34429611182886427 2.5000000000000004
decision_type=2 2 2 2 2 2 2 2 2 2 2 2 2 2 2 2 2 2 2 2 2 2 2 2 2 2 2 2 2 2
left_child=1 13 3 4 29 26 -7 8 10 27 11 -4 -9 19 15 -15 17 -16 -12 28 21 -21 -22 -14 -25 -17 -6 -10 -1 -2
right_child=2 -3 7 -5 5 6 -8 12 9 -11 18 -13 23 14 16 25 -18 -19 -20 20 22 -23 -24 24 -26 -27 -28 -29 -30 -31
leaf_value=0.012947558204999099 -0.033034428101872966 0.060220606902032139 0.0032417733697748933 0.039902406303213345 -0.014957025178259821 -0.073752555411853438 -0.011933926960842813 0.041201290443577204 -0.054859742355188916 -0.092889843740743994 0.0075024386212167718 -0.037284027814601016 0.035129111675954491 -0.037151524370616536 -0.023070586360648539 0.053251509366688238 -0.067599698133707517 0.016005571617375532 0.049565353470016817 -0.0080145837493544904 0.017720132011992004 0.017410171420567125 -0.035025821812331465 0.029589618000527215 -0.044977074424246671 0.010699808788990328 0.0069422550292913918 0.048212991952402855 -0.057683409500674201 -0.073886503274747634
leaf_weight=0.61424978333161595 3.7109558440279207 2.7622101070883209 16.88069863058627 2.0144959723074853 17.605266376755029 2.8318854926037593 3.9145616429159418 6.2330399576458131 0.53822848122217626 1.6769571431068468 10.09416450280696 7.211048047291114 1.8081430516322141 3.2925336400512633 19.34730417059837 2.4754849831551864 3.0137938808438767 5.5069341976268325 3.3937685714336103 27.703955929551739 34.90493410851559 13.954621172801124 1.8769214930944134 1.0956137812172531 2.59622179971484 22.436854114286689 13.572830938355763 0.82988272028160281 1.5075407727144909 1.6676591871655544
leaf_count=46 61 59 260 82 1606 484 83 191 154 82 138 239 27 39 5420 51 54 120 51 396 1215 131 25 10 341 1024 210 25 1621 21
internal_value=-0.000510131 0.00250118 -0.00480772 -0.0130213 -0.0154834 -0.0111978 -0.0378829 0.00230144 -0.00284254 -0.0477126 0.000793266 -0.00888825 0.0201121 0.00133433 -0.00557083 0.0088485 -0.0201645 -0.0144125 0.0180861 0.00614046 0.00731378 0.000502098 0.0150286 -0.00378787 -0.0228482 0.0149281 -0.00542356 0.00766316 -0.037236 -0.0457008
internal_weight=237.073 139.397 97.6754 45.3177 43.3032 37.9245 6.74645 52.3578 40.6247 3.04507 37.5797 24.0917 11.733 136.635 56.0729 28.2049 27.868 24.8542 13.4879 80.5622 78.4404 41.6586 36.7819 5.49998 3.69184 24.9123 31.1781 1.36811 2.12179 5.37862
internal_count=14266 10201 4065 2547 2465 2383 567 1518 949 261 688 499 569 10142 6708 1114 5594 5540 189 3434 1767 527 1240 378 351 1075 1816 179 1667 82
is_linear=0
shrinkage=0.05


Tree=251
num_leaves=31
num_cat=0
split_feature=8 17 1 6 8 3 16 1 2 14 5 7 3 1 5 17 6 3 3 18 6 10 19 14 19 6 1 16 4 4
split_gain=1.44326 2.29316 3.99874 3.05247 4.37804 4.30615 1.66198 1.64494 3.19885 1.62878 1.533 1.57085 2.31068 2.67139 2.66411 2.02696 2.0213 1.9589 3.06137 1.79512 1.68233 1.60909 1.32575 1.26455 1.26016 1.34998 1.21253 1.03897 0.97186 0.96237
threshold=0.89145823621153586 0.46211251435132039 0.69582264614216138 0.537001017520779 1.3506663390590101 0.43151404720194447 0.32529069767441871 0.86813674545092157 0.36071528304933903 0.093171296296296308 0.35019181444754016 1.1528959389604383 0.49188335001969546 1.0189552450818258 0.14793236427057804 0.49666666666666676 0.25522994995117193 0.43151404720194447 0.42245912240221611 74.500000000000014 0.65556543523615074 2.5000000000000004 0.53520632357871667 0.067816091954023008 0.44664286594731917 0.78038485363276333 1.3228834719513789 0.40192307692307699 0.23745665207407837 0.37536456538181684
decision_type=2 2 2 2 2 2 2 2 2 2 2 2 2 2 2 2 2 2 2 2 2 2 2 2 2 2 2 2 2 2
left_child=10 7 -3 6 22 -6 9 8 24 -4 11 12 17 14 -14 16 -13 18 -1 -17 -19 -18 -5 27 25 -2 -15 -9 -29 -26
right_child=1 2 3 4 5 -7 -8 23 -10 -11 -12 15 13 26 -16 19 21 20 -20 -21 -22 -23 -24 -25 29 -27 -28 28 -30 -31
leaf_value=-0.00011710554149789215 -0.050054496572187128 0.046429767018049878 -0.05454588516293573 -0.0052828647262673127 -0.05549247860966397 0.048514938779946032 0.042709852110756744 0.04922106544901101 -0.099141798767313258 0.0091818340996600595 -0.07817168635197487 -0.055891115377684965 -0.023289978516954787 -0.061422479167850291 0.013389478831677105 0.032164680154419881 -0.0073200488258052593 0.029080918093865211 -0.046147861063272247 -0.050594583002633454 -0.013890482118760268 0.051638270018802529 0.045703865045300426 -0.018347586149946467 -0.023501676550867639 0.026229831161062069 -0.0024605132113428765 0.040170080001591696 -0.044058731254201976 0.039965437810187354
leaf_weight=133.51096914853588 1.2436824945616565 3.7398306130198788 5.4469257429918825 1.7209732345654609 3.8695012330535974 1.3397384991403667 0.62086827993334726 7.74506899603875 0.66508080585299456 1.228837661631587 0.63725956372218107 1.621500991255745 11.743515566049615 3.9496569421316954 8.5581551319846749 10.402772490393541 4.906485077488469 9.811776817427015 3.7125353361479929 0.69928736184738305 2.966261798515915 1.5144628231064414 4.9191394230583683 0.9560533315525398 0.70216974630602624 1.0867292401526354 1.1189784052548928 0.75920018590841187 0.62391246107290499 3.9988254514464643
leaf_count=9879 43 41 771 261 525 16 24 79 20 98 48 37 125 86 523 337 71 87 42 564 38 26 69 14 8 187 17 25 138 131
internal_value=0.00103732 0.00960616 -0.000859336 -0.0100964 0.00557002 -0.0287433 -0.0355379 0.0230764 0.00566858 -0.0428152 -0.000748275 -0.000494627 -0.0019792 -0.0159347 -0.00782778 0.0131047 -0.00601048 0.000381144 -0.00136245 0.0269519 0.0191056 0.00658603 0.0324892 0.0363625 0.0155823 -0.0144812 -0.0484057 0.0420926 0.00217505 0.0304856
internal_weight=235.82 40.6665 22.8858 19.146 11.8494 5.20924 7.29663 17.7807 7.69649 6.67576 195.154 194.516 175.372 25.3703 20.3017 19.1445 8.04245 150.002 137.224 11.1021 12.778 6.42095 6.64011 10.0842 7.03141 2.33041 5.06864 9.12818 1.38311 4.701
internal_count=14330 2450 1805 1764 871 541 893 645 389 869 11880 11832 10797 751 648 1035 134 10046 9921 901 125 97 330 256 369 230 103 242 163 139
is_linear=0
shrinkage=0.05


Tree=252
num_leaves=31
num_cat=0
split_feature=5 8 5 14 8 5 15 3 3 18 17 11 8 8 11 11 0 3 4 1 1 3 1 12 11 7 17 5 1 8
split_gain=1.51185 1.30194 1.91035 2.95054 2.54699 2.57356 3.27573 2.48511 4.29701 2.01072 2.10333 1.96945 1.78547 1.48302 2.0211 3.0952 3.23214 2.36305 2.42348 2.09532 1.78417 3.05706 2.31488 1.7116 1.27251 0.691955 0.778385 0.330816 0.218562 0.000950426
threshold=0.35019181444754016 -0.10560895493855127 0.035659309194869364 0.24117158288325721 -0.023291481105714246 0.028374167049632356 0.46862745098039221 0.21257125006781688 0.2099554024490656 55.500000000000007 0.46211251435132039 0.035567962815757262 1.1463577281898287 -0.39333090527602471 0.12959428710250978 0.013079130977512206 0.69825256127088819 0.41287018271053544 0.32426193337035342 0.76998654437512515 0.51915580950727225 0.49366807625963799 0.99667527621724894 1.1111071048502572 0.22308974452603247 0.43603658890415475 0.55028089887640463 0.19818966684777756 0.99999957465430922 -0.65097844819150519
decision_type=2 2 2 2 2 2 2 2 2 2 2 2 2 2 2 2 2 2 2 2 2 2 2 2 2 2 2 2 2 2
left_child=1 13 4 9 7 12 -7 8 -3 10 -4 -11 -6 14 15 19 -17 18 -16 -1 -15 23 -23 -22 -19 27 -27 -5 29 -2
right_child=28 2 3 25 5 6 -8 -9 -10 11 -12 -13 -14 20 17 16 -18 24 -20 -21 21 22 -24 -25 -26 26 -28 -29 -30 -31
leaf_value=0.002736769876434994 -0.055418007999186329 -0.039556374402468765 0.0055816092190918987 0.056473017865249914 0.0002648624769630605 -0.026428094343758202 -0.14892808968205926 -0.048939491183620516 -0.49458133975410279 -0.050266041664783059 -0.010844097029997543 0.036546106921407938 -0.02858181509900129 0.048795327805525548 -0.022244916988668734 -0.021832266015004959 0.038954619855005763 -0.050283361429093835 0.014029850374208794 -0.045231831595233037 0.017525666835813494 0.0086989747464346536 -0.051922615759749519 -0.026070035321118373 -0.0086551936667751475 0.038015752791030172 -0.052063984719121173 0.027596315412549529 -0.11193651680586265 -0.050622302838498348
leaf_weight=9.579403179217481 0.19284365978091955 0.12092507502711569 37.807103897182969 2.8071403612048007 35.776314747346987 6.2137726936598474 0.59827120602130879 1.1931118169741237 0.090875282883644104 0.73970552887476415 40.225575672955529 5.5939416947730933 6.3102990499273792 2.9864091912750146 7.8994212659381509 2.7747356141553601 10.320617775760182 4.6792978156299787 11.03833046294312 2.9862239731955915 32.777443931248854 2.9886039930861434 3.3287292911772965 2.4174659913405767 3.0210392453009263 0.56510521937161673 0.41662125942821149 1.5337049697991458 0.25111752841621637 0.22252819151617487
leaf_count=228 4 191 664 46 6704 540 3 23 1 497 1983 344 826 23 154 90 124 50 132 297 840 125 181 58 43 8 159 13 4 47
internal_value=8.82103e-05 0.000299874 -0.00278306 0.0015912 -0.0105822 -0.00867512 -0.0371867 -0.0769577 -0.23479 -0.000686658 -0.00288579 0.0264073 -0.00406029 0.00475852 -0.000950172 0.00906439 0.0260747 -0.0105974 -0.00110128 -0.00866298 0.0114679 0.00878258 -0.0232438 0.0145312 -0.0339516 0.0376969 -0.000211935 0.0462703 -0.0751117 -0.0528488
internal_weight=237.457 236.79 139.992 89.6889 50.3036 48.8987 6.81204 1.40491 0.2118 84.3663 78.0327 6.33365 42.0866 96.7977 52.2991 25.661 13.0954 26.6381 18.9378 12.5656 44.4987 41.5122 6.31733 35.1949 7.70034 5.32257 0.981726 4.34085 0.666489 0.415372
internal_count=14402 14347 12002 3714 8288 8073 543 215 192 3488 2647 841 7530 2345 1118 739 214 379 286 525 1227 1204 306 898 93 226 167 59 55 51
is_linear=0
shrinkage=0.05


Tree=253
num_leaves=23
num_cat=0
split_feature=7 1 5 7 19 17 7 2 1 7 7 6 6 17 11 0 5 5 8 18 8 1
split_gain=1.20614 2.05677 1.7305 1.09302 2.35924 1.54616 1.49982 3.45871 3.49992 1.57538 2.74599 1.85021 1.12289 0.873417 0.530849 0.438074 0.186719 0.00678202 0.00129941 0.000149902 0.000104518 3.2979e-05
threshold=9.7558890299480296 0.10021843759488121 0.10261696927687702 -1.0061724284617068 0.58462825021395537 0.4777667984189724 -0.50000080733447205 0.0069852315619441082 0.96058751494802697 -0.31398055679186959 -0.30287055565358506 0.87706833174734411 0.52440738677978527 0.53907203907203916 0.22483830273819694 0.69999816845880403 0.029132986380383863 0.11170573639713863 -0.37018611142517455 9.5000000000000018 -0.58769235627512562 0.81241090126705473
decision_type=2 2 2 2 2 2 2 2 2 2 2 2 2 2 2 2 2 2 2 2 2 2
left_child=1 -1 13 4 5 -3 7 -5 -9 11 -11 -8 -6 16 18 -4 -2 -17 -15 -20 -19 -22
right_child=2 3 15 6 12 -7 9 8 -10 10 -12 -13 -14 14 -16 17 -18 20 19 -21 21 -23
leaf_value=-0.057636859343437631 0.039759057549352717 0.026026515210480494 0.047091725958908009 0.043418280043931091 0.011755606642611325 -0.079201681812612709 0.013168369954519891 -0.033955589404910308 0.0031333578236513466 -0.056427225739401926 -0.00053002641520553105 -0.067299226924320485 0.055404150528138907 -0.057457559364117117 0.049653104596001973 -0.061719749534676682 0.064976231255684302 -0.053526934212193081 -0.053210697383702571 -0.050272173405660849 -0.051592934845039989 -0.050429400652065283
leaf_weight=1.5752025553956617 1.5030883786821503 0.57269684271886834 0.12088206800399348 2.5864031482487944 3.0647855460410938 0.89404062400353723 29.131337756090947 14.115305655323029 11.578277840679219 2.2271562870882908 163.06055195145018 0.73232304312114038 2.8377982670208439 0.11294640600681327 0.19510473089030711 0.3099877617205492 1.4347672860021701 0.061549238860607147 0.056698437780141497 0.18503622196112701 0.21667118096956983 0.08470975335148978
leaf_count=33 39 9 4 12 39 39 782 150 229 53 12571 18 30 1 13 4 9 1 1 174 11 109
internal_value=-0.000212321 -0.000696838 0.0260849 -0.000308225 0.0186381 -0.0381147 -0.000933122 -0.0116944 -0.0172422 0.000626328 -0.00128321 0.0111951 0.0327406 0.0412502 -0.0165905 -0.0405454 0.0520744 -0.0562884 -0.0530301 -0.0509614 -0.0516493 -0.0512659
internal_weight=236.657 232.376 4.28144 230.801 7.36932 1.46674 223.431 28.28 25.6936 195.151 165.288 29.8637 5.90258 3.48764 0.549786 0.7938 2.93786 0.672918 0.354681 0.241735 0.36293 0.301381
internal_count=14331 13965 366 13932 117 48 13815 391 379 13424 12624 800 69 237 189 129 48 125 176 175 121 120
is_linear=0
shrinkage=0.05


Tree=254
num_leaves=31
num_cat=0
split_feature=2 8 17 15 6 16 8 16 18 11 8 18 18 17 9 6 9 11 19 17 18 19 17 17 18 6 7 17 0 11
split_gain=1.67165 2.55896 2.69349 3.21454 2.6729 2.70248 2.64087 2.31165 2.30892 2.75439 2.37378 2.35093 3.13245 2.19559 2.16345 2.27359 1.94272 1.80616 1.58194 1.54733 1.53645 1.49494 1.46974 1.34907 1.01349 0.913893 0.473092 0.460063 1.32155 0.453557
threshold=0.52122394088047008 -0.14799246722212786 0.40175438596491236 0.10084745762711866 0.65217121201332173 0.093386627906976757 0.25050032163533703 0.16489180922170615 50.500000000000007 0.035567962815757262 0.020932401058243129 47.500000000000007 45.500000000000007 0.23861283643892342 2.5000000000000004 0.47147267274182258 12.500000000000002 0.17818371652102363 0.50466082282565861 0.43050193050193059 13.500000000000002 0.86370314655063052 0.99528301886792458 0.60097087378640779 21.500000000000004 0.43608632599450275 -0.55205679600840829 0.85120759056929274 0.69825256127088819 0.11965456292384787
decision_type=2 2 2 2 2 2 2 2 2 2 2 2 2 2 2 2 2 2 2 2 2 2 2 2 2 2 2 2 2 2
left_child=8 13 21 4 5 -4 -6 17 11 -10 -11 12 16 29 15 25 20 -5 -14 -17 -1 -3 23 -16 -23 -15 -20 -12 -29 -2
right_child=1 2 3 7 6 -7 -8 -9 9 10 27 -13 18 14 22 19 -18 -19 26 -21 -22 24 -24 -25 -26 -27 -28 28 -30 -31
leaf_value=0.0025980554237086911 -0.00075938255503660594 0.039914935777165948 -0.052882413188937563 -0.084260898951551075 -0.032929129712824044 0.0096377136330910856 0.029989403502098545 0.010964597594578665 -0.050445755530125064 -0.047590782858341674 0.053773489669182564 -0.057900371119581164 -0.051246443744312302 -0.22419995775733101 0.02407445471708625 0.054871335052354156 0.044199635794467507 -0.023280917864350263 0.10168055393318909 -0.086093077627975495 -0.0075647425111691384 0.018430961874755954 0.074815084280801816 -0.010266503563518471 -0.060218698307533618 -0.079179817774017516 0.053479284656956498 0.0588165583402682 -0.052259219048959464 -0.072226035024197222
leaf_weight=118.90291180176791 0.28487390702867088 2.7067576747631419 5.479974008285355 4.1811390455113715 2.5327467788447384 2.524855467474481 4.8831801273699966 1.1494117388792799 1.0004851242338171 0.72806600332842197 5.3675658511783695 1.7186135811280099 0.31000290046358658 0.19358329196984303 8.5353891522245195 0.48470225930213928 2.4563950355804982 1.7112791249819563 0.75010953645687584 0.32533755388431018 54.117251955362008 0.8254479298047952 1.023938748752699 4.3009830673945553 0.81307272968115285 0.24757325548125664 1.5841180776042163 0.74934863322414436 0.41669132953393273 1.0059847113734575
leaf_count=1903 115 51 4402 61 1801 806 863 15 516 32 52 422 211 36 102 2 45 61 2 52 2310 30 6 181 106 11 58 3 98 15
internal_value=-0.000551275 -0.00941969 -0.0189374 -0.025908 -0.0131263 -0.0331625 0.00850096 -0.0538985 0.00148596 0.0273308 0.0380466 0.000298595 0.000860133 0.00613588 0.0114825 -0.0514845 4.61888e-05 -0.0665511 0.0548751 -0.00174442 -0.000580665 0.0170971 0.0171666 0.0125681 -0.0205969 -0.142816 0.0689689 0.0475895 0.019123 -0.0564544
internal_weight=231.312 43.2102 26.8079 22.4626 15.4208 8.00483 7.41593 7.04183 188.102 8.26216 7.26167 179.839 178.121 16.4024 15.1115 1.2512 175.477 5.89242 2.64423 0.81004 173.02 4.34528 13.8603 12.8364 1.63852 0.441157 2.33423 6.53361 1.16604 1.29086
internal_count=14368 8716 8196 8009 7872 5208 2664 137 5652 701 185 4951 4529 520 390 101 4258 122 271 54 4213 187 289 283 136 47 60 153 101 130
is_linear=0
shrinkage=0.05


Tree=255
num_leaves=31
num_cat=0
split_feature=1 15 15 17 10 11 19 19 8 0 2 7 2 9 19 8 15 16 19 8 6 7 7 4 3 4 8 0 7 1
split_gain=1.47572 1.84264 3.87859 1.87121 1.39513 1.88506 1.27761 2.78281 2.87139 2.42406 2.58585 2.11546 3.18608 3.21861 2.78598 2.85911 2.54776 2.34392 3.19075 2.8857 2.16338 1.98193 2.48048 2.1105 1.85336 1.80311 1.69644 1.63104 1.47495 1.37547
threshold=1.7184139415223687 0.19292803970223329 0.17902930402930406 0.60097087378640779 5.5000000000000009 0.2156950842406623 0.59607773615443549 0.55853808260849924 1.2814665068036504 0.69999816845880403 0.63145772148581114 -0.10142478842371776 0.073801769929773678 1.5000000000000002 0.64782784536459037 0.41488626332771611 0.37638888888888894 0.086688137412775104 3.990584418574215 -0.34429611182886427 0.2362918661098288 0.57656461128378511 0.26855228415354465 0.22226356057559746 0.49366807625963799 0.78835235545837812 1.1167620562650447 3.0460066071618148 0.60165447011543394 0.49807773411466871
decision_type=2 2 2 2 2 2 2 2 2 2 2 2 2 2 2 2 2 2 2 2 2 2 2 2 2 2 2 2 2 2
left_child=6 2 3 -2 5 -5 7 21 9 -9 -11 14 24 -14 15 16 -8 18 -16 -19 -15 22 25 -24 29 -1 28 -28 -23 -13
right_child=1 -3 -4 4 -6 -7 11 8 -10 10 -12 12 13 20 17 -17 -18 19 -20 -21 -22 26 23 -25 -26 -27 27 -29 -30 -31
leaf_value=-0.0021019284033178694 0.043070385041546158 0.047750453799099639 -0.084092495892642477 -0.058201086860828616 0.038585531091864134 0.030853359319607594 -0.026396694177644581 -0.051870499316359765 -0.046239955177623401 0.041835429333645612 -0.051041839373315745 -0.011365414630345044 -0.057069132282431961 0.0097838975759255362 0.02767779525889465 0.021806300085269785 -0.11298259024574167 0.020664466539091333 -0.031211576731960081 -0.010635886751473287 -0.015918344597206532 0.064450933421575887 0.014314318537245158 -0.039206259228040989 -0.029443747926154614 0.048089418449685478 -0.050648686461723505 0.046497302519549401 0.013549778761998114 0.040995627404337126
leaf_weight=42.914972828370082 3.6424209172255342 3.4983176328241816 1.0757460817694662 1.7136310938485628 1.1572166912374084 0.90967659428497416 2.5504779075927213 0.83776238549034765 1.3404225134654542 11.836311978302545 0.80007463538095258 1.6254195421934108 4.1054291225154875 10.051378746484259 17.250800855392303 1.7575065711280329 1.2739369533956049 10.363096871733431 2.6540449457243076 25.44147283599159 44.141306521945808 1.5478616483160355 2.3844380118644031 8.096502705011515 1.6732459369814021 1.8672446054406453 1.7935866220941528 0.5691872463794424 17.66953018193999 5.4920536046847701
leaf_count=6709 67 83 10 106 20 53 79 10 106 242 337 16 305 363 198 28 7 128 20 354 1035 25 852 521 30 32 760 11 1753 75
internal_value=0.000131421 0.0172083 0.00463619 0.0174949 -0.00714631 -0.0273199 -0.00079965 0.00370939 0.0235514 0.0304943 0.0359549 -0.00401891 -0.0101537 -0.0143848 0.00269614 -0.0309808 -0.055239 0.00607047 0.0198257 -0.00157647 -0.0111512 -0.000115941 -0.00513383 -0.0270302 0.0179064 -9.1441e-06 0.012734 -0.0272464 0.0176496 0.0290379
internal_weight=232.035 11.997 8.49869 7.42295 3.78052 2.62331 220.038 91.6579 14.8146 13.4741 12.6364 128.38 67.0888 58.2981 61.2913 5.58192 3.82441 55.7094 19.9048 35.8046 54.1927 76.8433 55.2632 10.4809 8.79072 44.7822 21.5802 2.36277 19.2174 7.11747
internal_count=14335 339 256 246 179 159 13996 11358 695 589 579 2638 1824 1703 814 114 86 700 218 482 1398 10663 8114 1373 121 6741 2549 771 1778 91
is_linear=0
shrinkage=0.05


Tree=256
num_leaves=30
num_cat=0
split_feature=1 7 6 14 14 7 2 2 8 18 16 18 18 4 6 9 4 4 6 3 16 15 15 9 14 17 15 15 6
split_gain=2.58512 1.18157 2.22446 1.77107 2.1653 1.70651 2.39861 2.39592 2.06601 1.98027 4.08805 2.1738 1.60406 1.76081 1.58413 1.47708 1.29928 1.5492 1.13936 2.09493 1.72885 1.06455 1.02689 0.594481 0.272418 0.457241 0.0511315 0.0435821 0.00383724
threshold=0.10021843759488121 -0.14547179636930949 0.14904828900930969 0.31925087108013944 0.21778656126482215 -0.41797534444337953 0.27469057818643411 0.0069852315619441082 0.85338596038807835 38.500000000000007 0.1082709215239336 40.500000000000007 47.500000000000007 0.18540882285124338 0.38082455143784039 11.500000000000002 0.59990765690024395 0.74122592202978199 0.45858371619022259 0.49188335001969546 0.099450549450549472 0.17902930402930406 0.11566332218506133 17.500000000000004 0.10960960960960962 0.35805860805860812 0.30860805860805868 0.036474501108647452 0.56914133904187858
decision_type=2 2 2 2 2 2 2 2 2 2 2 2 2 2 2 2 2 2 2 2 2 2 2 2 2 2 2 2 2
left_child=28 5 23 4 14 6 7 -2 -9 18 15 -12 13 -8 -4 -11 21 -18 19 -7 -20 -5 -14 24 26 -26 -3 -6 -1
right_child=1 2 3 16 27 9 12 8 -10 10 11 -13 22 -15 -16 -17 17 -19 20 -21 -22 -23 -24 -25 25 -27 -28 -29 -30
leaf_value=-0.05509155949802727 0.034419364309920097 -0.054497203959524926 0.0073999643850162266 -0.063791376305956202 0.056499469720603025 0.015452039262574198 0.041774751584798576 -0.025375682656772054 0.010705311619219471 0.0016110819657055018 -0.14894278898684565 -0.034997548099668319 -0.058354547142691095 0.0061585092337545352 -0.0045445567914298123 0.058450165772374843 0.035487196401634148 -0.064529731465390136 0.043725900337784923 -0.028800240979370863 0.013775113820809846 -0.0032822812068476893 0.013810667907593345 0.052684619042678849 0.044319104931759709 -0.0558961961031526 -0.07253415418206817 0.042267452366148969 -0.059576141103793737
leaf_weight=1.039940109476446 2.5143764568492797 1.6721930464154868 41.436924076617288 2.5517971916033271 1.1545891264177037 15.601613368246037 5.0612058714032235 17.212106532824695 5.1559618316823608 3.9560480597647238 0.48203605134040151 3.1790383739244135 1.2350311175396194 11.03937805672467 84.088814672564695 1.6074384991079567 1.2794452551024731 0.55516381573397655 7.653413775580705 3.2277890698169349 13.006038103660101 1.0164146125316618 0.82042082585394371 0.14507964253425587 0.18561677169054736 0.29425655412705964 0.51359995640814293 1.0071351604892695 0.8811655044555663
leaf_count=28 12 654 3230 220 30 244 107 185 47 691 8 134 237 190 7740 12 74 16 109 48 157 8 12 1 3 46 4 14 13
internal_value=0.000609167 0.00109657 -0.00186321 -0.000933587 0.000252868 0.00548054 -0.00177404 -0.0118569 -0.0170588 0.01189 -0.00896799 -0.0500002 0.0120443 0.0173544 -0.000601587 0.0180334 -0.0289737 0.00522147 0.0167624 0.00786619 0.0248706 -0.0465552 -0.0295503 -0.0458815 -0.051246 -0.0171325 -0.0587354 0.0498689 -0.0571485
internal_weight=229.574 227.653 135.901 133.09 127.687 91.7519 43.0385 24.8824 22.3681 48.7134 9.22456 3.66107 18.156 16.1006 125.526 5.56349 5.40282 1.83461 39.4889 18.8294 20.6595 3.56821 2.05545 2.81075 2.66567 0.479873 2.18579 2.16172 1.92111
internal_count=14274 14233 12040 11332 11014 2193 790 244 232 1403 845 142 546 297 10970 703 318 90 558 292 266 228 249 708 707 49 658 44 41
is_linear=0
shrinkage=0.05


Tree=257
num_leaves=31
num_cat=0
split_feature=7 1 1 8 7 9 5 3 7 3 7 7 18 14 1 8 15 14 5 8 5 2 19 5 17 1 19 15 8 19
split_gain=1.14522 1.61376 2.6504 1.76899 1.72288 1.70303 2.27845 1.63511 1.58587 1.43055 1.37056 3.00923 3.26826 2.84345 1.80186 1.85387 1.75739 1.45238 1.44487 1.3968 3.4026 2.48844 6.03104 1.80281 1.74695 1.05477 0.974589 0.96479 0.846336 0.818551
threshold=1.1528959389604383 0.8519107149070414 0.90794812561527838 -0.37018611142517455 2.6706599350452187 4.5000000000000009 0.00016727155758734715 0.36640834185033067 9.7558890299480296 0.43151404720194447 0.228940306806133 0.3265388740442739 53.500000000000007 0.50308641975308654 1.5544403090052237 0.92559710353709657 0.078689370485036131 0.54195804195804198 0.0018517145144394023 0.72488549009415104 0.2656890174587902 0.016853039026482993 0.42598075808520647 0.24555389678556158 0.39339826839826847 1.0755888533960996 0.52710125979661515 0.23606811145510839 -1.0000000180025095e-35 0.32500006381653518
decision_type=2 2 2 2 2 2 2 2 2 2 2 2 2 2 2 2 2 2 2 2 2 2 2 2 2 2 2 2 2 2
left_child=10 4 3 -3 -2 6 26 -8 29 -10 17 12 18 14 15 -13 -14 19 -12 21 23 22 -1 -21 -23 -7 -4 -20 -5 -6
right_child=1 2 5 28 8 25 7 -9 9 -11 11 13 16 -15 -16 -17 -18 -19 27 20 -22 24 -24 -25 -26 -27 -28 -29 -30 -31
leaf_value=0.024940754093988719 0.03785426120421051 -0.15349482133547065 -0.05030841020883639 0.051191091078945518 0.023374586355100008 0.047820619647470808 -0.056535627425812029 0.0090846098889056613 -0.016768128949381986 0.064321929161790317 0.047877986812326377 -0.0067515190240063847 -0.050103257034384521 -0.06145058523201459 0.041476836133067602 0.018788068689781827 0.056650078460846624 0.036977206518498666 -0.057796705648238848 0.0058407988172466197 0.052569071372569193 0.011140704030576385 -0.05032440562543105 -0.078175522436053066 -0.0033439208287262007 -0.0051867318649739891 0.060253800441652461 -0.020824890695646955 -0.061880427371015595 -0.034688308063004672
leaf_weight=4.127601301588582 7.4974868302342674 0.43880705535411835 0.24018784903455337 0.23509685401222669 0.79817094036843661 2.6762621480665985 2.5673416790450574 1.5062952711159594 0.88268496882665237 1.4170027791114987 0.41520168958231707 39.221805319353734 0.5278953931574496 1.9534228012271331 2.4928145931626196 8.6774910225467448 1.4293845442298332 2.8315394017845383 6.3765402356002578 23.534239167025596 4.1492945550708091 29.253696016283357 7.4939247065922245 0.65630844869883631 72.174864667236761 1.4453039184154475 1.171398600687098 2.4396484531462193 0.5589611878604035 2.534320337274039
leaf_count=46 248 2 277 5 16 46 995 32 30 31 19 2019 1003 59 44 318 18 64 668 1006 57 458 168 37 6271 27 27 18 67 212
internal_value=1.94459e-05 0.0103679 -0.00391053 -0.0729265 0.022156 0.00494647 -0.013302 -0.0322714 0.00125866 0.0331973 -0.00117449 -0.00729312 -0.0308298 -0.00226224 3.21597e-05 -0.00212474 0.0278578 0.00152097 -0.0432729 0.000810906 0.0107367 -0.00167733 -0.0235926 0.00356137 0.000833688 0.0292326 0.0414411 -0.0475657 -0.0284033 -0.0207816
internal_weight=231.725 23.9693 10.8397 1.23287 13.1297 9.60679 5.48522 4.07364 5.63218 2.29969 207.756 63.5342 11.1887 52.3455 50.3921 47.8993 1.95728 144.221 9.23139 141.39 28.3398 113.05 11.6215 24.1905 101.429 4.12157 1.41159 8.81619 0.794058 3.33249
internal_count=14288 2015 1478 74 537 1404 1331 1027 289 61 12273 4166 1726 2440 2381 2337 1021 8107 705 8043 1100 6943 214 1043 6729 73 304 686 72 228
is_linear=0
shrinkage=0.05


Tree=258
num_leaves=31
num_cat=0
split_feature=5 5 5 9 17 6 0 16 6 6 16 15 5 16 2 3 3 8 8 8 6 6 5 8 6 8 17 8 3 0
split_gain=1.14144 2.90737 2.53105 1.89357 2.45476 2.32373 1.95647 1.87595 2.39798 3.90036 2.8072 2.08017 2.05438 1.47058 2.13409 3.33164 2.33962 1.87372 2.84722 2.37671 3.20983 1.34137 3.55279 2.75523 2.64747 2.46658 1.36901 1.31597 2.27444 1.22107
threshold=0.086743710087794898 0.084668555379915647 0.10582385076528171 3.5000000000000004 0.32971014492753631 0.33642751140498844 0.72156792546909421 0.099450549450549472 0.4264406628078885 0.43898746220752455 0.12034482758620692 0.21103238866396765 0.072070103065640337 0.089647914274779958 0.45310466118108222 0.18773028429816754 0.19322214562908499 0.69281116730516612 1.3506663390590101 0.59220107519618426 0.4810098041222442 0.75512334072228648 0.00014072617674185564 1.2178915486351676 0.21734569048640706 0.89145823621153586 0.64248120300751899 0.72488549009415104 0.35917689753513715 0.69999816845880403
decision_type=2 2 2 2 2 2 2 2 2 2 2 2 2 2 2 2 2 2 2 2 2 2 2 2 2 2 2 2 2 2
left_child=1 7 3 6 -5 -6 -2 21 11 -10 -11 12 -9 14 15 -4 -17 19 -19 20 -15 23 -23 25 -25 -1 -24 -8 -29 -13
right_child=2 -3 13 4 5 -7 27 8 9 10 -12 29 -14 17 -16 16 -18 18 -20 -21 -22 22 26 24 -26 -27 -28 28 -30 -31
leaf_value=0.0050462699964874454 -0.0072147970822444164 0.056984915693111315 -0.04037030026396321 0.036248623089248762 -0.051001261632351705 0.0095587832853202982 -0.06805616629349874 0.0039769791743549205 -0.1118508307817212 -0.04992436839628115 -0.0043722042633495091 0.0058159654633281651 -0.049045510282429233 -0.013717379460527524 0.047738780531723674 0.042875136490494306 -0.0060170571483997952 0.044662790370779748 -0.016136946957232692 -0.060695920227046452 0.019911115417413461 -0.06311411329085001 0.047988502753301798 -0.098885405520761693 -0.011123961696414707 0.045575570950984044 0.01524989061292876 -0.07207686945019938 0.029289762818849392 0.045583618679717219
leaf_weight=51.289056627185346 4.1683798463782296 2.5218237524677525 6.8046922452813297 2.8056318954913859 3.0866150422953069 3.2537542090285569 4.1147596365553927 17.069932486407204 0.96637098340215644 3.8478852356765882 27.944112754825255 3.341651126742363 2.0457832702668375 13.002442404394975 1.7476706524612371 2.6917100067948949 26.897270090106758 6.6542112125171098 2.709673702785949 1.463303776225074 15.620655211401752 1.1296937660335959 5.5996851385571045 1.1147886782364356 3.750130358745082 4.050498630560468 7.4303619769361831 1.082421078674088 1.1322252976242451 4.5702709842007598
leaf_count=5710 34 58 1360 35 44 40 181 888 32 121 1232 30 48 403 154 32 760 235 288 21 367 437 51 64 283 153 1098 97 15 68
internal_value=0.000850243 0.00379634 -0.00329073 -0.0193233 -0.00269178 -0.019923 -0.0338132 0.00279647 -0.0037978 -0.0128935 -0.00988553 0.00722648 -0.00169754 0.000768223 -0.00623237 -0.00882413 -0.00156933 0.00753653 0.0270689 0.00145742 0.0046349 0.00809802 0.0219448 0.00484133 -0.0312344 0.00801275 0.0293194 -0.0513302 -0.0202538 0.0287875
internal_weight=233.907 136.672 97.2354 19.6438 9.146 6.34037 10.4978 134.15 59.786 32.7584 31.792 27.0276 19.1157 77.5916 38.1413 36.3937 29.589 39.4503 9.36388 30.0864 28.6231 74.3642 14.1597 60.2045 4.86492 55.3396 13.03 6.32941 2.21465 7.91192
internal_count=14339 10273 4066 446 119 84 327 10215 2419 1385 1353 1034 936 3620 2306 2152 792 1314 523 791 770 7796 1586 6210 347 5863 1149 293 112 98
is_linear=0
shrinkage=0.05


Tree=259
num_leaves=19
num_cat=0
split_feature=9 7 1 19 11 19 1 15 19 14 3 2 4 3 19 9 10 8
split_gain=0.916282 0.904521 2.04156 0.82513 2.13246 3.35286 1.72919 1.10398 2.70604 2.15255 0.790001 0.42012 1.54318 0.728777 0.00774693 0.00252763 2.59286e-06 8.25888e-07
threshold=25.500000000000004 9.7558890299480296 0.10021843759488121 2.1777825801545827 0.0040492532523391843 4.5137154671684039 0.72285972251239927 0.069971440228478191 1.2354717755000899 0.069204980842911892 0.19929620331408934 0.57895924829078782 0.37536456538181684 0.5823991314258451 8.7141633160738916 16.500000000000004 3.5000000000000004 -0.37734305668795159
decision_type=2 2 2 2 2 2 2 2 2 2 2 2 2 2 2 2 2 2
left_child=1 2 -1 7 6 -6 -5 8 -4 -9 15 12 14 -14 -12 16 17 -3
right_child=-2 10 3 4 5 -7 -8 9 -10 -11 11 -13 13 -15 -16 -17 -18 -19
leaf_value=-0.056822560166122943 -0.065623995918030503 -0.050553418504015048 -0.0012648375420362872 0.04674974870450644 0.014651474277086771 -0.02040382985798404 -0.008022709635245347 0.005934407560426627 -0.034292247753805905 -0.020111882408654053 -0.052376696576276055 0.05921942304339195 0.014523976662145386 0.072275249764260432 -0.065262992876439913 -0.059653272763226843 -0.050621452618991827 -0.050094565470755338
leaf_weight=1.4989400221966196 0.50566399526724026 0.010827398858964332 74.079284050454589 5.5059828000157713 19.771625183690052 10.413565902061235 1.9517913142335599 95.143941683258163 6.768567739534773 8.6538458583963784 0.33412403717557104 0.99484110837511242 1.2743900290079184 0.95612469129264344 0.17917431890964508 0.13563632965087891 0.036531206322251819 0.10400489914900302
leaf_count=34 9 1 11802 50 319 112 50 1269 213 93 63 15 49 3 1 1 5 235
internal_value=0.0016074 0.00175663 0.00133407 0.00172623 0.00847307 0.00255777 0.0324151 0.000350781 -0.00402989 0.00376287 0.025247 0.0313839 0.0212914 0.0392794 -0.0568748 -0.0546964 -0.0502546 -0.0501378
internal_weight=228.319 227.813 223.788 222.289 37.643 30.1852 7.45777 184.646 80.8479 103.798 4.02565 3.73865 2.74381 2.23051 0.513298 0.287 0.151364 0.114832
internal_count=14324 14315 13942 13908 531 431 100 13377 12015 1362 373 131 116 52 64 242 241 236
is_linear=0
shrinkage=0.05


Tree=260
num_leaves=25
num_cat=0
split_feature=6 5 1 18 15 0 6 8 6 17 7 5 8 8 0 19 9 2 16 1 19 15 7 0
split_gain=1.78287 1.49007 1.22878 1.21655 1.8678 1.5855 1.00132 1.42932 1.00937 0.830586 1.08289 0.739968 0.731443 0.871745 1.13312 0.145242 0.00969355 0.0134801 0.00920747 0.00498365 0.00113555 0.000403306 2.8731e-05 1.35973e-05
threshold=0.15733407427089038 0.35019181444754016 0.10021843759488121 1.5000000000000002 0.93750000000000011 1.000230123974984 0.63165745801181339 1.2814665068036504 0.328871447630603 0.52020408163265319 -0.24783733585794709 0.029482324138965486 -0.37018611142517455 0.074580931905591882 0.99999980854987547 0.38198310920148659 15.500000000000002 0.051724022510004984 0.37638888888888894 0.71037848594885877 0.62538348367033991 0.047394429469901175 1.9388436514070724 0.50300876972466957
decision_type=2 2 2 2 2 2 2 2 2 2 2 2 2 2 2 2 2 2 2 2 2 2 2 2
left_child=9 2 11 6 5 -5 8 -8 -4 10 19 -2 18 -14 -15 -3 17 -11 -12 -1 22 23 -17 -19
right_child=1 15 3 4 -6 -7 7 -9 -10 16 12 -13 13 14 -16 20 -18 21 -20 -21 -22 -23 -24 -25
leaf_value=-0.063547845365960545 -0.0036080086328121926 -0.099614789769793322 -0.00089738745938908312 0.0014994317840259026 -0.051349251250594433 -0.029372044590875213 -0.01182488785734969 0.046310729186342998 0.035243873962442482 -0.061948419945477187 -0.066444473803372206 -0.056758232950973278 0.03320761440941114 0.039744750469799306 -0.062687901166036383 -0.050473274341153979 -0.06409639570250332 -0.0513435972354718 -0.052256700845762963 -0.05654283762452203 -0.055974447614577219 -0.052306234378826866 -0.051569208949058656 -0.050218387458890325
leaf_weight=0.46320191025733926 1.1912143491208547 0.26860004349145938 2.6923444420099276 196.9444828399628 1.7286171689629544 4.248745788998348 5.3150370751973233 1.3198074274696407 6.8399100080132484 0.41837012011092134 0.22157520661130581 1.4543653386645017 1.5842156936269014 0.43382979089801665 0.71486256887146715 0.11791969480691478 0.31805813312530506 0.02839866036083516 0.23631578360073036 0.56192316558372113 0.22545808739960194 0.46490504219764262 0.12134073875495233 0.49194562728462221
leaf_count=3 8 7 25 11985 14 1074 59 132 48 9 4 35 29 18 41 36 2 4 37 38 4 30 6 695
internal_value=8.84847e-05 0.00081017 0.0010455 0.00145451 0.000402851 0.000847496 0.0146545 -0.000260514 0.0250359 -0.0269514 -0.0150009 -0.0328265 -0.000637547 0.00916139 -0.0240019 -0.0703455 -0.0562149 -0.054429 -0.0591222 -0.059708 -0.0534283 -0.051236 -0.0510291 -0.0502798
internal_weight=228.405 222.468 221.735 219.089 202.922 201.193 16.1671 6.63484 9.53225 5.9376 4.21592 2.64558 3.1908 2.73291 1.14869 0.733319 1.72168 1.40362 0.457891 1.02513 0.464719 0.985249 0.23926 0.520344
internal_count=14343 13433 13380 13337 13073 13059 264 191 73 910 170 43 129 88 59 53 740 738 41 41 46 729 42 699
is_linear=0
shrinkage=0.05


Tree=261
num_leaves=29
num_cat=0
split_feature=7 1 5 16 4 16 8 17 1 1 16 4 2 7 19 4 1 3 4 15 0 2 2 1 5 8 8 3
split_gain=1.02268 1.56376 1.33758 0.987909 1.9474 3.17116 2.5254 1.96998 1.64136 3.53176 3.6836 3.21565 3.1205 1.89353 1.35918 3.26508 1.6587 0.902183 1.78447 0.713348 0.409905 0.131245 0.223543 0.00562729 0.0033713 0.000651886 8.29223e-05 2.40271e-05
threshold=9.7558890299480296 0.10021843759488121 0.10476924618419146 0.025751547303271446 0.51833380904852178 0.13172353961827649 -0.17787770903501834 0.23861283643892342 1.1049726468453904 0.98806327284726037 0.020942982456140354 0.30970043606228304 0.44112924189349406 0.33829033783854695 1.5367321187396386 0.46093397704624695 0.66471074773163552 0.43151404720194447 0.18540882285124338 0.29217479674796754 0.69999816845880403 0.6032924963757883 0.60425287134507133 0.10021843759488121 0.11170573639713863 -0.29375189612690783 -0.58769235627512562 0.3504523981630413
decision_type=2 2 2 2 2 2 2 2 2 2 2 2 2 2 2 2 2 2 2 2 2 2 2 2 2 2 2 2
left_child=1 -1 17 8 14 6 -6 -7 9 12 -11 13 -3 -10 15 -5 -16 18 21 -13 -4 -2 -23 -20 -22 -25 -26 -28
right_child=2 3 20 4 5 7 -8 -9 11 10 -12 19 -14 -15 16 -17 -18 -19 23 -21 24 22 -24 25 26 -27 27 -29
leaf_value=-0.056680659081669207 0.062911510033051107 0.0026549403534697775 0.049403829660836965 -0.0055209716242260723 0.0370868586119538 -0.0046180667949791941 -0.061579057029635523 0.027014726511356869 0.0066864564257670817 -0.024988933087654718 0.058550321506562322 0.044596065516751146 0.038932675084811047 -0.05580814516003333 -0.016301518628157284 -0.04163386922809624 0.0091499438109087141 0.064720112747536432 -0.064247197121242355 0.011181482502549763 -0.05919367815393424 0.053136369961533869 -0.050251751866118501 -0.055071642718369632 -0.05322577647887964 -0.051021526352183037 -0.050465555783933275 -0.051478309910487366
leaf_weight=1.2172188763506699 0.76142941415309884 37.661699738198877 0.1123868448776193 77.565581968763581 0.882529982220149 7.2495412901189438 2.4460560670595468 15.328743080339335 5.6445755118129481 16.068558522738389 1.4376242681537394 7.5436544618860335 7.0349033318088905 1.5435089875718402 8.3548603452654771 6.8084562916119458 27.380143256123119 1.6588474687305277 0.17258024215698231 2.0262621999718249 0.26236864924430836 0.16662293672561646 0.076189921994227916 0.26047924626618624 0.056932523846626282 0.16061311193971051 0.091334390994234127 0.16322725109057501
leaf_count=31 2 930 3 4397 76 281 271 413 665 4418 331 163 723 131 137 483 441 38 1 23 2 1 120 4 1 72 119 8
internal_value=0.000278945 -0.000161123 0.0255238 0.000144671 -0.00229182 0.0101412 -0.0354191 0.0168579 0.00465028 0.000908551 -0.0181286 0.018539 0.00836478 -0.00673311 -0.00497356 -0.00843506 0.00319938 0.0388917 0.0120784 0.0375211 -0.0379168 0.0527041 0.0206952 -0.0566432 -0.0550179 -0.0535268 -0.0515007 -0.0511149
internal_weight=230.137 226.194 3.94301 224.977 146.016 25.9069 3.32859 22.5783 78.9608 62.2028 17.5062 16.758 44.6966 7.18808 120.109 84.374 35.735 3.25676 1.59791 9.56992 0.68625 1.00424 0.242813 0.593673 0.573863 0.421092 0.311494 0.254562
internal_count=14285 13914 371 13883 6499 1041 347 694 7384 6402 4749 982 1653 796 5458 4880 578 238 200 186 133 123 121 77 130 76 128 127
is_linear=0
shrinkage=0.05


Tree=262
num_leaves=31
num_cat=0
split_feature=7 19 0 7 4 8 6 4 11 5 4 5 18 0 5 8 4 10 5 8 8 2 6 3 8 7 18 4 3 6
split_gain=1.24978 1.99032 1.56552 1.46598 1.62844 1.97679 2.10132 1.96131 1.85642 1.33068 3.02453 4.16096 3.25895 3.07499 2.67579 2.40659 1.74637 1.70651 1.68522 1.67332 3.08963 2.74306 1.22981 1.16912 1.40519 1.02308 1.01303 2.58522 0.465325 0.410948
threshold=0.69813284642938445 0.35300020676557381 1.2082988123439498 0.7215531905028697 0.52131264386247544 0.74594613778068453 0.51596848651616278 0.17663909180878429 0.11310150197629869 0.073912760790656604 0.30970043606228304 0.10582385076528171 32.500000000000007 0.69825256127088819 0.06155933848504816 1.3852484496582937 0.32978932997759652 4.5000000000000009 0.086743710087794898 1.3089136307907405 0.44316076252336772 0.041867960512248524 0.45858371619022259 0.18180158403184682 0.39721576983734047 2.6706599350452187 41.500000000000007 0.21603839849334919 0.18203560199612887 0.75882775855786877
decision_type=2 2 2 2 2 2 2 2 2 2 2 2 2 2 2 2 2 2 2 2 2 2 2 2 2 2 2 2 2 2
left_child=1 2 -1 -2 5 6 8 -8 -5 14 12 15 13 -11 19 -12 -13 22 -14 20 -3 -21 -16 24 -6 28 27 -7 -25 -4
right_child=3 9 29 4 23 26 7 -9 -10 10 11 16 18 -15 17 -17 -18 -19 -20 21 -22 -23 -24 25 -26 -27 -28 -29 -30 -31
leaf_value=-0.062803772784542009 0.051729741158786924 -0.0029906568067081195 -0.016365256480605172 0.0095100627469693992 0.041152587821524561 0.05300317072243052 -0.054797073492933848 0.027482812826147941 -0.030210649871267332 -0.056767257184247112 -0.037544973129627734 -0.080168726616213257 0.01568687515897093 0.018582943494371045 0.015582472787947266 0.023087168463442432 -0.0011249078962790513 -0.02036926661717205 -0.063533694462488022 0.052398654408741523 0.020481827603634872 -0.038994059893664695 0.051981508363255727 0.066228497846939655 -0.056105076700788396 -0.0063241971058646089 -0.061567086364168633 -0.031976728175613034 0.033780672543419731 0.040168441456775922
leaf_weight=2.3112985408370146 1.8549785030190822 60.340811335038779 0.87163590697309679 6.9157381922177645 0.63944441956846076 1.1447618948950538 0.77417845676973129 11.234099402412538 5.1189201098386548 1.4356849028845342 16.325954128966263 0.71158648599521157 0.96429312787222388 23.794712752183845 4.347957725520244 1.8189092206448538 38.833339176344452 1.635036518331616 2.2094551195514214 0.9749189019203176 18.262401198000589 5.2008580453311879 4.9768488470253942 1.4266235079849137 0.88593922712243511 1.3866213160654295 1.3808137172527493 4.1013822253444232 4.8995956087019295 0.50925598293542862
leaf_count=58 47 6399 59 801 17 14 236 473 132 45 337 13 65 277 120 55 2193 15 567 13 643 300 135 5 312 27 457 449 90 6
internal_value=0.000464345 -0.00129477 -0.037638 0.00827888 0.00625924 0.000716001 0.00738034 0.0221782 -0.00738507 -0.000556803 -0.00506734 -0.0116432 0.0082885 0.0142953 0.00349933 -0.031467 -0.00254725 0.0267478 -0.0394638 0.000493879 0.00246286 -0.0245666 0.0350094 0.0246622 -0.0153344 0.0325724 -0.0234626 -0.0134333 0.041098 0.00448368
internal_weight=227.288 185.525 3.69219 41.7631 39.9081 30.6699 24.0429 12.0083 12.0347 181.833 86.0939 57.6898 28.4041 25.2304 95.7388 18.1449 39.5449 10.9598 3.17375 84.779 78.6032 6.17578 9.32481 9.23822 1.52538 7.71284 6.62696 5.24614 6.32622 1.38089
internal_count=14360 11300 123 3060 3013 2562 1642 709 933 11177 3552 2598 954 322 7625 392 2206 270 632 7355 7042 313 255 451 329 122 920 463 95 65
is_linear=0
shrinkage=0.05


Tree=263
num_leaves=29
num_cat=0
split_feature=6 5 15 11 1 7 1 8 5 5 5 16 3 5 3 8 5 15 3 1 18 15 15 17 15 15 15 4
split_gain=1.36809 1.37028 1.00215 0.974859 0.828499 0.804471 1.48842 0.924144 0.920352 2.81486 1.95102 0.861523 0.816564 0.77179 0.665564 1.20535 0.641485 0.312333 0.927983 0.087202 0.160665 0.0647213 0.00863948 0.00846054 0.0014438 8.64733e-05 2.62126e-06 9.56131e-07
threshold=0.15733407427089038 0.025579981443260902 0.93750000000000011 0.084788017504031685 1.3747328743224647 9.7558890299480296 0.10021843759488121 2.6060151274871912 0.0073056266421363475 0.0092843037025601271 0.0031411040062997862 0.55662393162393176 0.19307664484759565 0.0092843037025601271 0.5823991314258451 0.056560808967078179 0.30651397954404752 0.050316455696202543 0.43151404720194447 1.3026124401731221 8.5000000000000018 0.16515151515151519 0.15450928381962867 0.99528301886792458 0.15047169811320757 0.047394429469901175 0.013245614035087722 0.50539547789330597
decision_type=2 2 2 2 2 2 2 2 2 2 2 2 2 2 2 2 2 2 2 2 2 2 2 2 2 2 2 2
left_child=1 3 16 13 22 6 -2 8 10 -10 -8 12 -9 25 15 -7 21 18 -17 20 -15 23 24 -3 -5 26 -1 -13
right_child=5 2 -4 4 -6 14 7 11 9 -11 -12 27 -14 19 -16 17 -18 -19 -20 -21 -22 -23 -24 -25 -26 -27 -28 -29
leaf_value=-0.050153588923300879 -0.056210060803576205 -0.052845161937464337 0.044116458871668096 -0.051024207345664208 0.0242755211194059 -0.035627547447898734 0.0011701135965345917 -0.050325234360102493 -0.052853849552881443 -0.00037533655853035498 0.02991451781483136 -0.050083046725383343 0.040503027901946195 0.054305844606297837 0.058762906357838735 -0.057680615754507447 0.033974513087434002 0.061771104385859324 0.051900439499097985 0.063070610105196531 0.0045186759492291811 -0.070807099762557876 -0.064765073057793748 -0.061226538077150963 -0.058150209368581264 -0.052193556905767484 -0.050748618363143864 -0.050280421389891944
leaf_weight=0.12828373185857289 1.1552783702500153 1.2125566868435282 0.28020113147795189 0.17329378524300387 0.4496063314982166 0.89896213472820807 24.839263079011289 0.26905749870093121 2.592341462870535 178.58561912073674 7.7436822015915814 0.26158087194926327 3.081342522331397 0.43260054290294625 1.0109669606172245 0.28285152311582329 0.18939575453987334 0.70065579563379288 0.6095564882416511 0.4996245272050146 0.25908962129688007 1.0652497498667797 0.49635663628578186 0.40056414662831219 0.12051361054182053 0.090966411517001688 0.02162923426112684 0.080161839083302766
leaf_count=278 31 369 2 84 22 12 5212 166 315 6772 458 255 76 2 7 63 16 3 32 3 61 10 3 53 1 4 14 23
internal_value=0.000146634 -0.0237839 -0.0461358 0.00254999 -0.0299106 0.00077368 0.000392767 0.000693485 0.000265102 -0.00112621 0.00800153 0.0254952 0.033209 0.0306493 0.024545 0.0106635 -0.0549541 0.0367854 0.0171684 0.0471539 0.0356568 -0.0612425 -0.0607426 -0.0549264 -0.0539471 -0.0509774 -0.0502394 -0.0501293
internal_weight=227.931 5.81993 3.14797 2.67196 1.23977 222.111 218.608 217.453 213.761 181.178 32.5829 3.69214 3.3504 1.43219 3.50299 2.49203 2.86777 1.59306 0.892408 1.19131 0.69169 2.67837 0.790164 1.61312 0.293807 0.240879 0.149913 0.341743
internal_count=14347 922 450 472 110 13425 13308 13277 12757 7087 5670 520 242 362 117 110 448 98 95 66 63 432 88 422 85 296 292 278
is_linear=0
shrinkage=0.05


Tree=264
num_leaves=31
num_cat=0
split_feature=6 11 1 15 7 4 18 4 1 11 11 19 17 7 7 5 5 18 8 2 2 8 12 5 1 8 9 2 8 1
split_gain=1.04032 1.73416 2.49154 2.43144 2.00785 1.54119 3.02598 1.92555 2.35162 2.12675 1.98151 1.78304 1.71835 1.48642 2.08722 1.9757 2.69664 3.12392 2.67211 1.95459 3.01296 4.43388 2.52112 2.47989 2.47546 2.27938 1.95677 1.93999 2.53576 1.89847
threshold=0.62610114704478881 0.2156950842406623 1.101326372545042 0.133974358974359 0.785135656197398 0.41277704675213189 13.500000000000002 0.36511661803800305 0.91890950459675824 0.092378654122412071 0.14939617623098336 0.62538348367033991 0.96407056798623081 0.11394342374582715 0.12875172794135498 0.030913446463790597 0.01577841084655705 9.5000000000000018 0.20427727673448706 0.58755973117803451 0.44112924189349406 -0.58769235627512562 1.5000004691927546 0.028374167049632356 2.1365178262240221 -0.34429611182886427 7.5000000000000009 0.47199350173622517 0.49960294560103313 1.0755888533960996
decision_type=2 2 2 2 2 2 2 2 2 2 2 2 2 2 2 2 2 2 2 2 2 2 2 2 2 2 2 2 2 2
left_child=13 5 4 -4 -3 7 11 8 9 -2 -9 -7 -10 19 -15 16 18 -18 -16 20 22 -22 23 -1 25 26 -21 29 -29 -17
right_child=1 2 3 -5 -6 6 -8 10 12 -11 -12 -13 -14 14 15 27 17 -19 -20 24 21 -23 -24 -25 -26 -27 -28 28 -30 -31
leaf_value=0.026039414132104935 -0.0040138426752979557 -0.066185885839582709 -0.034302742819678697 0.044663810539656623 0.01847555183267743 -0.0049161560519670596 -0.044740228172485463 0.050682505495064895 0.019062882205847138 -0.083298346352848551 -0.019513969058860131 0.027856778829736292 -0.050437462099561084 -0.064436565490923553 0.015523466447663267 -0.00064117680145713322 -0.0079112491032684272 -0.071856331297781087 -0.0256893979608461 -0.054281122520574536 -0.076310876362815167 0.031142713340265832 -0.064111280677084423 -0.0014080320113519465 0.048626001015313995 -0.045558100729899992 0.029223117038141733 -0.0023501327233551115 -0.075105556434810497 0.024770327451988639
leaf_weight=9.8557632205192913 4.3024684919982965 2.759376436584716 1.6570149201397724 2.3677005018107593 0.93852386426442524 11.090686663395905 3.3088167611858799 6.0927315305743823 25.967184153189013 1.0527950804680584 1.2039857438940087 6.6319077098742119 0.92090028303209592 1.4761768687931169 8.1816539490082523 29.422643760515712 3.7497486816719166 3.8927800748861046 7.5739843864012064 0.97149548797460683 1.0185716089908989 16.701676490272803 1.4276896734954778 49.87089424513033 1.2837969605752722 5.5295544301261534 2.5248611653223634 3.6603821156240874 1.7800016294931991 9.7973586470452556
leaf_count=164 270 146 120 40 45 499 613 113 2093 21 24 89 953 293 626 1458 42 550 2790 52 15 328 19 1177 46 866 19 454 177 173
internal_value=0.00208363 0.00724364 -0.0150702 0.0121525 -0.0446989 0.0100886 -0.00084717 0.0159053 0.0106563 -0.0196004 0.0390998 0.00734768 0.0166825 -0.00013663 -0.00561649 -0.00434069 -0.0161102 -0.0404822 -0.00428821 0.00413588 0.00681201 0.0249662 0.00155161 0.00312119 -0.016338 -0.0255781 0.00602068 0.00182552 -0.0261545 0.00570675
internal_weight=227.013 68.2941 7.72262 4.02472 3.6979 60.5715 21.0314 39.5401 32.2433 5.35526 7.29672 17.7226 26.8881 158.719 69.5347 68.0586 23.3982 7.64253 15.7556 89.1843 78.8746 17.7202 61.1543 59.7267 10.3097 9.02591 3.49636 44.6604 5.44038 39.22
internal_count=14275 5026 351 160 191 4675 1201 3474 3337 291 137 588 3046 9249 6563 6270 4008 592 3416 2686 1703 343 1360 1341 983 937 71 2262 631 1631
is_linear=0
shrinkage=0.05


Tree=265
num_leaves=22
num_cat=0
split_feature=5 5 17 17 17 1 19 3 6 6 3 0 17 3 6 7 7 6 1 19 2
split_gain=1.34648 0.953334 1.28006 1.13979 3.01266 2.56509 2.24442 1.64488 3.3577 1.73943 1.54286 1.54347 1.65877 0.868307 0.799873 0.733555 0.267645 0.223314 0.124671 0.000869827 1.64826e-05
threshold=0.35019181444754016 0.30651397954404752 0.81725599669148064 0.89893315174214061 0.78538050734312426 1.0102119289091285 0.48936933509504094 0.33050075855130473 0.2362918661098288 0.62287279572149734 0.5823991314258451 0.69999816845880403 0.9157260621433102 0.42245912240221611 0.68490078473331961 -0.33090526808927079 -0.044935888305028905 0.47147267274182258 0.99997894091970763 0.62538348367033991 0.0069852315619441082
decision_type=2 2 2 2 2 2 2 2 2 2 2 2 2 2 2 2 2 2 2 2 2
left_child=1 3 14 4 7 13 -7 8 -1 -9 11 15 -13 -6 17 -5 -4 -3 19 20 -2
right_child=18 2 16 10 5 6 -8 9 -10 -11 -12 12 -14 -15 -16 -17 -18 -19 -20 -21 -22
leaf_value=0.01506155397090924 -0.051411299436320647 -0.019941310353592579 0.0077419801720409742 0.0062945350353552677 -0.038121664257098731 0.031581532993927179 -0.026368823036927502 9.5534600217326765e-05 -0.0098800726670645773 0.015103944904408318 -0.034529566960437678 0.038899868592069869 0.0017965695664257958 -0.081807685117754325 0.05968493557758725 0.050179445555424168 -0.056429839935810494 0.028239402132510513 -0.096842087647118338 -0.055467523827667592 -0.050566740652727843
leaf_weight=16.823607993468613 0.11033201985992391 0.48965653465711501 0.24995793696143664 1.3370492582325821 3.7633771554992546 2.5855219465265691 4.722833225310751 62.260212032513664 68.174930204881093 27.981699067342561 1.985513042367528 3.4395072795123296 24.253768858462536 1.6301271422198622 1.8977618637145495 3.3085143410135052 0.46429789547255484 0.47263096274400596 0.26063341129338369 0.20048394682817161 0.12126642311341129
leaf_count=627 8 34 16 12 1491 200 739 761 2484 613 39 633 6384 137 14 58 33 11 4 4 38
internal_value=7.22243e-05 0.000285715 0.025903 -0.00012624 -0.00165639 -0.0251699 -0.00586737 4.79254e-05 -0.00494342 0.00474926 0.00825206 0.0108787 0.0064048 -0.0513253 0.040856 0.0375488 -0.0339725 0.00372282 -0.0695307 -0.0530563 -0.0509691
internal_weight=226.534 225.841 3.57431 222.267 187.942 12.7019 7.30836 175.24 84.9985 90.2419 34.3244 32.3388 27.6933 5.3935 2.86005 4.64556 0.714256 0.962287 0.692716 0.432082 0.231598
internal_count=14340 14286 108 14178 7052 2567 939 4485 3111 1374 7126 7087 7017 1628 59 70 49 45 54 50 46
is_linear=0
shrinkage=0.05


Tree=266
num_leaves=31
num_cat=0
split_feature=7 19 15 1 19 5 19 9 18 2 17 1 18 7 19 7 0 0 7 10 5 5 12 7 1 17 15 5 15 15
split_gain=0.954554 2.45419 1.35229 1.2661 0.95655 2.26722 1.93527 2.30455 2.4823 3.46872 2.20463 1.62756 2.62957 2.29628 1.84539 1.41467 1.37256 3.41843 3.10328 1.98697 2.58379 1.95536 1.73146 1.17341 1.13362 1.0159 0.159281 0.134226 0.0327583 1.0338e-05
threshold=-1.0061724284617068 0.58462825021395537 0.12326685660018995 0.99999957465430922 0.48165195541355016 0.00014072617674185564 0.51450521080165612 3.5000000000000004 27.500000000000004 0.64693781908820669 0.99528301886792458 0.86813674545092157 2.5000000000000004 -0.37690105055535078 0.4769719456753671 1.2414405030374527 0.99600798452680117 0.73212339746711763 -0.45132870619760879 5.5000000000000009 0.013184522491654542 0.065829763225480634 1.2499985716002617 0.090098166016035444 0.88787115702013997 0.9157260621433102 0.13100686498855837 8.2901100707209978e-06 0.11024305555555557 0.012121657361151927
decision_type=2 2 2 2 2 2 2 2 2 2 2 2 2 2 2 2 2 2 2 2 2 2 2 2 2 2 2 2 2 2
left_child=1 3 -3 -1 5 26 7 10 -9 -10 27 12 13 -7 23 -14 17 18 -8 21 -21 -18 -19 -13 -12 -16 28 -6 29 -2
right_child=4 2 -4 -5 6 11 16 8 9 -11 24 14 15 -15 25 -17 19 22 -20 20 -22 -23 -24 -25 -26 -27 -28 -29 -30 -31
leaf_value=-0.076028324154200577 -0.050097454804467423 8.6198370607174131e-05 0.053967574459999883 0.016963357817969024 -0.087826778522077598 0.043596571412024873 -0.023817665823308017 0.063668178324046379 -0.044739435093472231 0.052303965753466214 0.029311613054382735 -0.0042708367530088108 -0.040611083208694422 -0.0032448273911470623 0.060547367480025344 0.032493889869537336 0.011049533305735059 -0.053514121935432452 0.0055090320647407549 -0.063163065051593137 -0.0028457161337528854 -0.0029738002981442172 0.013127994994984744 0.021351693385583338 -0.053460322728226185 -0.050171654016423678 -0.10430919439572846 -0.051643716263450538 -0.073672638542205154 -0.050693844368248822
leaf_weight=0.87276109918093314 0.37841242284412047 1.7693936607392968 3.4061558814719319 0.63043688882316928 0.2689027062187942 3.6670911527471626 12.129036673140943 1.3517005220055578 2.9160668325930601 1.3457943571647772 1.5144917004072342 7.1204790764713897 4.9002649319372713 9.1317244368692627 2.9760985934080959 0.7650797315800445 58.398317998187849 5.1837985139354705 35.197866091191827 2.4602949949112354 6.3785093747719657 43.280776012214119 1.2003585410129742 11.996542483528172 0.56910054068066518 0.22268161010470056 0.24957333505153656 5.4736195520235924 0.21807417273521423 0.089932055772806052
leaf_count=26 897 24 35 25 41 23 115 6 155 103 25 537 328 325 169 34 3119 366 594 74 86 1270 20 2447 198 265 1 3040 1 35
internal_value=0.000590996 0.0192123 0.0355469 -0.0370279 2.41046e-05 0.00683768 -0.0015757 -0.0198174 0.00462942 -0.0140954 -0.0373528 0.00860363 -0.00237774 0.0101761 0.0176897 -0.0307386 -8.28887e-05 -0.00663974 -0.00200687 0.0031037 -0.0196351 0.00508035 -0.040984 0.0118081 0.00670376 0.0528397 -0.0701025 -0.053338 -0.0576654 -0.050212
internal_weight=226.063 6.67875 5.17555 1.5032 219.385 41.716 177.669 13.4397 5.61356 4.26186 7.82611 40.78 18.4642 12.7988 22.3158 5.66534 164.229 53.7111 47.3269 110.518 8.8388 101.679 6.38416 19.117 2.08359 3.19878 0.935992 5.74252 0.686419 0.468344
internal_count=14384 110 59 51 14274 5062 9212 3568 264 258 3304 4128 710 348 3418 362 5644 1095 709 4549 160 4389 386 2984 223 434 934 3081 933 932
is_linear=0
shrinkage=0.05


Tree=267
num_leaves=23
num_cat=0
split_feature=1 8 1 6 15 8 8 3 1 19 6 19 16 18 9 3 19 16 8 11 6 4
split_gain=1.70317 1.2814 1.27593 1.10602 1.06904 0.991525 1.19386 1.97469 1.95846 1.1773 2.32052 1.61493 0.888199 0.850044 0.940754 0.749986 0.209852 0.0742178 0.00169662 8.14737e-06 4.3507e-06 6.47837e-07
threshold=1.7184139415223687 0.28409613289680041 0.10021843759488121 0.1787298183248501 0.1181455633100698 2.6060151274871912 1.3852484496582937 0.52993420370264011 0.69582264614216138 2.1777825801545827 0.51210689544677745 0.99115816246793997 0.55662393162393176 32.500000000000007 6.5000000000000009 0.19307664484759565 0.44936892213496371 0.057831661092530663 -0.44684191259026701 0.20812116853451826 0.21734569048640706 0.50539547789330597
decision_type=2 2 2 2 2 2 2 2 2 2 2 2 2 2 2 2 2 2 2 2 2 2
left_child=2 3 -1 -2 13 6 9 8 -8 11 -11 -4 15 -5 -15 19 -17 -6 -19 -7 -14 -22
right_child=1 -3 5 4 17 12 7 -9 -10 10 -12 -13 20 14 -16 16 -18 18 -20 -21 21 -23
leaf_value=-0.041353671628720813 -0.018567282568104481 -0.01682756348243971 0.00073954878798873939 0.041637532249912595 0.037298307931438623 -0.050161341960650675 0.010534448386956431 0.047558020510047087 -0.036732176124028432 -0.0017308686167105992 0.025614896312750542 -0.011236150585220138 -0.050865315667285721 -0.054001612017955662 0.017573394695417879 0.055197196453146739 0.028426588582168663 0.052870207384685064 0.050710784572562485 -0.050941417095165642 -0.050080268594085042 -0.05025297164389822
leaf_weight=1.9535594163462509 1.1806736092548806 2.0718837370827705 119.77728231687524 1.355978243722346 1.1786591345444319 0.20501836517905747 3.0737096332595666 1.0871581807732571 7.6357105152546865 21.240051320099155 12.222027888914452 36.799933628950384 0.020597450202330836 0.7462055960240831 1.1931294754613189 1.3567335586412812 1.5898883149548053 1.7215462746098635 1.9285904128337281 0.040003355708904564 0.26063387621252332 0.068591042421758175
leaf_count=39 27 38 11310 28 22 224 32 11 795 309 186 625 4 113 25 14 75 23 59 5 277 21
internal_value=-0.000102638 0.0187335 -0.00113621 0.0266518 0.0332235 -0.000753664 -0.00121386 -0.0166483 -0.0231662 -0.000255769 0.00825717 -0.00207507 0.0254736 0.0112677 -0.0099668 0.0337635 0.0407528 0.0482068 0.0517293 -0.0502887 -0.0501604 -0.0501162
internal_weight=218.708 11.3767 207.331 9.30478 8.12411 205.377 201.836 11.7966 10.7094 190.039 33.4621 156.577 3.54147 3.29531 1.93934 3.19164 2.94662 4.8288 3.65014 0.245022 0.349822 0.329225
internal_count=14262 335 13927 297 270 13888 13268 838 827 12430 495 11935 620 166 138 318 89 104 82 229 302 298
is_linear=0
shrinkage=0.05


Tree=268
num_leaves=25
num_cat=0
split_feature=5 11 11 1 8 8 11 1 16 0 17 3 1 11 18 15 1 6 19 19 5 1 19 18
split_gain=1.24438 0.97964 1.79024 2.21123 2.14486 3.79197 3.08819 2.1485 2.02657 3.60207 1.75929 1.54398 1.44737 1.77792 2.30719 3.89482 1.67328 1.3312 2.44604 1.85542 1.20906 0.104114 0.000699775 1.57305e-05
threshold=0.35019181444754016 0.14465586372026906 0.15725419837105456 1.9281085200795962 -0.35747395171466556 -0.54280639795109298 0.19111449935706573 1.5927989178833024 0.24688317685085426 0.90597971050851256 0.12731481481481485 0.32431244694329558 2.4889299632725064 0.11845207103237507 24.500000000000004 0.15831244778613202 0.93026821970506524 0.73576623743230651 0.62538348367033991 0.86370314655063052 0.044441503636977256 0.99999957465430922 0.62538348367033991 1.5000000000000002
decision_type=2 2 2 2 2 2 2 2 2 2 2 2 2 2 2 2 2 2 2 2 2 2 2 2
left_child=1 12 3 11 5 7 -7 -4 9 -6 -10 20 13 17 16 -16 -15 19 -19 -1 -3 22 23 -2
right_child=21 2 4 -5 8 6 -8 -9 10 -11 -12 -13 -14 14 15 -17 -18 18 -20 -21 -22 -23 -24 -25
leaf_value=0.0040373121113317706 -0.051393548401292913 -0.028952259789504615 -0.0084976173198497342 0.041397643236433995 -0.042038539537656024 0.011891734046876691 -0.067825647287986776 0.043412390390335703 -0.031052969412975723 0.0058628293921042691 0.036376715906816494 -0.011055333411602844 -0.072381031205517754 -0.0016018479521124852 -0.052330835168802839 0.048525941025938414 0.052851583252108536 -0.0012365033514872821 0.030442729606547727 -0.0091716534078778323 -0.085990079680454301 -0.093733921974988713 -0.055027884655447584 -0.050525250588627293
leaf_weight=69.750449250036127 0.091951355803756907 1.7613655359618854 16.18454706126068 1.0232783127576111 4.5093658886180483 1.6437060616153747 4.6568739188805921 2.273279289569472 1.1192770379420816 30.264915872478014 7.1255337547408999 3.0466772137151565 0.6415236420580176 1.9102207569521832 2.227521596836596 1.6785548422485588 5.3958151240367442 14.907868789367059 10.305489978942203 42.959583404142904 1.9662915852532021 0.25149511109339073 0.19883978483267128 0.12053888230002485
leaf_count=8117 8 105 174 19 117 46 110 43 25 1368 138 37 13 34 314 21 71 2459 204 857 35 3 5 37
internal_value=1.72294e-05 0.000218438 -0.0044225 -0.0271106 -0.0018123 -0.0135368 -0.0470288 -0.00210434 0.00493543 -0.000348796 0.0272228 -0.0374589 0.00256018 0.00288255 0.02203 -0.00898974 0.0386143 0.00132601 0.0117118 -0.000997303 -0.059039 -0.0683911 -0.052896 -0.050901
internal_weight=226.015 225.352 75.5751 7.79761 67.7775 24.7584 6.30058 18.4578 43.0191 34.7743 8.24481 6.77433 149.777 149.136 11.2121 3.90608 7.30604 137.923 25.2134 112.71 3.72766 0.662825 0.41133 0.21249
internal_count=14360 14307 2217 196 2021 373 156 217 1648 1485 163 177 12090 12077 440 335 105 11637 2663 8974 140 53 50 45
is_linear=0
shrinkage=0.05


Tree=269
num_leaves=31
num_cat=0
split_feature=6 8 5 7 8 6 17 19 7 19 7 17 18 17 16 7 3 19 11 18 11 7 3 8 10 19 7 8 2 19
split_gain=1.00429 2.70983 2.35379 2.62815 3.64357 2.28723 2.07542 2.04218 1.95227 2.64539 1.94063 1.72576 3.21193 2.05879 2.60209 1.71063 1.63623 1.16484 1.95292 1.23178 1.15386 1.13087 1.8615 1.42762 0.668535 0.640773 0.582649 0.376073 0.292335 0.14766
threshold=0.2362918661098288 1.8001986747296179 0.0011146333482530385 0.82783585594723108 -0.27715675281909663 0.24260076994504551 0.25357142857142861 0.67254193223561287 -1.0061724284617068 0.58462825021395537 1.1244935545830679 0.64733893557422983 16.500000000000004 0.43050193050193059 0.18230694037145653 -0.57706482529811243 0.28842063355290043 5.7405072904009726 0.007163164219385309 4.5000000000000009 0.11310150197629869 1.2765936031182104 0.39729962317772166 1.2044615308950377 6.5000000000000009 1.1792875986530331 -0.23055792187531157 1.3089136307907405 0.43657909966761771 0.4769719456753671
decision_type=2 2 2 2 2 2 2 2 2 2 2 2 2 2 2 2 2 2 2 2 2 2 2 2 2 2 2 2 2 2
left_child=1 2 3 7 -5 6 -2 27 9 20 17 13 16 15 -15 -4 -13 19 -19 -10 -7 23 -23 -12 -14 29 -3 -1 -9 -8
right_child=5 26 11 4 -6 8 25 28 10 -11 21 12 24 14 -16 -17 -18 18 -20 -21 -22 22 -24 -25 -26 -27 -28 -29 -30 -31
leaf_value=-0.059611982387733048 0.038385985256773267 -0.14864474988858958 0.042840827994015611 -0.41430610322516492 -0.050777484866374893 0.018750964086332325 -0.021211663170089698 0.050337276481363963 0.0052527244451923815 0.050697308927935607 0.046626962652920552 0.041700018572316831 -0.056573052912503419 0.045979195551633628 -0.0035984346199613225 -0.0030835687302411068 -0.016779093882981464 0.011746142680583325 -0.056211488809523064 -0.0052582667348259936 -0.075960970627797941 -0.010931720682835485 0.025947476561157996 -0.053221243505061383 0.051073764964220759 -0.13101320052811602 -0.055637895548690156 -0.13715070741182001 -0.0015776503206675391 -0.070010020790571878
leaf_weight=0.48022201238109063 0.45696139964274962 0.23841725382953882 2.4595695844036518 0.10619293787749484 0.19641557681097754 0.59872971803269937 0.18963325569347922 0.53685855225194223 36.283154349133838 3.7892656890908256 3.6922010116177288 2.7435962157051099 2.6790820979695131 9.6854769322089833 3.6417429758803328 11.548917535928924 2.120731377392076 1.7670447636046436 2.6315900823101401 120.2519089238067 0.69469428691081703 7.0444851399024611 6.6534090593268047 0.39642885683861084 0.15243878471665073 0.4788254597224294 0.57331007532502454 0.23188888923323248 0.54792083294159966 0.84934742002224084
leaf_count=375 10 3 22 2 203 36 31 10 475 48 207 55 874 78 161 309 36 16 34 9722 9 838 338 147 4 4 165 3 30 70
internal_value=5.02908e-06 0.00741779 0.00939345 -0.0420296 -0.178349 -0.00150894 -0.0550327 -0.0190725 -0.000933879 0.0296226 -0.00180289 0.0124753 -0.00844016 0.0183637 0.0324318 0.0049797 0.0162045 -0.003535 -0.0289112 -0.00282193 -0.0321185 0.0138694 0.00698143 0.0369458 -0.0507777 -0.083158 -0.0829555 -0.0848614 0.0241151 -0.0611034
internal_weight=223.72 37.9428 37.1311 2.0995 0.302609 185.778 1.97477 1.79689 183.803 5.08269 178.72 35.0316 7.69585 27.3357 13.3272 14.0085 4.86433 160.934 4.39863 156.535 1.29342 17.7865 13.6979 4.08863 2.83152 1.51781 0.811727 0.712111 1.08478 1.03898
internal_count=14315 2330 2162 623 205 11985 115 418 11870 93 11777 1539 969 570 239 331 91 10247 50 10197 45 1530 1176 354 878 105 168 378 40 101
is_linear=0
shrinkage=0.05


Tree=270
num_leaves=26
num_cat=0
split_feature=7 7 19 16 0 17 11 7 19 1 16 1 7 7 4 12 17 3 8 1 3 15 10 8 3
split_gain=1.11667 1.75137 2.66363 3.44134 2.79742 2.34539 2.00633 1.28965 1.24358 1.09596 1.05591 2.21556 2.76763 2.33709 0.982083 2.37799 1.79268 1.60789 1.85986 1.36414 0.891605 0.711513 0.400644 0.0425959 0.0108676
threshold=-1.0061724284617068 -0.52397714857510425 0.32500006381653518 0.2965856481481482 0.79623927340848721 0.45346320346320351 0.030800215721107641 -0.7589426785352823 0.58462825021395537 0.68035174521027708 0.69157608695652184 0.89889912528868932 -0.25650850292636418 0.43603658890415475 0.18582701838873572 1.1111071048502572 0.96407056798623081 0.17697411580802572 0.76518214869397683 1.0781490155146274 0.21907941033723291 0.12326685660018995 2.5000000000000004 -0.65097844819150519 0.52429209191814763
decision_type=2 2 2 2 2 2 2 2 2 2 2 2 2 2 2 2 2 2 2 2 2 2 2 2 2
left_child=8 2 -2 4 9 7 -6 -5 20 -4 14 12 -12 -14 15 16 -3 18 -16 -19 -1 -10 -17 -13 -25
right_child=1 10 3 5 6 -7 -8 -9 21 -11 11 23 13 -15 17 22 -18 19 -20 -21 -22 -23 -24 24 -26
leaf_value=0.035207202032568767 0.062467063919162402 0.001323170252073699 -0.035417319353320258 0.0035396828791898517 -0.036434501099637216 -0.030021589645416447 0.007468753484497795 0.050679969249873474 0.0087437398910097022 -0.078404592761027944 0.046825201800617729 -0.076321236096883807 -0.049704698382696005 0.010368023598888693 -0.0023153366107861667 -0.078403442032776979 -0.050583151350189676 0.0026859579769799779 -0.052247594573759784 0.013610132028940675 -0.05438222476409367 0.052133058259878219 -0.035929071817957951 -0.052952520622708901 -0.060885865933219367
leaf_weight=0.43964040746140998 1.1504457211121941 39.620789242614592 3.0916759842075452 2.7707138333498733 4.8886552448238945 2.4589818517561071 5.5639906037213223 3.045760925364446 1.4722510589635929 2.8490454573184252 2.1779639550368293 0.29735119626275297 3.0983598528691791 3.3910452369091217 8.2134222383319848 0.92741920922344379 1.7363131971251267 79.51128767206319 2.4127449500192588 44.611000827153475 0.75401564693311229 2.6374745243228972 1.3832916527171617 1.1514817448551173 0.69056834094226349
leaf_count=18 5 4958 29 27 114 16 91 26 22 24 19 9 284 343 1749 44 2393 2289 879 679 32 34 97 136 7
internal_value=0.000875332 0.000316354 -0.0118992 -0.0153673 -0.0286358 0.0109171 -0.0130646 0.0282244 0.0235408 -0.0560331 0.00198315 -0.0131931 -0.00194534 -0.0183136 0.00290238 -0.00361402 -0.000856035 0.00501415 -0.0136528 0.00661223 -0.0213852 0.0365894 -0.0529764 -0.0587613 -0.0559267
internal_weight=220.346 215.042 25.8193 24.6688 16.3934 8.27546 10.4526 5.81647 5.30338 5.94072 189.223 10.8068 8.66737 6.48941 178.416 43.6678 41.3571 134.748 10.6262 124.122 1.19366 4.10973 2.31071 2.1394 1.84205
internal_count=14324 14218 332 327 258 69 205 53 106 53 13886 798 646 627 13088 7492 7351 5596 2628 2968 50 56 141 152 143
is_linear=0
shrinkage=0.05


Tree=271
num_leaves=31
num_cat=0
split_feature=7 9 7 17 15 3 11 1 15 15 7 6 10 9 1 15 1 7 5 6 2 1 8 1 1 16 5 8 4 5
split_gain=1.14676 1.40655 1.82263 2.46794 2.64683 2.90968 2.80197 1.80208 1.67069 1.57856 1.59851 2.16718 1.60885 1.35756 1.21132 1.14073 1.75643 1.13944 2.01173 1.5413 1.72364 1.75163 1.10387 1.02037 1.84399 1.16216 0.905684 1.03611 0.4362 0.42222
threshold=1.1528959389604383 12.500000000000002 -0.10142478842371776 0.95260557053009898 0.066228070175438608 0.74565484895537004 0.16262623512298294 0.41154796575205704 0.31929669030732866 0.76388888888888895 -0.41797534444337953 0.56622430047677452 5.5000000000000009 14.500000000000002 0.98806327284726037 0.22318007662835251 1.4620681573581027 1.6981929073966602 0.010147178072889314 0.50872468466710574 0.57895924829078782 0.78492360720100185 1.2044615308950377 0.86277694984436493 0.90794812561527838 0.50555555555555565 0.18463603811326373 -0.65097844819150519 0.1295928698627889 0.028374167049632356
decision_type=2 2 2 2 2 2 2 2 2 2 2 2 2 2 2 2 2 2 2 2 2 2 2 2 2 2 2 2 2 2
left_child=1 2 9 4 5 -4 -6 -5 13 10 11 -1 -12 -3 -9 16 -15 22 -19 20 21 -20 23 -2 -25 -26 29 -28 -24 -21
right_child=17 8 3 7 6 -7 -8 14 -10 -11 12 -13 -14 15 -16 -17 -18 18 19 26 -22 -23 28 24 25 -27 27 -29 -30 -31
leaf_value=0.0050086798056261381 0.04903701567857674 0.048727765171838772 -0.026915119768244997 -0.093732515647078019 0.0054876022515571478 0.032771909571421697 -0.017098908457595596 0.023987065491657932 -0.031301374398575547 -0.033482024445647567 0.011895512893151581 -0.019919109340674576 -0.045925703302902639 -0.032255222481194196 -0.011278144162285474 0.046535026525018924 0.035403472906992799 -0.051270166354601236 -0.0011554023535538507 0.010739130699390545 0.053793337134127317 -0.067720293861679548 0.051783396437048518 -0.11331149083326708 0.028374689667214056 -0.073933352034178959 0.054135764448945127 -0.053388485514919926 -0.049116345748560018 0.04439887517576302
leaf_weight=25.6925142458349 3.6727728131518234 3.5308127358075563 27.21834698437306 0.38795668259262939 32.888322500817594 2.207455836585722 23.572907095451228 10.21094588904816 1.5721004270017136 2.9048547428101292 44.554849904794537 13.197856292594222 1.2364279055327632 2.3773514093045383 3.1975777524348805 1.4732554070651529 1.6080676617712013 1.6159318682080073 2.9220377144956711 1.2706397397851104 0.85760567817305844 1.4934195172372708 0.12793053780660635 0.26861351980187453 4.1737089861817367 0.29735485988203425 0.33899316191673268 0.66072232842998346 0.65827115208958276 3.4922526415284665
leaf_count=492 76 56 5693 3 434 15 335 713 15 21 1501 273 33 57 2640 22 30 623 102 33 47 257 4 10 458 9 2 112 241 62
internal_value=-0.000300351 -0.00150092 -0.00250215 -0.00712587 -0.010279 -0.0224375 -0.0039424 0.0125035 0.016252 0.00276018 0.00400341 -0.00345083 0.0103343 0.0245682 0.0155772 0.00894121 -0.00495577 0.0105696 0.000833711 0.00846318 -0.0110709 -0.0236693 0.0239601 0.0292552 0.0139263 0.0215705 0.0263378 -0.0169281 -0.032698 0.0354192
internal_weight=219.682 197.832 187.27 99.6835 85.887 29.4258 56.4612 13.7965 10.5616 87.5865 84.6816 38.8904 45.7913 8.98949 13.4085 5.45867 3.98542 21.8503 12.6516 11.0357 5.27306 4.41546 9.19865 8.41245 4.73968 4.47106 5.76261 0.999715 0.786202 4.76289
internal_count=14369 12333 12153 9833 6477 5708 769 3356 180 2320 2299 765 1534 165 3353 109 87 2036 1238 615 406 359 798 553 477 467 209 114 245 95
is_linear=0
shrinkage=0.05


Tree=272
num_leaves=31
num_cat=0
split_feature=1 8 8 15 0 18 16 15 3 1 18 1 8 8 8 2 1 8 6 5 15 1 8 11 19 19 6 5 18 8
split_gain=1.82862 2.37214 2.50347 2.72506 2.59468 1.98484 2.94662 2.92739 2.71115 1.90168 2.75457 2.64642 1.87127 1.82894 1.63698 2.82113 1.87748 1.33079 1.2648 0.979746 0.916972 0.806027 0.659358 0.25522 0.240702 0.283868 0.220371 0.0998834 0.183995 0.0391078
threshold=0.64463252499111656 1.1753809664846704 -0.16273412639764764 0.46862745098039221 0.70000566694608735 3.5000000000000004 0.57359307359307377 0.93750000000000011 0.56266526592694399 0.88787115702013997 5.5000000000000009 0.81241090126705473 -0.44684191259026701 0.38656987528389225 1.5176953668518476 0.22142803591061264 0.90825580521761207 0.068817244198285735 0.57194920742150523 0.02026008157169118 0.19803921568627456 0.55679044481010587 -0.27715675281909663 0.02689617150797324 1.8487739380346444 0.55279732337973542 0.57444381713867199 0.010820694219053182 5.5000000000000009 -0.72859526607884362
decision_type=2 2 2 2 2 2 2 2 2 2 2 2 2 2 2 2 2 2 2 2 2 2 2 2 2 2 2 2 2 2
left_child=1 2 3 4 12 8 7 9 14 11 -11 -7 -1 23 16 19 22 -18 24 -16 27 -15 -2 26 25 -3 -4 28 -8 -29
right_child=5 18 13 -5 -6 6 20 -9 -10 10 -12 -13 -14 21 15 -17 17 -19 -20 -21 -22 -23 -24 -25 -26 -27 -28 29 -30 -31
leaf_value=-0.015812785807944325 0.016864870074038859 0.0057753785257947318 -0.054750706172793831 0.036523233477984092 -0.062832282501456241 0.0020110211797016884 0.050603489953682516 -0.079079247814525494 -0.027057329702658641 0.028381019512777161 0.0023783712209072688 -0.034120535115846638 0.035239062942111481 -0.00074184567311318388 -0.054636893607119513 -0.12530205531654554 -0.035114683965551105 0.024699152751794788 -0.0094068186797109724 0.028052785186923834 0.006894107070839775 -0.044006972363309638 0.04330575825044973 -0.037808811017969589 0.054378191354706853 0.04560612673121206 -0.079487524960309183 -0.069707302368224117 -0.050673725382076297 -0.051979147015885623
leaf_weight=8.1408795217084844 3.0412452928721914 0.84017803572351046 2.0172809066316391 3.1778327804058781 2.337595875287664 13.587620437921943 0.066312968730925959 1.1127071604132641 3.1132563042920074 11.075531914597375 126.66086359259589 8.0824206940433196 2.3026600967859858 3.1380934058688581 0.45502643765939854 0.4660249352455138 1.7121025857049965 2.0354767693206668 2.2770594897447154 1.6837868727743623 0.82707905172719609 1.6386114836368504 10.49213766888716 1.0496337179210966 1.4476900682784615 0.95666026713479368 1.6260792497778309 0.34869924641680006 0.13853120585190482 2.883702117476787
leaf_count=235 33 25 43 22 36 562 2 6 38 88 11822 324 32 39 251 2 34 29 38 17 9 34 115 31 13 16 23 6 89 282
internal_value=0.000713642 -0.0105472 -0.0169974 -0.00491248 -0.0152148 0.00256965 0.000649193 0.00173897 0.0163293 0.00230311 0.00446927 -0.0114652 -0.00455654 -0.0373638 0.0231218 -0.0138282 0.0286914 -0.00262713 0.0191584 0.0104608 -0.0403725 -0.0155836 0.0373639 -0.0595326 0.0392059 0.0269818 -0.0657911 -0.0517459 -0.0178879 -0.0538916
internal_weight=218.733 30.9503 25.4287 15.959 12.7811 187.783 164.783 160.519 22.9991 159.406 137.736 21.67 10.4435 9.4697 19.8858 2.60484 17.281 3.74758 5.52159 2.13881 4.26432 4.7767 13.5334 4.69299 3.24453 1.79684 3.64336 3.43725 0.204844 3.2324
internal_count=14296 587 495 325 303 13709 13190 12802 519 12796 11910 886 267 170 481 270 211 63 92 268 388 73 148 97 54 41 66 379 91 288
is_linear=0
shrinkage=0.05


Tree=273
num_leaves=19
num_cat=0
split_feature=0 19 0 0 19 12 19 1 6 6 16 8 6 6 8 8 8 7
split_gain=0.929898 1.42129 1.08082 1.73243 1.05652 2.1896 1.60865 1.3636 2.44082 1.21693 0.620947 0.0520445 0.00940502 0.00288427 0.000901337 0.000643278 0.000122583 6.28108e-05
threshold=0.54000395823132641 5.7405072904009726 0.55660360754688754 0.65265092346082143 2.1777825801545827 1.5000004691927546 0.99115816246793997 0.99118709359107371 0.32495582196607337 0.20200396065760143 0.050740184509761858 -0.65097844819150519 0.17263792018697724 0.17263792018697724 0.39721576983734047 -0.47375005827833777 -0.46092728728054716 0.17699669259108267
decision_type=2 2 2 2 2 2 2 2 2 2 2 2 2 2 2 2 2 2
left_child=1 11 -2 12 5 6 -5 8 -6 -9 -7 -1 -4 -13 16 -15 -14 -17
right_child=2 -3 3 4 7 10 -8 9 -10 -11 -12 13 14 15 -16 17 -18 -19
leaf_value=-0.074784601435932255 0.04344680714765662 0.024151177747535935 -0.062269536419377818 0.0029429906081167669 0.026156416271299263 -0.0013700620980808273 -0.0083639404744647768 -0.014827653593670607 -0.0078314558349884614 0.033843047602000312 -0.064476691948378989 -0.05871648119183135 -0.052722749452546881 -0.054853550640275001 -0.055023899594330322 -0.051051174887199194 -0.051201189691571503 -0.05219653261505193
leaf_weight=0.45681730861542758 1.5030228551477183 0.74925818253541354 0.40908018097979837 137.26892573016767 7.8091208192472576 0.50688669161536326 40.808253492383301 1.5408464582869763 16.325428708169056 7.7141601976472884 1.6875458713766418 0.27023699856363159 0.23063466371968389 0.2235173776280136 0.38099345949012786 0.24735660952865135 0.31068723753560334 0.23193707829341292
leaf_count=5 7 16 9 12952 110 20 699 24 226 129 61 14 12 11 13 33 29 11
internal_value=0.000867313 -0.0316318 0.00119443 0.000899043 0.00125335 -0.000259822 0.000351889 0.00942302 0.00316587 0.02574 -0.0498998 -0.0608625 -0.0559595 -0.0543264 -0.0531608 -0.0526384 -0.0518495 -0.0516054
internal_weight=218.675 2.17912 216.496 214.993 213.661 180.272 178.077 33.3896 24.1345 9.25501 2.19443 1.42987 1.3314 0.973048 0.922315 0.702811 0.541322 0.479294
internal_count=14381 90 14291 14284 14221 13732 13651 489 336 153 81 74 63 69 54 55 41 44
is_linear=0
shrinkage=0.05


Tree=274
num_leaves=31
num_cat=0
split_feature=3 6 7 1 1 4 11 9 11 15 15 16 16 6 14 17 17 6 18 17 6 17 11 19 1 11 1 5 1 6
split_gain=0.915226 1.76621 2.97204 2.50205 3.11277 2.93513 2.43561 2.32918 2.62705 2.07532 2.96534 2.28455 1.89343 1.73573 3.90796 2.47024 3.14108 2.65204 2.2863 2.15769 2.08646 2.55171 2.05239 1.89381 1.36582 3.10278 2.34073 2.02269 1.4428 1.35513
threshold=0.33050075855130473 0.33642751140498844 -0.35745549845138008 0.41154796575205704 0.74163536167051902 0.4758203365769586 0.2066854511974956 5.5000000000000009 0.21833479939499756 0.082843137254901972 0.049281521959117593 0.31296641791044782 0.20734437975817291 0.2362918661098288 0.13335704125177814 0.66823899371069195 0.41728855721393038 0.85959538711221672 9.5000000000000018 0.63764683592269811 0.18618676978938029 0.63764683592269811 0.0061318701858728277 2.4155686289891518 1.0543356821678069 0.052879998731549825 1.1366822660910263 0.05297552370557599 1.0133385521255234 0.85245548113427982
decision_type=2 2 2 2 2 2 2 2 2 2 2 2 2 2 2 2 2 2 2 2 2 2 2 2 2 2 2 2 2 2
left_child=13 24 3 -3 5 -5 9 8 -8 10 -4 -11 -6 14 20 16 18 19 -15 -18 -1 -22 -20 -23 28 -26 -27 -28 -2 -17
right_child=1 2 6 4 12 -7 7 -9 -10 11 -12 -13 -14 15 -16 29 17 -19 22 -21 21 23 -24 -25 25 26 27 -29 -30 -31
leaf_value=-0.0026371318380965306 -0.003514591946732112 0.059436669503764861 0.013059809466855844 -0.082258384079124419 -0.013522624448245067 -0.010370109102600901 -0.080502662110648091 0.033308593546296804 -0.007157735698606324 0.037034286759375756 -0.054139897656906001 -0.0022500321964859181 0.028691663257559903 -0.014654692369155091 -0.063894811883899519 0.0052661526287732553 -0.023821255732160054 0.037646729360077708 -0.059020918964121094 -0.07786753941429625 0.044142519479571665 -0.052580159722204138 0.019524248284498676 0.04050769630671202 -0.063385243110150133 -0.067237698231485454 -0.027851110523414099 0.02996543102451887 0.041154090828871982 -0.042327113958006986
leaf_weight=8.0282228220003216 18.564489616230283 1.2365458151325608 17.88323705823132 2.7108676163479712 8.1501476870762399 2.9815082065761089 1.6110848122043515 2.314873390016146 5.0405559163191356 18.191173716739289 1.8075819071382273 4.6460667835781342 3.9405306064581955 14.000053381780164 1.6427453535093253 38.565764477605626 26.060739488069892 1.6462423991324602 0.89125939619770989 1.9875456681111234 8.2507564441293635 1.3752739135707082 12.443533518846378 0.90652170381508757 3.0968559249740775 1.2308564300692522 2.437597343698144 3.9870775939925807 2.0027865002921308 1.5559999998131377
leaf_count=1129 451 5 739 27 225 18 22 35 67 196 24 77 58 267 124 7829 706 45 200 210 168 551 307 10 40 20 23 57 25 684
internal_value=-0.000302428 0.00316597 0.00755447 -0.0093359 -0.014118 -0.0446053 0.013793 -0.00988906 -0.0249225 0.018786 0.006891 0.0290422 0.000235635 -0.00331211 0.0100222 -0.00608511 -0.0127725 -0.024031 -0.000542121 -0.0276511 0.0165643 0.0312002 0.0142745 -0.0155978 -0.00671444 -0.0211553 -0.00407225 0.00802915 0.000835125 0.00342039
internal_weight=219.188 101.834 70.5142 19.0196 17.7831 5.69238 51.4946 8.96651 6.65164 42.5281 19.6908 22.8372 12.0907 117.355 20.2035 97.1511 57.0294 29.6945 27.3348 28.0483 18.5608 10.5326 13.3348 2.2818 31.3197 10.7524 7.65553 6.42467 20.5673 40.1218
internal_count=14339 2109 1493 333 328 45 1160 124 89 1036 763 273 283 12230 1982 10248 1735 961 774 916 1858 729 507 561 616 140 100 80 476 8513
is_linear=0
shrinkage=0.05


Tree=275
num_leaves=31
num_cat=0
split_feature=7 2 2 9 17 7 15 6 6 18 1 7 7 8 8 7 7 7 1 18 5 17 6 8 7 2 0 3 6 5
split_gain=1.13948 1.02698 2.21481 3.32621 2.94948 2.75115 2.50693 2.27792 2.08211 1.89536 2.79391 2.51527 2.31745 1.96071 1.75402 1.28793 3.08689 2.39591 3.75775 2.06835 1.9919 1.07763 1.0012 1.43591 1.27156 1.27186 1.4278 0.997591 1.28331 1.06179
threshold=1.1820230933067035 0.52836153828790844 0.6354383892483183 9.5000000000000018 0.5300120048019209 0.19740642172445236 0.28388278388278393 0.16122369091920183 0.66137480195205489 41.500000000000007 1.0120407967833904 0.41430731178616836 0.69813284642938445 -0.27715675281909663 -0.29375189612690783 0.44729571759652575 0.41430731178616836 0.51867609518320235 1.1111115942713357 21.500000000000004 0.028374167049632356 0.96407056798623081 0.49918642911044037 0.7842979029624948 1.7690886948794937 0.57895924829078782 0.75191467646277799 0.29747340881746581 0.71977709760569575 0.029132986380383863
decision_type=2 2 2 2 2 2 2 2 2 2 2 2 2 2 2 2 2 2 2 2 2 2 2 2 2 2 2 2 2 2
left_child=1 9 3 4 5 -3 -5 -6 14 15 12 13 -11 -12 -4 16 20 19 -19 -17 -1 -10 23 24 -2 26 -26 28 -24 -29
right_child=22 2 8 6 7 -7 -8 -9 21 10 11 -13 -14 -15 -16 17 -18 18 -20 -21 -22 -23 27 -25 25 -27 -28 29 -30 -31
leaf_value=0.014416371989780664 0.030073782420246643 0.0091188296192223732 0.021761468716740708 0.022007299137619851 0.043685629324876983 -0.058083725213792708 -0.04127164457866022 -0.059248023018590584 0.034696018521043544 -0.051460515690395295 -0.058135702663994204 -0.045680224946080622 0.047563492685123554 0.043074719747318385 -0.046032789350941059 -0.012461477826660931 0.041924786355091143 -0.017397638647846925 0.028855678841200633 -0.08359691253781748 -0.0032300056245339174 -0.050334875395098212 0.021559698146501279 -0.055440658448925241 0.0053816020334499191 0.043334878603511845 -0.055240362257288712 0.0073639022839445322 -0.036238359731351616 0.047259217868538678
leaf_weight=19.040613892226247 3.3031462337294233 5.7409743318858117 1.6470836303233212 6.8752439542295161 0.57917615429323444 2.0728019864836824 2.0265218578279018 7.4663660025980789 5.7317202516205725 2.1685357331334667 0.50446194111282139 0.99185005063191134 0.81210555415600527 9.3067548308681545 2.2676508072036086 2.1542086250847232 4.4689257373684077 15.808115896448728 6.080140974285313 1.9440261789131907 99.872654230803164 0.39851909177377809 2.8565915083709097 1.0698054334402503 2.1072953965631318 0.90107971805718978 1.8017337296696494 2.6386550335300853 1.4467909138056709 4.5326401339843869
leaf_count=304 244 97 178 129 61 90 19 1952 1238 1424 70 26 42 178 3322 42 53 336 58 22 2184 607 322 418 30 220 121 284 291 52
internal_value=0.000137777 -0.00102832 -0.00882542 -0.0168588 -0.0305884 -0.00870835 0.0076016 -0.0518381 0.0109771 0.000635068 0.0183756 0.0301998 -0.0244804 0.0378708 -0.0175091 -0.00100202 0.00112874 -0.0111187 -0.00454935 -0.0462051 -0.000404435 0.0291683 0.0113123 -0.000992287 0.00618722 -0.0102159 -0.02256 0.0211594 0.00212808 0.0325799
internal_weight=218.616 197.958 34.8061 24.7611 15.8593 7.81378 8.90177 8.04554 10.045 163.152 13.7837 10.8031 2.98064 9.81122 3.91473 149.369 123.382 25.9865 21.8883 4.09823 118.913 6.13024 20.6577 9.18306 8.11326 4.81011 3.90903 11.4747 4.30338 7.1713
internal_count=14414 12432 7693 2348 2200 187 148 2013 5345 4739 1740 274 1466 248 3500 2999 2541 458 394 64 2488 1845 1982 1033 615 371 151 949 613 336
is_linear=0
shrinkage=0.05


Tree=276
num_leaves=31
num_cat=0
split_feature=7 9 2 5 19 8 11 6 0 17 3 4 3 10 1 7 8 0 19 8 1 6 6 8 1 7 4 4 7 8
split_gain=0.936412 1.51747 1.59474 1.98262 1.6202 1.11572 1.74359 2.56097 1.89476 1.88215 1.9084 1.89344 1.87597 1.21531 1.15211 2.89293 3.80463 2.25202 1.61593 3.13808 2.61512 1.18453 1.85156 1.69366 1.15541 1.13724 0.989824 1.04438 1.27959 0.891799
threshold=1.1244935545830679 4.5000000000000009 0.091302273320216773 0.00016727155758734715 3.990584418574215 0.72488549009415104 0.14465586372026906 0.42313609460387575 0.69999816845880403 0.63764683592269811 0.17646753398421547 0.71739964703329251 0.48510674869312964 4.5000000000000009 0.64463252499111656 0.039502703443800809 -0.29375189612690783 0.99999980854987547 2.9436955508062881 -0.54280639795109298 0.88787115702013997 0.65938233964265136 0.51210689544677745 0.34260398371135858 0.72285972251239927 0.36014459268377269 0.35994630701401659 0.43394123650843808 2.6706599350452187 0.41488626332771611
decision_type=2 2 2 2 2 2 2 2 2 2 2 2 2 2 2 2 2 2 2 2 2 2 2 2 2 2 2 2 2 2
left_child=5 2 26 29 -5 14 8 -8 12 11 -11 -10 -7 -9 15 16 -1 -18 21 20 -20 22 -16 -23 -21 -17 -2 -28 -29 -4
right_child=1 -3 3 4 -6 6 7 13 9 10 -12 -13 -14 -15 18 25 17 -19 19 24 -22 23 -24 -25 -26 -27 27 28 -30 -31
leaf_value=0.03072797084443998 -0.052976377263889513 0.034799782780604985 -0.050242487763153959 -0.048167959442111066 0.0079163832819417294 0.052311915525999099 0.02543450595004583 -0.056459951178301528 0.021483769824413145 0.031451531736030755 -0.018721936417570344 -0.051509295702474991 -0.01053708473938004 0.0063110767874877908 -0.0027626906149688804 -0.060119314181353758 -0.051326781697077044 0.010360227592361233 -0.05880270276715123 0.055360863657145987 0.023099876329634596 -0.0024112226037336553 -0.019544387473853328 0.024233369460577272 0.018023497847766686 -0.017235793447802003 0.052478779742449189 0.030552721964081306 -0.015294738683020441 0.059249388337141821
leaf_weight=5.2598777550738305 0.48373724869452672 4.6172753427817943 0.22519485804332262 3.6643914457927167 1.9854647582396863 4.458133303676731 2.2034788106029728 3.1648931464660564 13.857804704026421 2.3231481226630413 10.28911271038305 0.94930165872210714 1.6183333806693552 1.0194846522645091 66.893495106884984 3.7705887017909836 3.764388353418326 2.4375828319462034 2.2659444742603223 2.9256136661169858 1.7102158501511437 23.206166435613344 21.790519016876715 8.0271841182184271 7.1013185014016926 2.620409587136237 1.9568602323997746 3.4922649283398641 2.697328852089413 1.0676843842611559
leaf_count=50 16 102 280 1216 31 58 55 77 374 297 1025 63 22 15 4925 194 61 15 45 36 17 2636 1894 229 113 33 23 145 248 26
internal_value=-0.000616171 0.00962582 0.00216189 -0.0156773 -0.0284589 -0.00169512 0.00574681 -0.0181925 0.0103122 0.00471398 -0.0094801 0.0168041 0.0355735 -0.0411664 -0.00365074 -0.0155821 -0.000552673 -0.0270817 -0.00206018 0.0140124 -0.023575 -0.00393703 -0.00688612 0.00443662 0.0289176 -0.0425364 0.016513 0.0206393 0.0105731 0.040178
internal_weight=211.847 20.1902 15.5729 6.94274 5.64986 191.657 39.8837 6.38786 33.4958 27.4194 12.6123 14.8071 6.07647 4.18438 151.773 17.8528 11.4618 6.20197 133.92 14.0031 3.97616 119.917 88.684 31.2334 10.0269 6.391 8.63019 8.14645 6.18959 1.29288
internal_count=14321 2087 1985 1553 1247 12234 1986 147 1839 1759 1322 437 80 92 10248 353 126 76 9895 211 62 9684 6819 2865 149 227 432 416 393 306
is_linear=0
shrinkage=0.05


Tree=277
num_leaves=31
num_cat=0
split_feature=6 17 8 7 16 4 11 8 15 2 2 18 4 6 11 19 7 4 8 15 17 4 8 16 1 15 2 10 8 7
split_gain=1.08949 1.76006 2.3128 2.62701 1.74751 2.01987 1.88828 2.98456 1.83225 1.79595 1.86208 1.48894 1.46653 2.7325 2.36793 2.28452 3.02056 2.23202 2.20469 2.16456 1.85715 2.99234 2.54648 1.63791 1.29976 2.37071 1.72556 1.35728 1.67807 1.32039
threshold=0.65938233964265136 0.80099009900990115 0.22223927937610208 0.36014459268377269 0.79062500000000013 0.77341099658043566 0.2066854511974956 -0.44684191259026701 0.16515151515151519 0.0096917869218813846 0.12191795523649727 33.500000000000007 0.21954239988638688 0.56914133904187858 0.049661583619067522 1.6774411882935645 -0.41797534444337953 0.22226356057559746 -0.82990640942565086 0.17694497153700192 0.3712316968130922 0.18540882285124338 0.35143198709261186 0.24688317685085426 0.81241090126705473 0.93750000000000011 0.19199999156180711 2.5000000000000004 -0.03564335657419828 0.30997725997298192
decision_type=2 2 2 2 2 2 2 2 2 2 2 2 2 2 2 2 2 2 2 2 2 2 2 2 2 2 2 2 2 2
left_child=12 4 3 -3 6 -6 9 -8 -9 -2 -11 -5 13 18 19 16 -16 -14 -1 23 21 -20 -22 -15 27 26 -26 28 -19 -29
right_child=1 2 -4 11 5 -7 7 8 -10 10 -12 -13 17 14 15 -17 -18 24 20 -21 22 -23 -24 -25 25 -27 -28 29 -30 -31
leaf_value=-0.060913448919037987 -0.051135680296383518 -0.061974090889117976 0.008673816801948309 0.040127598703341136 -0.03288125957648827 0.041824621873591081 -0.047687775781586124 -0.023611609930911784 0.049291501381246883 0.043144373719353535 0.015428615930849855 -0.050618556744021187 0.040918131814619729 -0.07235645435940917 -0.27416386214877697 0.023052308223448011 -0.065408398449940994 0.021441939979545108 0.041843583778141243 0.046876620087946713 0.0005051135525155772 -0.022643450122083505 -0.041301663934939635 0.038153547320481207 -0.010789444811688274 -0.071756566445657116 0.0049916961385029915 -0.050718944884719598 0.00037845697077024847 0.014444720884627553
leaf_weight=1.5661978547141178 0.83204099326394754 3.2583930775144818 7.8294536607954797 1.3747415579855444 3.8421375745820106 1.1835141201445365 2.7664976242522243 1.401746734085463 2.2376618273556232 8.4832405371707882 21.216783488278452 0.67346121433365613 3.5876289294828885 1.1484169948471383 0.18236495273595243 0.69538856037252106 3.4789140902576037 18.346064125580597 5.4437879277957091 1.2801469229161737 20.238129516862504 2.686721476027742 4.441811173242967 0.47355510162742565 31.129502170731939 1.2398098055273283 39.052321072064387 1.8519972077920095 19.512245633333805 1.3397251805290578
leaf_count=41 13 1363 1357 20 377 23 27 69 37 114 746 316 87 696 11 14 261 299 174 9 3998 96 577 24 587 9 2400 28 492 21
internal_value=0.00132125 0.00737375 -0.00859842 -0.0340822 0.0123736 -0.0152884 0.0161372 -0.00854335 0.0212123 0.0213154 0.0233451 0.0102897 -0.000793542 -0.0088439 -0.0367191 -0.060027 -0.0758063 0.00209447 -0.00295791 -0.00172929 -0.000191423 0.0205339 -0.00701913 -0.0400917 0.000856066 -0.00321887 -0.00200811 0.00794592 0.0105858 -0.0233665
internal_weight=212.794 55.0997 13.136 5.3066 41.9636 5.02565 36.938 6.40591 3.63941 30.5321 29.7 2.0482 157.695 41.6354 7.25879 4.35667 3.66128 116.059 34.3766 2.90212 32.8105 8.13051 24.6799 1.62197 112.472 71.4216 70.1818 41.05 37.8583 3.19172
internal_count=14286 4462 3056 1699 1406 400 1006 133 106 873 860 336 9824 5901 1015 286 272 3923 4886 729 4845 270 4575 720 3836 2996 2987 840 791 49
is_linear=0
shrinkage=0.05


Tree=278
num_leaves=31
num_cat=0
split_feature=1 14 15 1 19 18 7 0 3 6 0 7 11 7 19 7 8 8 0 1 1 1 1 4 6 18 6 15 18 9
split_gain=1.1001 3.39571 2.65593 2.35323 2.25295 2.04869 1.81897 1.59956 1.27568 1.28522 1.19978 1.08865 1.94831 2.18208 2.07126 2.05023 2.00845 3.04516 1.82479 1.40851 2.92658 1.43447 1.71003 1.38668 1.31057 1.06057 0.768033 0.723385 0.477877 0.40648
threshold=1.2515219881871433 0.069204980842911892 0.01526806526806527 1.2409735874321044 1.2958409878186468 40.500000000000007 0.84433072752690363 0.71447416532301278 0.17647059446845961 0.79628524394950484 3.4455124532584613 0.69813284642938445 0.21995835199219055 0.62533727240407744 0.61414890611470518 0.57656461128378511 -0.34429611182886427 0.051336751556725797 0.90417964133730444 1.0781490155146274 1.0469053386337548 1.1944542296072382 1.2205234094425037 0.17663909180878429 0.58970697961672403 62.500000000000007 0.39043992272313527 0.21913109756097562 51.500000000000007 7.5000000000000009
decision_type=2 2 2 2 2 2 2 2 2 2 2 2 2 2 2 2 2 2 2 2 2 2 2 2 2 2 2 2 2 2
left_child=3 2 7 11 5 -3 8 -2 26 -10 29 12 13 15 -15 -1 18 -18 -14 20 23 28 -23 -13 -22 -7 -4 -5 -21 -9
right_child=1 4 6 27 -6 25 -8 10 9 -11 -12 19 16 14 -16 -17 17 -19 -20 21 24 22 -24 -25 -26 -27 -28 -29 -30 -31
leaf_value=-0.0013608301675650434 0.041830191249892228 -0.071064572559239356 0.026878940420584765 -0.058223060337497828 0.034831935358403177 0.039771394420302954 -0.044055240543700858 -0.070715443209038428 0.018853914402168326 0.05091492067488558 0.052309159587276978 -0.041697386606087586 -0.0095495603456362144 -0.083556797294612281 0.0050819033973522922 0.039879131162875045 0.033331318405923106 -0.037174052217866037 -0.065869526194114639 0.050657962574754113 -0.10218644166558349 -0.059481704736779342 0.04073989435588702 0.0085081910671127945 -0.011974228943659453 -0.04591969160777265 -0.036820771402745194 -0.19182520821892668 -0.0040929006702290216 0.0083446996658230674
leaf_weight=117.66745609105874 0.57849602389615062 2.7744606767491851 0.69164675150751209 0.21363138101878476 1.0885637355968354 0.81969568086424238 1.147757216465833 1.8671079473806456 24.713693690660879 3.5784148295060723 0.24949669837951649 1.4487230635977599 2.4223474959144369 1.5469463981426081 1.1482785815605892 3.0929655884101512 3.036822569305512 3.0894781478164077 3.5401197645114735 3.7230970997552495 0.92174144800810498 0.85632025079758001 0.8462135457120894 27.15511580090606 0.71481160911935149 0.64537455163008417 1.4982480556172957 0.19271346926689148 0.4463190259748443 0.17808585589227721
leaf_count=9366 17 27 43 41 13 27 26 412 383 53 2 742 36 140 22 85 62 444 61 84 29 39 14 1912 16 29 103 1 120 18
internal_value=0.00033068 0.00781858 0.0135555 -0.0014027 -0.0293321 -0.0458071 0.0177366 -0.0324719 0.0200633 0.022909 -0.0512036 -0.0011182 -0.00317349 -0.00129766 -0.045793 -0.000304575 -0.0223303 -0.00222436 -0.0429886 0.00659612 0.00224482 0.0290052 -0.00966838 0.00596539 -0.0627837 0.00202382 -0.0167021 -0.121585 0.0447971 -0.0638313
internal_weight=211.894 39.831 34.5029 172.063 5.32809 4.23953 31.6298 2.87319 30.482 28.2921 2.29469 171.657 135.544 123.456 2.69522 120.76 12.0888 6.1263 5.96247 36.1123 30.2404 5.87195 1.70253 28.6038 1.63655 1.46507 2.18989 0.406345 4.16942 2.04519
internal_count=14367 1153 1057 13214 96 83 608 449 582 436 432 13172 10216 9613 162 9451 603 506 97 2956 2699 257 53 2654 45 56 146 42 204 430
is_linear=0
shrinkage=0.05


Tree=279
num_leaves=23
num_cat=0
split_feature=5 18 18 15 18 7 1 15 2 11 8 1 4 19 3 10 8 18 1 1 7 15
split_gain=1.11989 0.81967 0.857559 0.885495 2.06687 2.65685 1.76798 1.67318 1.28683 0.984641 0.753983 0.0815867 0.00987543 0.000572435 0.000428557 1.9867e-05 1.93053e-05 2.79939e-06 1.29803e-06 1.02008e-06 7.80531e-07 4.70969e-07
threshold=0.35019181444754016 83.500000000000014 82.500000000000014 0.01526806526806527 12.500000000000002 -0.63512645822350178 0.49807773411466871 0.01709526592635886 0.010884129144007866 0.18383348423363308 0.22223927937610208 0.99999957465430922 0.17698064707544084 0.62538348367033991 0.33050075855130473 11.500000000000002 -0.58769235627512562 129.50000000000003 0.98806327284726037 0.98989592799452719 0.785135656197398 0.047905909351692491
decision_type=2 2 2 2 2 2 2 2 2 2 2 2 2 2 2 2 2 2 2 2 2 2
left_child=1 2 3 4 6 -6 -1 9 -9 -5 19 13 -12 16 15 17 -2 18 -3 -4 -18 -21
right_child=11 14 10 7 5 -7 -8 8 -10 -11 12 -13 -14 -15 -16 -17 20 -19 -20 21 -22 -23
leaf_value=-0.017434208830134211 -0.051232798508950794 -0.050193243445252528 -0.050355702470545716 -0.050275007186933389 0.061434251318533334 -0.028377130656533675 0.0040338285345099803 0.046395118500567503 0.00067328370745726714 0.066200393153918763 0.052587296125833419 -0.089232427254529567 0.06223919379933042 -0.054653766797553571 -0.054200761492651565 -0.051232845295739175 -0.050146154084830842 -0.050549317086138662 -0.050027172128187206 -0.050055935754214555 -0.050430954698994092 -0.050378760356945607
leaf_weight=12.392017525911795 0.11509296484291553 0.15205692012295813 0.044647271133725464 0.20730336395354143 0.88031967909773357 12.750236892944487 42.418498993609319 1.5568033847957838 133.92673676780032 1.4547379813739096 0.52041960712449487 0.24867698759771883 0.54000199775327928 0.17567925341427326 0.071496911346912384 0.039921320741996169 0.053010264382463812 0.031186559939669678 0.52016844368426973 0.13515752911189338 0.044047024101018906 0.012328470009379089
leaf_count=153 6 298 14 114 45 6766 1121 18 2570 26 66 3 23 4 1 4 34 9 2723 295 10 7
internal_value=-0.000656612 -0.000453631 -0.000256463 -0.00050776 -0.00515289 -0.0225767 -0.000819844 0.00181034 0.00119866 0.0516726 0.0409898 -0.0668771 0.0575024 -0.0525428 -0.0505034 -0.0501478 -0.0507948 -0.0500862 -0.0500647 -0.0501463 -0.0502754 -0.0500829
internal_weight=208.291 207.654 206.839 205.587 68.4411 13.6306 54.8105 137.146 135.484 1.66204 1.25255 0.636506 1.06042 0.38783 0.81483 0.743333 0.21215 0.703412 0.672225 0.192133 0.0970573 0.147486
internal_count=14310 14253 11218 10813 8085 6811 1274 2728 2588 140 405 57 89 54 3035 3034 50 3030 3021 316 44 302
is_linear=0
shrinkage=0.05


Tree=280
num_leaves=31
num_cat=0
split_feature=18 16 8 14 8 10 19 11 15 8 1 6 4 10 8 5 8 0 3 19 5 11 7 15 1 3 9 15 11 8
split_gain=1.27167 2.70668 1.45951 2.20589 1.79119 2.63906 2.08322 1.77768 2.70713 2.65378 1.3594 2.11421 3.59601 1.38416 1.278 2.06764 1.97697 4.42068 1.88329 2.19978 1.24284 1.09185 1.04475 0.962039 0.954681 0.869469 0.769809 0.878981 0.637567 0.433581
threshold=12.500000000000002 0.33568075117370894 1.3089136307907405 0.046536796536796543 0.72488549009415104 2.5000000000000004 0.50070271310425385 0.19283921617177496 0.01526806526806527 -0.34429611182886427 1.1049726468453904 0.36173831531309852 0.49765645444782736 2.5000000000000004 0.95982930226582297 0.019702344158895657 0.80955190081919659 0.73212339746711763 0.18152793560152744 3.990584418574215 0.014610876444897622 0.15037864807184678 0.67411687735867332 0.24722222222222226 1.1577278458763705 0.35917689753513715 9.5000000000000018 0.23466833541927412 0.091577039494777399 0.11349012824330086
decision_type=2 2 2 2 2 2 2 2 2 2 2 2 2 2 2 2 2 2 2 2 2 2 2 2 2 2 2 2 2 2
left_child=10 2 4 25 7 6 -6 9 -9 -2 14 12 13 -12 16 21 20 -18 -17 -20 28 23 -22 -16 -7 -4 -3 -28 -1 -13
right_child=1 26 3 -5 5 24 -8 8 -10 -11 11 29 -14 -15 15 18 17 -19 19 -21 22 -23 -24 -25 -26 -27 27 -29 -30 -31
leaf_value=0.038780261191847826 0.014607632604094029 -0.05468602846876372 -0.058370051480419252 0.031835806496842638 -0.024201565952351331 -0.062134538543457754 0.037064656487149523 -0.061388347953128301 0.01240108522987185 -0.013313424740017055 -0.064237672615203065 0.026761974190649681 0.059208134558743068 -0.0027794305456535075 -0.026823461917284571 -0.053235894953988699 0.032636150983038639 -0.087577088192213909 0.032931426485658472 -0.02604133627810001 -0.003419346334763259 -0.079416246802212903 0.011118001505113564 0.050637618618663872 -0.0019908200249223787 0.010115258654426997 -0.052433633683939232 0.052608364821781897 0.0019655126831353486 0.050867451446391709
leaf_weight=3.2252312150376374 10.527592552978602 3.1708321095811693 3.0356830413111306 1.143937168056709 1.6354137636881194 1.1451028538867825 9.1528771898319956 1.3150995611395071 22.662341123170336 44.410748270626755 1.7377408824104335 4.8220206082332879 1.5385521011194212 1.9377276189625261 1.5763436185952775 0.7965449734183484 1.2863827543333175 1.8859771878342133 12.897981841684667 1.8022712627425779 56.475752952319453 0.6937650367617606 15.821203154016983 0.53751488961279381 1.5568850594499961 0.54694639128865663 0.39675462052400678 0.39988211542367935 1.8509734184481201 3.0424016424512956
leaf_count=35 551 563 852 64 689 26 366 635 574 7966 28 80 19 21 297 127 14 37 221 14 676 4 241 17 22 22 38 4 24 48
internal_value=0.000897974 -0.00316676 -0.00151333 -0.0286132 -0.000127171 0.0167097 0.0277772 -0.00300536 0.00835393 -0.00796304 0.00456948 0.0197184 -0.0049711 -0.0318365 0.00256518 0.014491 -0.000145041 -0.038831 0.0216439 0.0257013 0.00144111 -0.0249894 -0.000238046 -0.00712655 -0.0274797 -0.0479147 -0.0436466 0.000293556 0.0253562 0.0360873
internal_weight=213.028 101.1 97.1326 4.72657 92.4061 13.4903 10.7883 78.9158 23.9774 54.9383 111.928 13.0784 5.21402 3.67547 98.8499 18.3044 80.5455 3.17236 15.4968 14.7003 77.3732 2.80762 72.297 2.11386 2.70199 3.58263 3.96747 0.796637 5.0762 7.86442
internal_count=14275 12372 11767 938 10829 1103 1055 9726 1209 8517 1903 196 68 49 1707 680 1027 51 362 235 976 318 917 314 48 874 605 42 59 128
is_linear=0
shrinkage=0.05


Tree=281
num_leaves=31
num_cat=0
split_feature=13 4 16 17 3 17 18 4 15 3 8 4 15 6 0 0 16 16 14 7 17 12 2 2 13 3 0 17 18 7
split_gain=0.803399 0.748338 2.81596 2.30797 3.8459 1.88634 1.68303 1.61845 2.56625 1.76181 1.38911 1.34263 1.28231 1.47618 1.27519 1.34131 1.21913 2.06346 1.68261 0.667339 0.351763 0.117155 0.0132788 0.00125286 0.000646574 0.000476302 6.43235e-05 1.54445e-05 4.40812e-06 4.08098e-06
threshold=1.0000000180025095e-35 0.51833380904852178 0.13172353961827649 0.93011627906976757 0.18188103195888547 0.23861283643892342 1.5000000000000002 0.55407871919519769 0.11566332218506133 0.17646753398421547 0.34260398371135858 0.51511235953935619 0.64583333333333337 0.1787298183248501 1.000230123974984 2.2584466459382786 0.051414221517314306 0.05581516095534788 0.31925087108013944 0.43603658890415475 0.32971014492753631 1.0769229991386353 0.051724022510004984 0.024011312746534164 0.20112359550561801 0.23943741492975773 0.79623927340848721 0.25357142857142861 12.500000000000002 -0.20081903658381209
decision_type=2 2 2 2 2 2 2 2 2 2 2 2 2 2 2 2 2 2 2 2 2 2 2 2 2 2 2 2 2 2
left_child=1 11 3 7 22 6 -4 8 -3 -9 -6 14 13 -7 16 21 18 -18 -1 -8 -13 -16 -5 -2 25 26 -25 -26 -29 -28
right_child=23 2 5 4 10 12 19 9 -10 -11 -12 20 -14 -15 15 -17 17 -19 -20 -21 -22 -23 -24 24 27 -27 29 28 -30 -31
leaf_value=0.0063791385682367713 -0.058598208691893298 -0.066521140879060109 0.020770300950070382 -0.059563076126232288 0.0008763552166313332 -0.042891779700561544 -0.04633023322590521 0.037261023690317127 0.031299460169611042 -0.037488289957809368 0.03887380210584479 -0.12248307972974942 -0.013331876975147218 0.03827848911751483 -0.051205713504835798 0.021221155797111438 -0.051752951468297836 -0.0030920585048374431 -0.041867858045294935 0.0087298830223020481 -0.045026261072543095 -0.0089243193188109204 -0.050539669047597761 -0.052869652841076302 -0.051287157666295415 -0.055436916512975415 -0.050843412941802127 -0.050731780499993107 -0.050110950509670876 -0.050027985334826698
leaf_weight=57.84893231100159 0.12520146369933982 0.87849066731723846 3.2242578238947344 1.1885000051697723 4.1612951252900512 0.58721320880431171 2.1078401174891046 0.86643993719553591 2.8314499380066991 8.7395527422486321 5.699934913602192 0.24157637357711692 1.5719706453382976 12.142722802913338 2.5328884303326049 0.92664745921501879 2.2300189727638999 94.463234594215464 1.8653751156234637 0.74475812367018068 0.37274411643011263 0.1751635345572139 0.62062020689518238 0.051331818103790283 0.069533749177935533 0.26345521460098098 0.034116028087737504 0.046660995110869408 0.073836857431160752 0.027885362158485805
leaf_count=7013 1 204 36 16 48 33 199 100 20 362 69 1 7 363 962 28 145 3584 137 38 54 38 446 1 7 9 7 5 248 176
internal_value=-0.000288203 -0.000107546 0.00556334 -0.00568686 0.0105454 0.0193572 -0.00398006 -0.0199131 0.00813616 -0.0307461 0.0228394 -0.00170885 0.0292731 0.0345342 -0.00142566 -0.0307032 -0.000745289 -0.00421432 0.00487198 -0.0319551 -0.0754855 -0.0484708 -0.0564676 -0.0540715 -0.0530717 -0.0542709 -0.0515605 -0.0506938 -0.0503514 -0.0504767
internal_weight=206.714 206.022 45.365 24.9863 11.6704 20.3788 6.07686 13.3159 3.70994 9.60599 9.86123 160.657 14.3019 12.7299 160.042 3.6347 156.408 96.6933 59.7143 2.8526 0.61432 2.70805 1.80912 0.692021 0.56682 0.376788 0.113333 0.190032 0.120498 0.0620014
internal_count=14357 13903 1941 1265 579 676 273 686 224 462 117 11962 403 396 11907 1028 10879 3729 7150 237 55 1000 462 454 453 193 184 260 253 183
is_linear=0
shrinkage=0.05


Tree=282
num_leaves=31
num_cat=0
split_feature=2 4 17 6 8 17 8 7 4 6 1 1 10 4 17 7 19 11 3 1 12 15 15 12 18 18 17 6 3 6
split_gain=0.811928 0.912122 2.89456 2.89268 3.48164 2.92547 1.70287 1.76622 1.62403 1.92502 1.47949 2.51237 2.91975 2.23442 1.81769 2.76286 4.51254 2.69061 2.43643 1.35537 1.30992 1.21246 0.770752 0.73341 0.740902 0.709732 0.650264 0.540167 0.535168 0.334336
threshold=0.6464435539993586 0.18582701838873572 0.39339826839826847 0.72340370428682588 0.35143198709261186 0.64733893557422983 -0.31942331080583125 0.059611056125256995 0.18325464798956695 0.85640980017305635 1.1049726468453904 1.041921352158363 3.5000000000000004 0.40276194553749239 0.66506410256410264 0.096880517238449995 0.53367154443743792 0.16179313039588258 0.17651369057449642 1.0362243658940786 1.428575166420442 0.060120481927710849 0.10889328063241108 1.0000001914501981 83.500000000000014 22.500000000000004 0.98657657657657671 0.83481862328269274 0.15730038811178773 0.55651850865010177
decision_type=2 2 2 2 2 2 2 2 2 2 2 2 2 2 2 2 2 2 2 2 2 2 2 2 2 2 2 2 2 2
left_child=1 2 6 4 5 -4 7 -1 9 -5 11 19 13 -13 15 17 -17 -12 -16 20 -3 -20 -8 24 26 -6 27 28 -2 -24
right_child=23 10 3 8 25 -7 22 -9 -10 -11 14 12 -14 -15 18 16 -18 -19 21 -21 -22 -23 29 -25 -26 -27 -28 -29 -30 -31
leaf_value=0.020482292086839122 0.0092662355529853115 -0.00090760844385462391 -0.00037783347588981806 0.045503987507359289 -0.028635541112038001 -0.045674945524780769 0.042654777695587794 -0.052164342212972115 -0.053012931555463487 -0.018576553350524019 0.0082624292808018297 -0.015728781303946116 0.024414189332496818 -0.06534002612555076 -0.056926018437309669 -0.035101365168367843 0.032580476584464037 -0.02993242633716145 0.011109188688135672 0.050524787722502587 0.024579341934423932 0.043866354046996299 0.024665813218861611 -0.050932979712663501 -0.050071720848865867 -0.07900140528160586 -0.050181223920347476 -0.050356593776242811 0.03832433103085342 -0.0043979520517176303
leaf_weight=1.6780973659479061 2.4400926383696042 101.14461270556058 11.005100067704925 3.5117799315848961 0.90876449167262707 5.2720385388729474 3.8938784720085078 1.668608062667772 0.78395688484306436 1.7590276769806221 9.6651635257585458 5.539015376391033 2.5354919048550064 3.8450758927847346 0.84274519071914156 3.0913521302863947 12.110835920946554 8.8171616043764498 4.6386433167267551 1.3638860108549113 5.3058513196010599 7.2243057557498105 2.1646643484709789 0.39046941699871229 0.3671306080495923 3.0369121998082846 0.29417538911184227 0.22631532328159654 4.5190058510179369 1.8226925097405908
leaf_count=25 774 4877 140 427 11 2267 38 16 131 183 171 222 34 123 188 41 140 151 244 26 60 64 30 172 2271 92 389 160 805 18
internal_value=0.000558671 -6.38679e-05 -0.00710666 -0.0161863 -0.0252636 -0.0150492 0.0141432 -0.015738 0.0141316 0.0241184 0.00152617 -0.0014109 -0.0231935 -0.0360567 0.0091068 0.00302824 0.0188174 -0.00995877 0.0252219 0.000997313 0.000362747 0.0310577 0.026832 0.0159483 0.0192765 -0.0674012 0.0226804 0.0256634 0.0281356 0.0113802
internal_weight=211.867 203.63 37.5055 26.2776 20.2228 16.2771 11.2279 3.34671 6.05476 5.27081 166.124 119.734 11.9196 9.38409 46.3902 33.6845 15.2022 18.4823 12.7057 107.814 106.45 11.8629 7.88124 8.23719 7.84672 3.94568 7.47959 7.18541 6.9591 3.98736
internal_count=14290 9719 3378 3251 2510 2407 127 41 741 610 6341 5342 379 345 999 503 181 322 496 4963 4937 308 86 4571 4399 103 2128 1739 1579 48
is_linear=0
shrinkage=0.05


Tree=283
num_leaves=31
num_cat=0
split_feature=6 6 17 5 1 17 3 3 18 19 17 3 19 3 18 6 17 4 9 1 1 5 15 5 15 19 17 5 1 18
split_gain=1.30742 0.954991 3.08863 1.76394 1.68921 1.47532 1.73729 2.68111 2.11552 2.10423 2.09172 2.60845 2.25669 1.42882 1.43835 1.32189 1.25375 1.16276 0.934488 1.65971 1.13254 0.895656 1.35119 0.830121 0.814359 0.671503 0.661837 0.528515 0.4227 0.420904
threshold=0.15733407427089038 0.22378703801318856 0.70051546391752584 0.0011146333482530385 0.86277694984436493 0.73511693834160186 0.32431244694329558 0.36640834185033067 32.500000000000007 1.3744702889869529 0.41728855721393038 0.31771853079203694 0.86370314655063052 0.5823991314258451 1.5000000000000002 0.85640980017305635 0.78538050734312426 0.59990765690024395 3.5000000000000004 0.99994086666496507 1.4116025866423183 0.025579981443260902 0.46862745098039221 0.10476924618419146 0.24722222222222226 0.58462825021395537 0.52020408163265319 0.013874287698783129 0.81241090126705473 7.5000000000000009
decision_type=2 2 2 2 2 2 2 2 2 2 2 2 2 2 2 2 2 2 2 2 2 2 2 2 2 2 2 2 2 2
left_child=21 2 3 -2 23 6 10 9 -9 -8 12 -12 -3 15 -15 16 -7 24 19 -5 -20 25 -23 -4 -6 26 -1 -27 -17 -29
right_child=1 5 4 18 17 13 7 8 -10 -11 11 -13 -14 14 -16 28 -18 -19 20 -21 -22 22 -24 -25 -26 27 -28 29 -30 -31
leaf_value=0.053426376600725335 -0.047157022297892315 0.01724325301124098 0.049850243509814131 0.024986437066028235 -0.050768406249997261 0.029002696436004789 0.035082718758386436 -0.0003141023678561053 -0.060914758581077588 -0.0057367007642038486 -0.014426757162031303 -0.10122265971375576 -0.012733398011380999 0.014683844654295578 -0.074065827386302491 0.02347182570588011 0.0072659477110219367 0.041013714147089188 0.039105486607063145 -0.027817007860106491 -0.005718574112711758 -0.060582243998420729 0.014938793461032499 -0.024421615902834256 -0.15094841314072507 -0.046382993721366367 -0.050419072970388237 0.053139789622617617 -0.050418880044090369 -0.022873668596781194
leaf_weight=0.76057216548360829 0.93071089753539737 12.63246951243673 0.84185234617325366 4.994241311193039 2.4080894039389031 8.0209456536249473 9.9631692453694978 54.880856107352884 1.4789449078889436 4.6217536032199851 32.839400302904323 0.88904649950563808 12.48183211624564 0.81294048391282459 1.041311409906484 0.23182746921338448 38.359221367238206 0.3251963600378075 9.4882951705803844 2.1197989315987797 1.654992852360009 2.2649502731337638 0.80198361724615086 0.68017159022565465 0.22151972353458393 0.88757354494737206 0.19220633685699795 0.32762421667575836 1.172231468245627 0.41003793868367211
leaf_count=8 24 386 22 115 701 443 146 916 35 68 1365 7 365 13 33 28 7775 18 123 108 27 434 6 41 1 77 337 2 613 47
internal_value=0.0011613 0.00182102 0.011262 0.0199871 -0.0261345 0.000575837 -0.00222807 0.00304031 -0.00190433 0.0221476 -0.00857997 -0.0167146 0.00234483 0.00790708 -0.0351562 0.00957814 0.0110251 -0.0481776 0.0234099 0.00925238 0.0324483 -0.022574 -0.040834 0.0166592 -0.0592076 -0.000850949 0.0324774 -0.0203894 -0.0382186 0.0108868
internal_weight=208.736 203.091 23.6649 19.188 4.47683 179.426 129.787 70.9447 56.3598 14.5849 58.8427 33.7284 25.1143 49.6385 1.85425 47.7842 46.3802 2.95481 18.2573 7.11404 11.1433 5.64495 3.06693 1.52202 2.62961 2.57801 0.952779 1.62524 1.40406 0.737662
internal_count=14284 13373 1180 397 783 12193 3288 1165 951 214 2123 1372 751 8905 46 8859 8218 720 373 223 150 911 440 63 702 471 345 126 641 49
is_linear=0
shrinkage=0.05


Tree=284
num_leaves=31
num_cat=0
split_feature=2 3 8 3 7 3 8 11 3 2 8 1 7 1 8 8 11 4 17 8 15 3 6 4 15 1 11 6 6 4
split_gain=0.825414 1.23906 1.94153 1.45908 1.2015 1.19701 1.66641 2.32714 1.10482 1.08404 1.43298 0.954287 0.905409 0.803363 0.634008 0.414938 0.181582 0.15655 0.0176836 0.00403811 0.00275664 0.000949699 0.000399347 0.000199245 0.000198263 5.04313e-05 3.00982e-05 2.36797e-05 5.73431e-05 6.26211e-06
threshold=0.76334422242407718 0.17663323022181696 1.0157462166549913 0.17697411580802572 1.2414405030374527 0.17651369057449642 0.57517209639616285 0.14252569019502412 0.17699567632737503 0.63145772148581114 -0.089855396254323844 0.91100340697527993 -0.50000080733447205 0.75648320464827357 0.72488549009415104 0.15496828672216312 0.17965120309521262 0.16935684816732685 0.99528301886792458 0.652649378059874 0.16515151515151519 0.17647059446845961 0.59680905968251863 0.69717548096102055 0.39565217391304358 0.76555618275128179 0.14013267773940871 0.71685329591385061 0.71977709760569575 0.11803770376965893
decision_type=2 2 2 2 2 2 2 2 2 2 2 2 2 2 2 2 2 2 2 2 2 2 2 2 2 2 2 2 2 2
left_child=1 2 5 4 18 6 7 -1 16 12 -11 -8 -10 -6 15 -7 17 -5 20 -20 -3 24 -23 -24 26 -15 -4 -2 -29 -30
right_child=27 3 21 8 13 14 11 -9 9 10 -12 -13 -14 25 -16 -17 -18 -19 19 -21 -22 22 23 -25 -26 -27 -28 28 29 -31
leaf_value=-0.043788914176417892 -0.05023142833603296 -0.050228398293080401 -0.050172385320276652 0.052010571755687789 0.060793627735833002 0.010189174601152743 -0.051571079329389452 0.017650722707204126 -0.0082993909377171767 0.0013301807930366141 -0.052637203159978434 0.039785280241934062 0.0011182801919276484 -0.052141021739221194 -0.051206124051812664 0.052294532460967741 0.061698083841220622 -0.00048797387736926236 -0.064363556166615085 -0.055847836246171893 -0.055575291490236156 -0.050324023484124597 -0.053126228107894351 -0.055514545860713194 -0.053391841366179804 -0.050198734213636589 -0.051035901036860891 -0.052212053937257058 -0.050120376854187514 -0.050636394806819154
leaf_weight=2.5820584171960927 0.4837812915802705 1.3807886790491464 0.45781177734534029 0.26649373583495506 0.45261663320707146 0.71253890182197155 0.30806045155622985 3.8234027313737897 30.698267468935228 2.5978894280851819 2.3361312954730229 3.9651611403787683 151.32507408439778 0.039640281844185665 0.17985534013132554 3.2721814157303015 0.72906211018562317 0.30398191075801151 0.37397845823943487 0.22176123874669429 0.29203915409743775 0.073038375205214834 0.16525960888975533 0.18517666567640845 0.059491615742444992 0.21299835628269648 0.12944326364959124 0.05771836206986336 0.084180853681573353 0.19495306697353953
leaf_count=2163 1222 1690 409 3 4 100 43 577 373 110 1172 209 4759 2 38 444 2 49 47 8 5 59 42 4 1 332 29 12 377 53
internal_value=-0.000409161 -0.000210895 0.0131944 -0.00132643 -0.0360759 0.0178839 0.00901687 -0.00711576 -0.000777506 -0.00109685 -0.024222 0.0331993 -0.000470012 0.0209244 0.0406206 0.0447653 0.0451652 0.0240364 -0.0537963 -0.0611936 -0.0511618 -0.0518466 -0.0536873 -0.0543883 -0.0506414 -0.0505035 -0.0503627 -0.0504555 -0.0507774 -0.0504808
internal_weight=207.965 207.144 15.9135 191.231 2.97382 14.8433 10.6787 6.40546 188.257 186.957 4.93402 4.27322 182.023 0.705255 4.16458 3.98472 1.29954 0.570476 2.26857 0.59574 1.67283 1.07022 0.423475 0.350436 0.646747 0.252639 0.587255 0.820634 0.336852 0.279134
internal_count=14338 12674 4118 8556 2088 3574 2992 2740 6468 6414 1282 252 5132 338 582 544 54 52 1750 55 1695 544 105 46 439 334 438 1664 442 430
is_linear=0
shrinkage=0.05


Tree=285
num_leaves=16
num_cat=0
split_feature=0 0 0 7 1 7 17 10 1 18 9 7 6 7 3
split_gain=1.52487 0.960908 1.58446 0.94839 1.4851 0.903744 0.824882 0.433704 0.206482 0.351631 0.169587 0.0329012 0.00694376 0.000830842 6.86376e-05
threshold=0.54000395823132641 0.55660360754688754 0.65265092346082143 9.7558890299480296 0.10021843759488121 -1.0061724284617068 0.53907203907203916 6.5000000000000009 0.72285972251239927 6.5000000000000009 1.5000000000000002 0.95187842417873048 0.17263792018697724 0.64215437448953516 0.37380032757528475
decision_type=2 2 2 2 2 2 2 2 2 2 2 2 2 2 2
left_child=8 -2 12 4 -4 -6 10 -8 11 -10 -5 -1 -3 14 -14
right_child=1 2 3 6 5 -7 7 -9 9 -11 -12 -13 13 -15 -16
leaf_value=-0.052532089055784818 0.037436751197390254 -0.061042799650072192 -0.055480554488252176 0.025156068957012008 0.019799999875931184 -0.00035807042530475652 -0.053686669051973772 0.045300259060951281 0.019866733408509113 -0.0561328616438602 0.051558307774564049 -0.070248007112062319 -0.050871958843222403 -0.054515585515559573 -0.052112897889096114
leaf_weight=0.53733765074866713 1.7243561446666706 0.38378044718410709 1.2039683030452568 1.0586357421416321 5.723588921755435 194.73344503745739 0.40809399612135155 0.15182486642152071 0.2581537045771255 0.37081104156095535 1.4294501125259556 0.51159069268032908 0.22830140840960667 0.454345399630256 0.21767126000486314
leaf_count=33 8 10 36 42 106 13706 294 2 6 39 17 7 29 14 13
internal_value=-0.000116284 0.000267201 -4.39431e-05 0.000303365 -0.000115035 0.000217497 0.0279854 -0.0268459 -0.0475905 -0.0249394 0.0403246 -0.0611726 -0.0554113 -0.0530107 -0.0514776
internal_weight=209.395 207.717 205.993 204.709 201.661 200.457 3.048 0.559919 1.67789 0.628965 2.48809 1.04893 1.2841 0.900318 0.445973
internal_count=14362 14277 14269 14203 13848 13812 355 296 85 45 59 40 66 56 42
is_linear=0
shrinkage=0.05


Tree=286
num_leaves=25
num_cat=0
split_feature=10 1 7 19 1 11 8 7 15 8 15 8 10 8 11 3 15 9 2 7 5 3 7 2
split_gain=0.8241 1.41824 1.20423 0.878413 1.91617 4.46453 2.56832 2.15205 1.36089 1.26356 1.90482 1.64685 3.46012 2.19366 1.51941 1.16091 1.28219 2.40637 1.0286 0.719216 0.570861 0.490572 0.480592 0.11232
threshold=6.5000000000000009 1.4620681573581027 0.065121271700153069 2.1777825801545827 0.86813674545092157 0.0027680314132856451 0.02815163973724218 -0.21417928228901681 0.76388888888888895 0.72488549009415104 0.32379032258064522 0.15817007244905235 5.5000000000000009 0.16463820648016222 0.20460683913961672 0.21257125006781688 0.082843137254901972 2.5000000000000004 0.54588177322117015 0.54043939498550653 0.14793236427057804 0.25132760191275411 -0.57706482529811243 0.60879490824352389
decision_type=2 2 2 2 2 2 2 2 2 2 2 2 2 2 2 2 2 2 2 2 2 2 2 2
left_child=3 2 -2 8 5 19 7 -7 9 11 14 12 -1 -13 -11 18 17 -17 -6 -5 -18 -12 -8 -3
right_child=1 23 -4 4 15 6 22 -9 -10 10 21 13 -14 -15 -16 16 20 -19 -20 -21 -22 -23 -24 -25
leaf_value=0.0025417911292553398 -0.03798973462700804 0.051159561021771674 0.021701030650473376 0.050576670446996985 -0.059654319040630788 0.0225043128863485 -0.071811123511384176 -0.022844449403750747 -0.032627534341359309 0.0054060633927777513 0.013656582200436453 -0.078776413236293211 -0.047093005800449089 -0.0098320592339876563 -0.043773703685902839 -0.06231591396346442 0.042797881274260458 0.029592600280198719 0.013940256743510704 0.013904310661043962 0.011722985228139027 0.051579022247950836 -0.035454958569790633 0.030374954491018066
leaf_weight=80.569356604636596 1.4670818254817271 1.8717723581939938 1.9925635072868315 3.2230013052467283 0.77134563516301513 4.2466989743988943 1.8419396078679713 6.8136499286392791 3.5254379250109187 31.599039653423461 1.2437462676316493 1.1880140863086115 3.671218679741286 40.006806562979364 1.6526573788032681 1.0549089198466384 7.1522522782906872 2.1920994801912457 1.2348996533546595 2.2847221257397905 1.8628561086952684 2.7131440602242947 1.7946442983229633 0.99581071940337995
leaf_count=4459 22 39 23 32 32 25 19 169 34 2775 13 160 82 5992 104 38 85 27 35 32 11 68 21 27
internal_value=0.000173576 0.0179405 -0.00361117 -0.0003867 0.00687676 -0.00302948 -0.0174176 -0.00543247 -0.00189356 -0.00122737 0.00686428 -0.00362764 0.000378698 -0.0118203 0.00296176 0.0209045 0.0266734 -0.000267227 -0.0143548 0.0353642 0.0363767 0.0396591 -0.0538695 0.0439418
internal_weight=206.97 6.32723 3.45965 200.642 34.473 20.2047 14.6969 11.0603 166.169 162.644 37.2086 125.435 84.2406 41.1948 33.2517 14.2684 12.2621 3.24701 2.00625 5.50772 9.01511 3.95689 3.63658 2.86758
internal_count=14324 111 45 14213 526 298 234 194 13687 13653 2960 10693 4541 6152 2879 228 161 65 67 64 96 81 40 66
is_linear=0
shrinkage=0.05


Tree=287
num_leaves=31
num_cat=0
split_feature=18 16 9 8 8 6 11 3 19 16 16 3 5 19 16 4 4 11 2 16 8 3 6 17 15 1 17 1 1 11
split_gain=0.998857 2.72699 3.07095 2.3045 2.24688 3.39993 2.45512 2.08491 2.21671 2.14804 2.06384 1.75304 1.51989 1.96837 1.46714 1.45012 1.99093 1.39053 1.38485 1.36343 1.30791 1.28663 1.27429 1.22597 1.22195 1.02583 1.02479 2.09379 2.01988 6.57161
threshold=13.500000000000002 0.051414221517314306 3.5000000000000004 0.15817007244905235 0.67118981373807374 0.66137480195205489 0.19111449935706573 0.33050075855130473 0.53367154443743792 0.1167748917748918 0.05581516095534788 0.17639968597811037 0.084668555379915647 0.78953164811527199 0.042705167173252283 0.18619599718685839 0.19720057568518948 0.19527168595503658 0.20777877814000092 0.33568075117370894 -0.65097844819150519 0.45631481371897847 0.19516671305955061 0.49666666666666676 0.30116279069767443 1.2060600251398024 0.3712316968130922 0.99999957465430922 0.94400859743805177 0.04417117435118581
decision_type=2 2 2 2 2 2 2 2 2 2 2 2 2 2 2 2 2 2 2 2 2 2 2 2 2 2 2 2 2 2
left_child=15 3 7 11 5 6 -5 24 21 -10 25 -2 22 -14 -7 20 -17 23 -12 -20 -1 -9 -13 -6 -3 -4 28 -28 -18 -30
right_child=1 2 10 4 17 14 -8 8 9 -11 18 12 13 -15 -16 16 26 -19 19 -21 -22 -23 -24 -25 -26 -27 27 -29 29 -31
leaf_value=-0.018702095918979221 -0.052946013305849762 -0.058273470070890211 -0.018020028607612395 -0.057087167192079846 0.045104732585461577 -0.0020551674151883859 0.0077038684500556273 -0.085473936790385008 0.036557890935997477 -0.029492326644536118 -0.038550705992460826 -0.034552304783403535 0.017768193889902636 -0.056287122965532912 0.060283717160592269 -0.058238387969898456 0.0046931613660934814 -0.059374891241760944 0.0037630248892596102 -0.037854254547072516 0.035420225578674108 0.0049205616226258211 0.035957330780020447 0.006485664926218407 0.051282906577883314 -0.098237414708137794 0.0024397925107460363 0.023428265342830542 -0.047239107215372382 0.030788946661822303
leaf_weight=1.3593330387957392 0.78243167490564047 5.5525205486837859 0.78250723810924572 5.3382400024074759 2.9821039661765063 3.4835676964139566 2.0136508850591781 1.3254238887457175 2.5852794498132425 2.3496942297933856 2.2969047391088671 0.67552436727783316 3.6464826653282207 1.1901526683541304 1.2945788252181953 1.3053850792348374 30.890606643719366 0.6097960821152818 35.354562212175551 2.0840052178955366 6.2425396339131103 0.55995601816175611 12.459254894620242 6.6102604278112267 0.26674440130591381 0.81223130483340356 44.12274213325145 16.262163919891464 7.6247798085387313 4.1764945701434044
leaf_count=22 1198 2420 31 2894 16 1387 213 44 34 79 29 58 386 32 102 25 815 73 858 270 95 108 689 1329 4 15 602 207 138 80
internal_value=0.00145891 -0.00231058 -0.00969973 0.00739565 -0.00345586 -0.0180007 -0.0393412 -0.0312671 -0.0125095 0.00510933 -0.00310398 0.0203177 0.0235074 -0.000454626 0.0148348 0.00465859 0.00312312 0.0138375 -0.000865616 0.00144641 0.0257423 -0.0586269 0.032331 0.0184917 -0.0532516 -0.0588763 0.00390021 0.00809217 -0.00202903 -0.0196248
internal_weight=207.04 95.0559 53.9698 41.086 22.3322 12.13 7.35189 12.6396 6.82035 4.93497 41.3302 18.7538 17.9714 4.83664 4.77815 111.984 104.382 10.2022 39.7355 37.4386 7.60187 1.88538 13.1348 9.59236 5.81926 1.59474 103.077 60.3849 42.6919 11.8013
internal_count=14253 12269 3892 8377 6014 4596 3107 2689 265 113 1203 2363 1165 418 1489 1984 1867 1418 1157 1128 117 152 747 1345 2424 46 1842 809 1033 218
is_linear=0
shrinkage=0.05


Tree=288
num_leaves=31
num_cat=0
split_feature=7 7 1 8 7 8 5 6 2 3 4 19 7 8 2 7 4 4 1 10 1 14 6 5 8 19 5 15 19 1
split_gain=0.756327 1.25062 1.46446 1.85011 1.22965 1.56426 1.40584 1.18344 1.40662 1.15117 1.07892 1.51019 1.82784 1.19477 2.21531 2.35721 1.58268 1.68756 0.805863 1.04275 1.24682 0.802196 0.696971 0.628339 0.880448 0.594296 0.520221 0.398735 0.295858 0.2917
threshold=1.1528959389604383 1.0144818270450147 0.64463252499111656 0.20427727673448706 1.6981929073966602 0.99654850008642581 0.010147178072889314 0.50872468466710574 0.57895924829078782 0.39729962317772166 0.7310491449692671 0.54227626836202203 -0.34384666914464651 0.89145823621153586 0.041867960512248524 0.33833599945543041 0.69717548096102055 0.6527360654344746 0.98592011664070689 2.5000000000000004 1.1099073482163695 0.99350649350649356 0.328871447630603 0.18463603811326373 -0.65097844819150519 0.39150031727265983 0.028374167049632356 0.09938271604938273 0.32500006381653518 0.8014020076483378
decision_type=2 2 2 2 2 2 2 2 2 2 2 2 2 2 2 2 2 2 2 2 2 2 2 2 2 2 2 2 2 2
left_child=1 10 -3 29 5 18 28 8 9 -8 13 12 -12 16 25 -16 17 -1 -2 20 -20 -14 -18 26 -25 -15 -9 -7 -6 -4
right_child=4 2 3 -5 6 27 7 23 -10 -11 11 -13 21 14 15 -17 22 -19 19 -21 -22 -23 -24 24 -26 -27 -28 -29 -30 -31
leaf_value=-0.0016941545767745624 0.045678531308960373 -0.081797651300382357 0.052000741115450257 -0.056790250779451726 0.03967708680791155 -0.054263175379086773 -0.043425237635391689 0.0036451873662441967 0.05086139914172956 0.013433471688309787 0.0086760591374890304 0.024581718960745413 -0.055320979481024136 0.0074978869454153142 -0.007600903778701343 0.030827132395489711 0.061081631420673958 -0.042276667582931769 -0.057601416604407957 0.044746685967091943 0.034146703676832313 0.001676930231589072 0.012529220907114209 0.053372966939410127 -0.053078039621697937 0.047459477717269542 0.042801852110370138 0.015440603930005948 -0.054733122093380132 0.0048400481256879102
leaf_weight=139.84132993667663 4.3211878831825761 1.0094572019479522 0.70589034631848357 1.1448240018071372 0.088620578811968609 0.71998302354950261 2.6633182164750888 1.2244910480512774 0.73440210379703774 1.337125826597912 2.2371845754969399 1.6671723882900549 3.9142524055860104 1.1971295904368187 15.179278841296766 5.413955228368649 1.3417239117261481 2.6094628015816843 0.83749405262460663 1.2529705035558434 0.66378922199510271 0.73289166076574463 1.6458377874514551 0.29651226848363865 0.56316924368729815 4.1752489117207006 2.7605156723002438 0.28693475655745715 1.3042990355811523 0.61228121916064993
leaf_count=10208 116 10 9 182 10 271 330 33 45 36 31 19 242 22 1011 194 15 121 334 27 26 6 68 2 108 104 56 9 609 38
internal_value=-0.000371691 -0.00135661 -0.0310777 -0.0102901 0.00910946 0.0239087 -0.00179175 0.00503284 -0.0127439 -0.0244205 -0.000783106 -0.018116 -0.0284561 8.16497e-05 0.00996131 0.00250182 -0.0016822 -0.00243756 0.0322068 0.0110707 -0.0170352 -0.046332 0.0343343 0.0224065 -0.0163621 0.0385548 0.03077 -0.0344001 -0.0487265 0.0300949
internal_weight=202.483 183.428 3.47245 2.463 19.0548 8.08236 10.9725 9.57953 4.73485 4.00044 179.955 8.5515 6.88433 171.404 25.9656 20.5932 145.438 142.451 7.07544 2.75425 1.50128 4.64714 2.98756 4.84469 0.859682 5.37238 3.98501 1.00692 1.39292 1.31817
internal_count=14292 12280 239 229 2012 783 1229 610 411 366 12041 298 279 11743 1331 1205 10412 10329 503 387 360 248 83 199 110 126 89 280 619 47
is_linear=0
shrinkage=0.05


Tree=289
num_leaves=31
num_cat=0
split_feature=5 5 7 5 7 2 7 7 19 8 3 11 16 6 16 16 6 18 8 16 2 3 4 2 15 5 7 2 15 6
split_gain=0.825783 1.89924 2.88278 1.69364 1.70816 1.42249 1.39686 2.27238 2.22836 2.18104 1.36959 1.33887 1.25645 2.48655 5.64854 2.15872 2.45724 1.72737 1.24002 1.38494 2.78711 2.35917 1.15892 0.881404 0.96112 0.685969 0.649617 0.380537 0.524455 0.115432
threshold=0.073912760790656604 0.12027388927983304 0.65677870700723162 0.072070103065640337 -1.0061724284617068 0.44112924189349406 -0.21417928228901681 0.096880517238449995 0.83916204032619168 -0.35747395171466556 0.25132760191275411 0.20300622364159587 0.099450549450549472 0.4264406628078885 0.10050505050505053 0.082843137254901972 0.20935139511570788 10.500000000000002 -0.58769235627512562 0.22749774977497753 0.25114880979450704 0.31048362083684394 0.21603839849334919 0.25866871877433434 0.016530054644808747 0.096828152507849666 -0.37690105055535078 0.47199350173622517 0.12326685660018995 0.45858371619022259
decision_type=2 2 2 2 2 2 2 2 2 2 2 2 2 2 2 2 2 2 2 2 2 2 2 2 2 2 2 2 2 2
left_child=3 2 18 4 -1 6 9 11 -9 22 -11 -8 15 17 -15 16 -6 -14 -2 20 -20 -21 -3 25 -25 -4 -17 -7 -29 -5
right_child=1 5 23 29 12 27 7 8 -10 10 -12 -13 13 14 -16 26 -18 -19 19 21 -22 -23 -24 24 -26 -27 -28 28 -30 -31
leaf_value=0.046478815060672057 -0.04587527332444729 -0.013497806682865217 0.060727654174871151 0.030759099935842412 -0.030588116010311108 0.056150875194678207 -0.046842017575256641 0.0078272767222030051 -0.029057625148323891 -0.016917364336235353 0.013179544606782383 -9.2056482702993978e-05 0.022981678377850534 -0.2065943722081646 -0.012084587218947292 -0.025859207681244164 0.0065209562791506432 -0.0058017490308342086 -0.047351448903521401 -0.049873264071328589 -0.0084766024323338109 0.019207117231575987 0.05176861919264495 -0.05669604156621344 0.017503355824259482 0.014872062732682248 0.04319501091170045 -0.05262762292414274 0.049300497868526937 0.054016784331414672
leaf_weight=2.1140982371362034 3.5392271340242614 0.82129414188966876 1.6356143426382908 0.84619500722692409 4.9094556804257072 1.5049860374856501 4.576881039174622 22.063508229944095 5.0278823379048836 5.9711767113367413 10.300658560467125 2.3016804042563308 10.103016418521294 0.37846218049162672 27.070923313513049 0.36856862311105931 48.830457216118702 10.76787280492317 6.7956108714570354 1.5764032582737844 14.339364903222302 5.722168953740038 3.9580965876120899 0.60641857586961156 1.5569527841871602 1.6266818005824459 4.484636712218161 0.21768498655728752 0.3002897531259805 1.4437008872046133
leaf_count=45 39 80 20 22 816 47 412 1815 95 265 324 48 117 9 1330 7 6506 869 75 105 544 81 132 90 32 24 250 117 6 33
internal_value=-5.11155e-05 -0.00349002 -0.012247 0.00286648 0.00197268 0.0022511 0.000737127 -0.0055344 0.00098182 0.0108574 0.00213506 -0.0311987 0.00109262 -0.00487616 -0.0147664 0.00601493 0.00313083 0.00813151 -0.0179655 -0.0144915 -0.0209762 0.00428659 0.0405532 0.0214516 -0.00329561 0.0378626 0.0379508 0.0434287 0.006464 0.0454223
internal_weight=205.76 94.4426 37.3984 111.317 109.027 57.0441 55.0212 33.97 27.0914 21.0512 16.2718 6.87856 106.913 48.3203 27.4494 58.5931 53.7399 20.8709 31.9728 28.4335 21.135 7.29857 4.77939 5.42567 2.16337 3.2623 4.85321 2.02296 0.517975 2.2899
internal_count=14355 4351 1010 10004 9949 3341 3171 2370 1910 801 589 460 9904 2325 1339 7579 7322 986 844 805 619 186 212 166 122 44 257 170 123 55
is_linear=0
shrinkage=0.05


Tree=290
num_leaves=31
num_cat=0
split_feature=2 5 17 8 9 1 18 11 18 18 7 15 1 16 10 8 7 15 16 9 17 1 17 3 1 1 3 7 4 4
split_gain=0.885723 2.05211 2.31281 2.18358 1.84413 1.6778 1.57356 2.09436 1.6452 2.16009 1.3978 2.21371 1.29765 1.27529 1.35481 1.26302 1.20258 1.18851 1.18775 1.12387 1.10373 1.09028 1.0896 1.87753 1.38491 1.07136 1.7863 0.991784 0.625652 0.263838
threshold=0.52122394088047008 0.0066476020492425491 0.5300120048019209 -0.14799246722212786 12.500000000000002 0.97779387389503458 50.500000000000007 0.035567962815757262 47.500000000000007 45.500000000000007 0.056337951763147105 0.10084745762711866 1.4620681573581027 0.1023024594453166 6.5000000000000009 0.042417930293826379 0.33833599945543041 0.14160401002506268 0.021390986044383439 9.5000000000000018 0.95260557053009898 1.3470872676719015 0.73511693834160186 0.1765519871431239 1.041921352158363 1.2205234094425037 0.1827969831578872 1.7690886948794937 0.20531388825061278 0.18582701838873572
decision_type=2 2 2 2 2 2 2 2 2 2 2 2 2 2 2 2 2 2 2 2 2 2 2 2 2 2 2 2 2 2
left_child=4 5 10 12 6 20 8 -8 9 19 17 16 21 27 -15 -9 -12 -3 -11 -1 28 -4 25 24 -24 26 -7 -5 -2 -19
right_child=1 2 3 13 -6 22 7 15 -10 18 11 -13 -14 14 -16 -17 -18 29 -20 -21 -22 -23 23 -25 -26 -27 -28 -29 -30 -31
leaf_value=0.0010899432554145707 -0.052209129043977558 -0.014422207331422542 -0.0089231156238300507 -0.050082657640674988 0.042718175534570302 -0.049304414276582706 -0.050367693520268576 -0.037714815133431973 -0.056197595751660945 0.064782938436630869 -0.055070633528569626 -0.035348815015489199 -0.04934633212115723 -0.079460219298073786 -0.2349260839127176 0.046083063515535962 0.03402159044360116 0.048718936935170175 -0.051173367258094252 -0.024803908066635072 0.05491612842922064 0.060032651263257179 0.025260841521840861 -0.050613837951784812 -0.050552141461071766 0.034159656184528583 0.023575231383191644 0.034842086043140381 0.043787408899532101 0.018246570847604504
leaf_weight=148.75508237183203 0.44153096862828478 1.6967853298410789 1.6461185501648294 4.2845963158124487 2.7672148462734176 1.4187408615889565 0.7677491576760066 0.49707838799076842 1.264987445600126 1.8745258583148818 0.44978221274323038 4.9592342327232473 1.1313220411175278 0.85684888242030843 0.16753505170345306 4.7136840230887174 2.3990830153106799 1.9644117187708618 0.25033214009818028 4.3119214603211722 2.5451579983127885 0.87951899704785308 2.5570624179740666 2.3917241676840604 0.78802950764838886 3.1403360106360196 2.0638911278365413 0.37377744669720403 0.27572329432587139 1.1126885954290626
leaf_count=4208 248 40 99 1706 55 227 518 31 422 172 160 38 66 657 1 141 107 38 102 55 278 6 1214 2887 737 71 45 55 12 18
internal_value=0.000668673 -0.00626369 -0.0161318 -0.0349818 0.00224412 0.00758366 0.00155461 0.0267297 0.000592622 0.00105553 -0.00213931 -0.0151704 -0.00484425 -0.0543758 -0.104886 0.0380892 0.0199556 0.0191742 0.051122 0.000360509 0.0394774 0.0150898 -0.000834808 -0.0167859 0.00740098 0.012982 -0.00611419 -0.0432685 -0.0153066 0.0377
internal_weight=202.746 37.5439 21.9217 9.33972 165.203 15.6222 162.435 5.97851 156.457 155.192 12.582 7.8081 3.65696 5.68276 1.02438 5.21076 2.84887 4.77389 2.12486 153.067 3.26241 2.52564 12.3598 5.73682 3.34509 6.62297 3.48263 4.65837 0.717254 3.0771
internal_count=14414 8710 2991 2590 5704 5719 5649 690 4959 4537 401 305 171 2419 658 172 267 96 274 4263 538 105 5181 4838 1951 343 272 1761 260 56
is_linear=0
shrinkage=0.05


Tree=291
num_leaves=26
num_cat=0
split_feature=10 19 17 3 3 9 18 7 7 1 0 6 3 3 2 7 11 7 8 5 2 7 15 15 19
split_gain=1.21088 1.12327 0.968037 1.74421 1.49254 1.41659 1.42737 1.38133 3.15565 1.61624 1.42973 2.36548 1.02343 1.54381 2.49776 1.37626 1.3945 1.2151 0.740369 0.374138 0.300412 0.182267 0.00823384 0.00742639 0.00138296
threshold=6.5000000000000009 0.61414890611470518 0.95260557053009898 0.16244854646570547 0.5823991314258451 7.5000000000000009 20.500000000000004 -0.39030301982911508 -0.57706482529811243 0.88787115702013997 0.79623927340848721 0.30253015383325449 0.5823991314258451 0.49188335001969546 0.28296995848612078 -0.33090526808927079 0.11233494481060778 -0.10142478842371776 0.056560808967078179 0.096828152507849666 0.013447805167802801 0.065121271700153069 0.23606811145510839 0.30860805860805868 8.7141633160738916
decision_type=2 2 2 2 2 2 2 2 2 2 2 2 2 2 2 2 2 2 2 2 2 2 2 2 2
left_child=2 18 3 5 7 22 -7 8 19 -10 20 -12 13 17 -15 -14 -17 -5 -2 -4 -9 -3 24 -8 -1
right_child=1 21 4 12 -6 6 23 10 9 -11 11 -13 15 14 -16 16 -18 -19 -20 -21 -22 -23 -24 -25 -26
leaf_value=-0.050403432589797952 -0.037764059087520091 0.027089810040858631 0.04455661731524585 0.0053736104506692806 -0.035693167526579327 0.053237669232112511 -0.051767497191297709 0.029558729931504591 -0.089754276283522907 0.0052078738895857549 -0.037310812604453902 0.019287006355142172 -0.018435568699594406 -0.024779132043679764 0.03439508560173795 0.031095499917600952 -0.014569302989824565 -0.004111510180106903 0.021465846796458965 -0.00041288216798596406 0.056024822479609007 0.049875774374704161 -0.05700067249417963 -0.064679634949816031 -0.054994076796361695
leaf_weight=2.0666897650294231 0.96994898968114229 1.5157594191841783 1.3843122404541648 58.921348646370461 1.7213509579014488 0.77419396157529241 0.3048437252327858 2.0184061080799482 1.3492655220106891 0.67084815868292924 2.171715929890067 12.313735621811245 2.7423247738624914 13.232974206450306 2.0610623646480226 7.9670554844633426 2.1158464902546257 79.084359373311599 1.1568882903084157 0.69460713793523599 2.2871979275951162 2.0846564099192619 0.6935858130455016 0.17544868588447571 0.17820699978619803
leaf_count=2796 27 36 38 965 36 20 197 27 30 136 964 3243 39 396 263 88 34 4826 20 25 35 23 10 1 7
internal_value=0.000604246 0.0232642 -6.15295e-05 -0.00140095 0.0092076 -0.03325 0.0112296 0.0125842 -0.0137143 -0.0582188 0.0183208 0.0108016 -0.000597081 -0.00173221 -0.0168047 0.0129711 0.021513 -6.18509e-05 -0.00554609 0.0295314 0.0436179 0.040283 -0.052239 -0.0564842 -0.0507679
internal_weight=200.657 5.72725 194.929 170.318 24.6114 4.19297 1.25449 22.8901 4.09903 2.02011 18.7911 14.4855 166.125 153.3 15.294 12.8252 10.0829 138.006 2.12684 2.07892 4.3056 3.60042 2.93848 0.480292 2.2449
internal_count=14282 106 14176 9642 4534 3031 218 4498 229 166 4269 4207 6611 6450 659 161 122 5791 47 63 62 59 2813 198 2803
is_linear=0
shrinkage=0.05


Tree=292
num_leaves=31
num_cat=0
split_feature=8 11 8 11 3 6 8 6 5 3 15 1 11 8 19 2 8 1 8 4 8 2 11 5 16 15 8 19 3 2
split_gain=0.878548 1.80971 1.89249 2.09842 1.70182 1.66892 2.24686 2.25343 1.79133 2.55332 1.80087 1.70655 2.28498 2.7424 2.4449 2.02971 2.83945 1.88476 1.84689 1.79957 1.63315 1.46403 1.2846 2.08938 1.28441 1.46085 1.33359 1.09447 1.01241 0.986652
threshold=-0.39333090527602471 0.19111449935706573 0.55736578111256219 0.2066854511974956 0.22851464015985631 0.35247833560211494 -0.430340563532494 0.31599526453499849 0.026779774880431508 0.26681039847579663 0.24722222222222226 0.70148965166556387 0.19111449935706573 -0.65097844819150519 0.5115489384192925 0.20777877814000092 -0.72859526607884362 1.3125724938859344 -0.44684191259026701 0.42787815026319781 -0.37734305668795159 0.14504110423568031 0.18295400964876707 0.069888498268875429 0.012739370334307045 0.21103238866396765 -0.34429611182886427 0.51481677206016208 0.37380032757528475 0.6354383892483183
decision_type=2 2 2 2 2 2 2 2 2 2 2 2 2 2 2 2 2 2 2 2 2 2 2 2 2 2 2 2 2 2
left_child=5 20 4 -4 24 6 8 -8 -1 -10 -11 15 14 21 -13 16 -7 -15 -18 -16 -2 -14 29 -24 26 -26 -3 -6 -5 -22
right_child=1 2 3 28 27 11 7 -9 9 10 -12 12 13 17 19 -17 18 -19 -20 -21 22 -23 23 -25 25 -27 -28 -29 -30 -31
leaf_value=0.027003526109357825 0.046492053659502507 -0.057418672491131931 0.042920127098018297 -0.048747218458393651 -0.0056705764401358896 0.029537404987671812 -0.034070465273188376 -0.16385876178012368 0.023490839413381318 -0.060396351153492261 -0.0099362120945710002 -0.049217080440095547 -0.035768191094747541 -0.070738799857661003 0.039204400424199336 -0.052803517055288143 -0.054447140124979136 0.0089194337023332532 0.018396605974678282 -0.010809738156743456 -0.00071336084058761374 0.028084152290927408 0.023666541292204833 -0.061902990331651336 -0.016717599619258023 0.036373655961411809 0.046760222855066175 0.043794851515912447 0.0067600840233359759 0.016927665198560184
leaf_weight=2.2728388126888595 1.8903687943420653 0.34662069190380895 1.2875858635525208 2.5686503313627331 1.2920534580480296 3.6426596203818917 0.98936434933420858 0.50521285305148922 2.2881546826029062 3.8503102898757788 3.2697385656647384 1.0800325684758743 1.1797231058590112 2.3358007579226965 9.2425210794426658 2.7073381769805565 2.7501300639414694 1.0886554572280145 1.2729135544504986 2.2330994946096316 119.17703441394997 3.7552804405422648 1.0978277814811002 2.0371083594945958 5.3736432203040749 1.7073637134162707 2.70020937135269 8.3131286357966001 1.2077219111379234 8.4907313867188332
leaf_count=49 47 12 27 140 43 25 52 8 135 112 28 191 16 25 123 99 95 46 27 41 6409 59 62 27 640 18 225 137 12 5438
internal_value=0.000914969 0.00266725 0.0150658 -0.0122013 0.0220632 -0.00529158 -0.0202191 -0.0779429 -0.0128335 -0.0224573 -0.0372236 0.000994507 0.00921812 -0.0110359 0.0227031 -0.0155867 -0.00244266 -0.045415 -0.031399 0.0294719 0.000350266 0.0128201 -0.000316578 -0.0319373 0.00776361 -0.0039163 0.0349084 0.0371409 -0.0309954 0.000459881
internal_weight=201.954 157.49 24.797 5.06396 19.733 44.4638 13.1756 1.49458 11.681 9.4082 7.12005 31.2882 20.9151 8.35946 12.5557 10.373 7.6657 3.42446 4.02304 11.4756 132.693 4.935 130.803 3.13494 10.1278 7.08101 3.04683 9.60518 3.77637 127.668
internal_count=14368 13237 1254 179 1075 1131 384 60 324 275 140 747 501 146 355 246 147 71 122 164 11983 75 11936 89 895 658 237 180 152 11847
is_linear=0
shrinkage=0.05


Tree=293
num_leaves=31
num_cat=0
split_feature=6 8 3 5 1 7 8 7 6 11 8 1 1 7 7 6 8 1 8 6 1 7 7 18 19 9 15 2 15 15
split_gain=0.861494 0.825001 1.33967 1.13637 1.14167 1.0401 2.55759 2.66358 2.45781 2.65164 2.0298 1.73718 1.31116 1.02793 2.23716 3.41949 1.87392 3.03688 2.08571 1.75379 0.79895 0.569635 0.637175 0.55501 0.18654 0.284353 0.0184153 0.000235791 0.00011944 5.64362e-05
threshold=0.13546192957499817 1.9796872985457508 0.19307664484759565 0.050612144220888229 0.66471074773163552 -0.50000080733447205 0.035869902596029082 -0.63512645822350178 0.59269173940022801 0.04283831556209685 0.3696960306348594 0.8014020076483378 0.76998654437512515 0.21170884510251567 0.35140682710434845 0.40649453558103005 0.70852631237336217 1.0011019341332121 0.61586083917689294 0.60314899956574541 1.1067788899984412 0.69813284642938445 0.82783585594723108 69.500000000000014 0.56331948024912881 2.5000000000000004 0.15450928381962867 0.016853039026482993 0.047394429469901175 0.33589743589743598
decision_type=2 2 2 2 2 2 2 2 2 2 2 2 2 2 2 2 2 2 2 2 2 2 2 2 2 2 2 2 2 2
left_child=21 5 27 4 -4 6 8 10 12 -10 -8 -9 -2 16 15 -15 18 -18 -7 -16 -6 23 -23 26 25 -5 28 -3 -1 -29
right_child=1 2 3 24 20 13 7 11 9 -11 -12 -13 -14 14 19 -17 17 -19 -20 -21 -22 22 -24 -25 -26 -27 -28 29 -30 -31
leaf_value=-0.050644393157858986 0.037693517559897409 -0.053387855830333536 0.045148879753464474 0.014978702929916717 -0.052671456245692187 0.0039873445260497449 -0.030193419608807771 -0.073883697189924921 -0.076979072159228334 0.034104612683145595 0.0091391210606350508 -0.011076773121004906 -0.00030478502917071306 0.0091802047535470555 -0.0044835688163427064 -0.038254341302335536 0.039847933625744215 -0.0090754180638975401 -0.0449632698142894 0.013549063082663324 0.030579740284699505 0.04799564573068002 -0.050660735501704413 0.044439890998450644 0.054248092997777442 0.056194564474373265 -0.063278788760361179 -0.050305685140124339 -0.052146585311240459 -0.051979465875206479
leaf_weight=0.30856590036273635 5.3720781824667956 0.07970710750669141 0.81533091928577084 1.0415702411773966 1.0173997967503963 73.235037967381686 5.9015255881822686 3.1197064783191299 1.4566205875744338 0.85113333450863127 7.3844600745942444 1.701376554679882 3.9317822861739842 6.3864650022878768 36.317241145496155 9.3790557644952042 8.9601244961231696 4.9103428608032109 2.2427332823281168 21.445400266271463 0.40208501017627885 0.39622104323825613 0.27883871136373273 0.14560696405078477 1.881256954744458 0.69952530006412406 0.78634417057037354 0.49150082581036258 0.23167451177141629 0.056111141107976437
leaf_count=182 31 2 20 53 348 4782 109 27 49 18 71 55 128 1310 1991 2640 208 138 47 1144 23 15 282 78 20 4 6 476 11 2
internal_value=0.000714907 0.00105467 0.0185963 0.0260338 -0.00200509 0.000464066 -0.00813793 -0.019884 0.0101788 -0.0360098 -0.00833207 -0.0517189 0.0216356 0.0020336 -0.00234504 -0.0190391 0.00563695 0.0225284 0.00253283 0.00221136 -0.0290896 -0.0307862 0.00724486 -0.0482249 0.0433325 0.0315381 -0.0583959 -0.050847 -0.0512886 -0.0504772
internal_weight=201.227 199.08 6.48449 5.85717 2.23482 192.595 29.7187 18.1071 11.6116 2.30775 13.286 4.82108 9.30386 162.876 73.5282 15.7655 89.3482 13.8705 75.4778 57.7626 1.41948 2.14725 0.67506 1.47219 3.62235 1.7411 1.32658 0.627319 0.54024 0.547612
internal_count=14270 13696 948 468 391 12748 488 262 226 67 180 82 159 12260 7085 3950 5175 346 4829 3135 371 574 297 277 77 57 199 480 193 478
is_linear=0
shrinkage=0.05


Tree=294
num_leaves=31
num_cat=0
split_feature=1 8 6 3 6 18 2 0 2 16 0 5 8 7 8 7 3 1 6 7 16 3 2 3 8 3 8 7 6 7
split_gain=1.32841 1.72326 2.89284 1.8996 1.35445 1.68048 1.70127 1.5484 1.4303 1.32187 1.37944 1.36719 1.29818 1.28117 1.23168 1.56695 1.34336 1.27521 2.85337 2.64848 1.14551 1.09676 1.19635 0.972262 0.903334 0.858722 0.792023 0.740182 0.646714 0.329197
threshold=0.64463252499111656 1.1753809664846704 0.70691356755266288 0.31771853079203694 0.65938233964265136 1.5000000000000002 0.016853039026482993 1.000230123974984 0.030830476798263253 0.26705426356589151 0.69999925015597209 0.033857189751918031 1.3506663390590101 -0.14547179636930949 0.34260398371135858 0.60165447011543394 0.33487493228289039 0.98806327284726037 0.74243082663025528 -0.13096268984793788 0.33568075117370894 0.25132760191275411 0.22904674679625273 0.45631481371897847 0.44316076252336772 0.23943741492975773 -0.65097844819150519 0.99709048094221953 0.40381069527587948 0.36014459268377269
decision_type=2 2 2 2 2 2 2 2 2 2 2 2 2 2 2 2 2 2 2 2 2 2 2 2 2 2 2 2 2 2
left_child=1 2 3 25 5 28 24 8 -8 10 -5 -11 14 -4 17 20 -17 18 -6 -19 -16 -14 27 -3 -7 26 -1 -23 -2 -15
right_child=4 23 13 9 12 6 7 -9 -10 11 -12 -13 21 29 15 16 -18 19 -20 -21 -22 22 -24 -25 -26 -27 -28 -29 -30 -31
leaf_value=0.025904968204983267 0.0093447963397407796 0.029503649702425517 -0.1044729645623423 0.028575969764931687 -0.019726244688168651 -0.064869411382864922 0.032751721354199924 -0.040919095789001179 -0.0015211094130531434 -0.061814042052601707 -0.010750242333061872 -0.005041478722401304 -0.052323672053418084 -0.057610706459184015 0.03647342039083111 -0.034654230725291897 0.046826613301020288 0.018970893837477344 0.039967636285200642 -0.021584112032108537 -0.010117543599591057 0.050858367345654215 -0.02507124937117567 -0.019377496054947582 -0.0078797119189267396 -0.06043494101728894 -0.039682885682289365 -0.050097337358309846 0.049629779025086251 -0.022127518235429588
leaf_weight=0.74559963354840864 1.8877970073372119 3.6624258354713666 1.0250732813728975 5.1962598575337324 2.9953405617998232 1.6306874247966328 3.1296792434295631 2.4299023693351947 111.41337500908776 1.4045990500599135 3.9060805430635792 4.3281174461735645 1.4336399859312212 1.2182070651069801 10.700366507888246 1.8509809580282301 0.69607722759246815 7.3425603254509069 6.0357959799657692 8.9120219992491894 1.5048129008791864 1.1810540688165931 1.9855966864124637 1.408510112785734 1.2122506174491716 2.1459089077252429 1.2028706859400795 0.21453883410140395 2.1094735339283943 1.4104929786990394
leaf_count=12 23 54 9 48 130 33 45 880 8371 16 41 97 436 53 415 209 11 391 288 2096 46 26 27 37 22 65 117 260 17 37
internal_value=-0.000256016 -0.0104135 -0.016328 -0.00846585 0.00140939 -0.00128742 -0.00235138 -0.00142254 -0.000584667 -0.000144739 0.0116999 -0.0189516 0.00885374 -0.0570602 0.0118036 0.0232849 -0.0123866 0.00510512 0.0201691 -0.0032645 0.0307291 -0.0156757 -0.000136855 0.0159264 -0.0405686 -0.0386155 -0.0145851 0.0353389 0.0306043 -0.0385713
internal_weight=196.32 27.6541 22.5832 18.9294 168.666 123.813 119.816 116.973 114.543 14.8351 9.10234 5.73272 44.8528 3.65377 40.038 14.7522 2.54706 25.2857 9.03114 16.2546 12.2052 4.81483 3.38119 5.07094 2.84294 4.09438 1.94847 1.39559 3.99727 2.6287
internal_count=14312 586 495 396 13726 9391 9351 9296 8416 202 89 113 4335 99 3586 681 220 2905 418 2487 461 749 313 91 55 194 129 286 40 90
is_linear=0
shrinkage=0.05


Tree=295
num_leaves=31
num_cat=0
split_feature=7 16 6 19 6 5 6 8 3 2 18 11 16 3 16 1 3 18 1 17 17 19 5 6 12 5 8 11 7 5
split_gain=0.984774 2.36493 2.58896 3.31162 2.33253 2.20329 1.90176 2.17659 1.36734 1.24601 1.67823 1.56547 1.40743 2.17383 1.42479 1.39347 1.40686 1.35766 1.28387 1.95928 1.0083 0.976488 1.26937 0.960932 0.911643 0.896262 0.707765 0.330023 0.312877 0.307346
threshold=-0.50000080733447205 0.2965856481481482 0.4810098041222442 0.55499970541376875 0.57194920742150523 0.02026008157169118 0.54669642207598457 0.35143198709261186 0.19929620331408934 0.48172328051398788 50.500000000000007 0.035567962815757262 0.10050505050505053 0.30312374838037431 0.095491388044579545 0.93476445619447091 0.21060659371170345 47.500000000000007 0.97779387389503458 0.76127883310719147 0.95260557053009898 2.1777825801545827 0.046035308374855484 0.89344893320642349 1.368585927421911 0.018212458666633163 0.11349012824330086 0.16262623512298294 -0.8710497808873513 0.069888498268875429
decision_type=2 2 2 2 2 2 2 2 2 2 2 2 2 2 2 2 2 2 2 2 2 2 2 2 2 2 2 2 2 2
left_child=1 2 5 8 26 28 -5 -8 -4 10 17 -12 14 15 18 -14 -17 23 20 -20 -11 22 -7 24 -2 -25 -3 -13 -1 -29
right_child=9 4 3 6 -6 21 7 -9 -10 12 11 27 13 -15 -16 16 -18 -19 19 -21 -22 -23 -24 25 -26 -27 -28 29 -30 -31
leaf_value=0.037789317194884015 0.0032767371275924128 0.047850576613061885 0.02807479743184628 0.044249569406438899 -0.017479263719956038 -0.0030225897629352315 -0.035079539062003715 0.029199510847514928 -0.069542751451928703 -0.011754485310552201 -0.050180070766631217 0.056173889597840081 -0.059273186019107187 -0.060612273771604989 0.051549560398449878 -0.023013511371672721 0.010828911800003437 -0.058736109325084045 0.0055952657784768892 -0.026196148839108913 0.043545426268651259 -0.075974086850398623 -0.056735982478557045 0.01876681975905968 0.022717253749261021 -0.060795599806310469 0.010835918836936864 0.046076803328323306 -0.0059462891289418099 -0.012775586640703523
leaf_weight=0.75294580771878827 113.45478045717005 3.3708127186400798 0.43514595385568045 3.1306575085472996 3.7645486886613071 1.7450098048138896 2.8069703556102468 2.4810276878997684 2.0425977597624296 1.2153344159342006 0.4653679929797353 2.6683374881686182 1.2699721528897523 2.4399738777428857 1.3562572087485012 5.5497385753251347 6.8753507276123855 0.87427925576957832 13.387546300387841 7.5962564426595227 2.5618453421502636 2.4141470671165735 2.9754154088004725 0.52725801798078364 6.3689693424967109 1.0769584892295823 2.0935738936532289 0.52708221638749808 0.89499541220721368 0.38306549011031166
leaf_count=13 3633 36 52 26 38 23 45 23 63 317 405 36 231 23 64 1198 148 370 296 6203 403 21 99 208 98 80 28 11 32 67
internal_value=0.000448593 -0.00807783 -0.0178715 -0.00158983 0.0128053 -0.0380721 0.0133641 -0.00492104 -0.052399 0.00191053 0.00439623 0.0360871 -0.00552241 -0.0171325 0.00165024 -0.00938599 -0.004287 0.00334839 -0.00108294 -0.00591341 0.0257523 -0.0501081 -0.0368796 0.0037954 0.00431006 -0.0346458 0.0336691 0.0473058 0.0140365 0.0213068
internal_weight=197.506 28.9078 19.6789 10.8964 9.22894 8.78251 8.41866 5.288 2.47774 168.598 126.346 4.04385 42.2523 16.135 26.1172 13.6951 12.4251 122.302 24.761 20.9838 3.77718 7.13457 4.72043 121.428 119.824 1.60422 5.46439 3.57849 1.64794 0.910148
internal_count=14290 499 397 209 102 188 94 68 115 13791 4908 519 8883 1600 7283 1577 1346 4389 7219 6499 720 143 122 4019 3731 288 64 114 45 78
is_linear=0
shrinkage=0.05


Tree=296
num_leaves=19
num_cat=0
split_feature=15 15 9 4 4 2 4 6 6 2 6 15 9 2 9 6 5 17
split_gain=0.886851 1.01428 1.08582 1.80962 1.89825 2.41586 1.8693 1.71376 1.71148 3.51488 1.89626 1.67468 1.43756 1.29738 1.19917 1.10812 0.171521 0.00803362
threshold=0.76388888888888895 0.61250000000000016 3.5000000000000004 0.21954239988638688 0.22226356057559746 0.51305268231560208 0.1772529003666897 0.21734569048640706 0.49640991711857346 0.48871955612943035 0.50872468466710574 0.12326685660018995 6.5000000000000009 0.44112924189349406 1.5000000000000002 0.52121096909648246 0.10582385076528171 0.43050193050193059
decision_type=2 2 2 2 2 2 2 2 2 2 2 2 2 2 2 2 2 2
left_child=1 2 8 6 17 -6 12 -8 9 13 14 -11 -4 -1 -10 -12 -2 -5
right_child=16 -3 3 4 5 -7 7 -9 10 11 15 -13 -14 -15 -16 -17 -18 -19
leaf_value=-0.0085413958478121593 -0.011040640984872141 0.029444777406279817 -0.0058655169044512451 0.05204606054273811 0.012144346750345354 -0.029702052289203057 0.018788623707339174 -0.025071560810154409 -0.034918200828808518 -0.041642123014115628 -0.040146805871145524 -0.13001813197040629 0.020726982614617671 0.025830633715945763 0.063856146623656795 0.0020892540198322869 -0.030033666754752709 0.046817995722867149
leaf_weight=41.760507295795151 2.2425149567425242 3.0232464782893649 11.440929242535278 1.6629407741129392 39.26073354032269 3.7811986631713799 2.7140424680983406 12.414386063963319 0.36728875847256803 2.8148819563380125 1.5986099885958527 0.66214160190429527 9.1440171389494918 2.9385271541741522 1.8807184144916389 54.374892051177085 2.5295245088636875 1.3165351280476896
leaf_count=2040 23 29 507 22 587 149 75 450 133 3384 190 9 506 174 57 5910 18 25
internal_value=0.000182343 0.000713846 0.000252146 0.00458605 0.0111399 0.00846817 -0.00385945 -0.017203 -0.00307716 -0.0100485 0.00269135 -0.0584719 0.00594711 -0.00628177 0.047718 0.000882987 -0.0211083 0.0497359
internal_weight=195.928 191.156 188.132 81.7348 46.0214 43.0419 35.7134 15.1284 106.398 48.1761 58.2215 3.47702 20.5849 44.699 2.24801 55.9735 4.77204 2.97948
internal_count=14288 14247 14218 2321 783 736 1538 525 11897 5607 6290 3393 1013 2214 190 6100 41 47
is_linear=0
shrinkage=0.05


Tree=297
num_leaves=31
num_cat=0
split_feature=18 16 19 11 1 2 4 2 11 0 3 7 2 19 3 11 7 7 15 16 17 8 17 19 6 0 8 17 3 15
split_gain=0.837079 1.65758 2.92937 1.4366 1.6647 1.37991 2.55918 1.79315 2.74506 2.38975 1.60798 1.56308 1.45509 1.96171 1.3971 1.34207 1.30337 1.77543 2.90094 2.91634 1.25535 2.57307 2.38696 1.25163 1.1283 1.09504 2.20944 0.925635 0.649977 0.547035
threshold=4.5000000000000009 0.40192307692307699 1.3744702889869529 0.0066089806940364789 0.72285972251239927 0.016853039026482993 0.38673635245927801 0.29046807881274261 0.010490979448642855 0.68023744764755634 0.44130518441058691 0.41430731178616836 0.0058343114416583696 0.44806282800178016 0.19745799295263355 0.23150153802462067 -1.0061724284617068 -0.52397714857510425 0.027212143650499818 0.21081871345029243 0.28730158730158734 -0.39333090527602471 0.33630952380952389 0.56552793720406325 0.78373151450277423 0.69999925015597209 -0.089855396254323844 0.23861283643892342 0.27243999406403191 0.17902930402930406
decision_type=2 2 2 2 2 2 2 2 2 2 2 2 2 2 2 2 2 2 2 2 2 2 2 2 2 2 2 2 2 2
left_child=5 16 15 -4 27 6 -1 9 -9 11 12 -7 -8 -14 -11 29 -2 18 23 -20 21 -19 -22 -18 -16 -12 -27 -5 -6 -3
right_child=1 2 3 4 28 7 10 8 -10 14 25 -13 13 -15 24 -17 17 20 19 -21 22 -23 -24 -25 -26 26 -28 -29 -30 -31
leaf_value=-0.049306012248704817 0.035992345242611239 -0.052148238275731965 -0.054998317181761916 -0.0707111810030287 -0.0016930942820527614 -0.039223763614310667 -0.065409118759632096 0.023035529676959512 -0.047104271195249535 -0.014224522611632049 0.03774883473660165 0.02024326518675177 0.017009901410376397 -0.026979616396021363 0.036538834692804369 0.017940222743198019 -0.052672083599894053 -0.017541183506335722 -0.050749246031876576 0.010665478047556607 -0.029202307186727158 0.036951298627071506 0.001096164848013471 0.058427557342224691 0.00093010652114497569 -0.042812664458581506 0.024148956959316403 0.050968542434910495 0.047666316407677212 -0.095307526298084644
leaf_weight=2.6855232549132806 2.425096027491235 2.5916634307486661 0.86194980983418634 0.70600354608541227 0.94907734991647918 2.5846975662279936 1.0842938775895188 2.7461463485378763 2.8351194387068972 1.8849103538668739 3.9400698021054303 1.9302313122898338 5.1903146489057672 4.9528942475153599 14.606258934363725 0.57374183798674483 0.3081319352168056 3.3121443102136254 6.2612267177173617 2.7962927306070924 6.9235033130971706 6.2618448229331971 106.38404983203736 1.4299983499076914 2.6243021155532906 1.7782330980990106 4.0095071787582048 0.20073242485523224 2.2437087800353765 1.0243813426641279
leaf_count=57 79 395 93 107 68 35 24 32 34 20 44 20 106 125 195 11 95 44 85 29 80 79 12065 24 64 27 271 4 20 11
internal_value=0.000240439 -0.00172009 -0.0223186 0.00367741 0.0160143 0.00562853 -0.00335217 0.0128966 -0.0125934 0.018917 0.00253704 -0.0138003 -0.0103552 -0.00447003 0.0266446 -0.0531027 -0.000335086 -0.000994117 -0.0204348 -0.0317889 0.00071383 0.0180995 -0.000755182 0.0387321 0.0311154 0.0174168 0.00357558 -0.0437738 0.0329939 -0.0643747
internal_weight=198.106 145.254 9.15126 4.96147 4.09952 52.8525 23.6408 29.2117 5.58127 23.6304 20.9553 4.51493 11.2275 10.1432 19.1155 4.18979 136.102 133.677 10.7956 9.05752 122.882 9.57399 113.308 1.73813 17.2306 9.72781 5.78774 0.906736 3.19279 3.61604
internal_count=14343 13289 709 292 199 1054 654 400 66 334 597 55 255 231 279 417 12580 12501 233 114 12268 123 12145 119 259 342 298 111 88 406
is_linear=0
shrinkage=0.05


Tree=298
num_leaves=14
num_cat=0
split_feature=5 0 0 19 18 19 19 6 15 17 19 15 3
split_gain=0.912853 0.739647 1.57937 0.856329 0.801915 0.755271 0.887074 0.660589 0.270783 0.107508 0.0539819 0.000808588 3.69351e-05
threshold=0.35019181444754016 2.2584466459382786 1.000230123974984 0.26361949996358019 1.5000000000000002 0.32500006381653518 0.45421879159031625 0.49918642911044037 0.16515151515151519 0.5300120048019209 0.38198310920148659 0.133974358974359 0.11876116235271779
decision_type=2 2 2 2 2 2 2 2 2 2 2 2 2
left_child=1 2 3 -1 -4 7 -7 -5 11 -3 -2 -6 -12
right_child=10 9 4 5 8 6 -8 -9 -10 -11 12 -13 -14
leaf_value=0.042127761753240171 -0.084555266417053118 0.020745029669184845 0.014866141152504134 -0.0021436422478406528 -0.051258299065414237 0.010591926364987169 -0.00084922851994899103 -0.056922175440184387 -0.01363577208539315 0.046987052667927742 -0.052081676834307034 -0.054599054489306721 -0.050789904295914706
leaf_weight=1.2118107769674669 0.25372260643052769 0.76420596154639386 0.71425755036761929 1.1163148631603683 2.2066936289402301 18.843001555937008 167.91411659872892 1.0855742802377788 0.5863291480927727 0.79766104434384033 0.089403409219812602 0.19732074160128821 0.1452178311010357
leaf_count=12 7 23 9 17 1206 1397 11554 23 10 19 24 4 26
internal_value=-0.000293801 -0.000123199 -0.000399281 0.000230587 -0.0327327 -3.81035e-05 0.000305136 -0.0291505 -0.0441019 0.0341471 -0.0685694 -0.0515325 -0.0512821
internal_weight=195.926 195.437 193.875 190.171 3.7046 188.959 186.757 2.20189 2.99034 1.56187 0.488344 2.40401 0.234621
internal_count=14331 14274 14232 13003 1229 12991 12951 40 1220 42 57 1210 50
is_linear=0
shrinkage=0.05


Tree=299
num_leaves=29
num_cat=0
split_feature=13 2 2 2 4 18 12 1 6 12 15 15 2 19 17 15 15 18 18 19 1 19 14 1 0 0 17 4
split_gain=0.733802 0.678587 0.972001 1.00778 0.786745 0.595397 0.572521 0.566907 0.538143 0.50698 0.379142 0.00221303 0.0011317 0.000539324 0.000225967 5.28561e-05 3.85133e-05 5.59415e-06 3.50283e-06 2.27319e-06 1.69323e-06 5.2411e-07 2.96026e-07 4.27177e-07 1.97649e-07 1.4591e-07 9.77869e-08 7.56911e-08
threshold=1.0000000180025095e-35 0.6464435539993586 0.64576185762492677 0.64568939707637629 0.11946150835822612 83.500000000000014 1.368585927421911 0.97104273854334489 0.83481862328269274 1.0152294208303594 0.28388278388278393 0.16515151515151519 0.024011312746534164 0.86370314655063052 0.57223113964687011 0.050933932895191984 0.33589743589743598 28.500000000000004 8.5000000000000018 0.44499934604009805 2.1365178262240221 0.52823451348619332 0.030583613916947253 0.98791155473061254 0.90000385134829253 0.90000103701928003 0.50362318840579723 0.10720912388392859
decision_type=2 2 2 2 2 2 2 2 2 2 2 2 2 2 2 2 2 2 2 2 2 2 2 2 2 2 2 2
left_child=1 2 3 4 10 7 -6 18 9 -9 -1 14 -2 17 -4 -16 -10 -14 -3 22 27 -20 23 -7 25 -21 -26 -19
right_child=12 5 11 -5 6 19 -8 8 16 -11 -12 -13 13 -15 15 -17 -18 20 21 24 -22 -23 -24 -25 26 -27 -28 -29
leaf_value=-0.055316585911096929 -0.058231200546776218 -0.050844628606028799 -0.053527025124609877 0.063863289578323518 0.00011133121295965666 -0.05049474251871109 0.01148261603192424 0.02721861356361709 -0.050351253153706893 -0.050697061950577743 0.042707258723088802 -0.056522258502280188 -0.050744188943709058 -0.054001343111835444 -0.050091689207573731 -0.051210447307346467 -0.052076754126935479 -0.050233557792281204 -0.050270770375919177 -0.050059066603003056 -0.050666714660361517 -0.050128915399997975 -0.050611368610114962 -0.050172048316956513 -0.050248408746090524 -0.05036913788777983 -0.050023319567093411 -0.050031198995604854
leaf_weight=0.86592940199443447 0.12137289345264335 0.022951455786823227 0.061550609767435982 0.63154136581215325 175.23410242186355 0.020195412893372011 11.81546040750254 6.3345464099575111 0.2081052529720181 0.21589192965620885 0.1113279964774847 0.21092759585008025 0.082167361557367258 0.32567752105205727 0.46424800942349975 0.13665163249243051 0.038288392126560211 0.0050098320207325733 0.13105983652530995 0.0076273839113127906 0.013286632296512835 0.12940623744361801 0.012203593942103907 0.020837455896980828 0.0049191708676517001 0.007549191199359484 0.25247581500798333 0.059547148691763141
leaf_count=453 1 2 1 52 7756 4 188 1609 173 92 3 3 14 30 1088 15 1 2 62 45 2 198 2 114 1 2 1932 411
internal_value=0.000974999 0.00114419 0.000564013 0.00080764 0.000595849 0.0159918 0.000829627 0.0190329 0.021922 0.0246506 -0.0441498 -0.0520619 -0.0539127 -0.0528335 -0.0506417 -0.0503461 -0.0506194 -0.0504564 -0.0502525 -0.0500963 -0.0501527 -0.0502003 -0.0503952 -0.0503309 -0.050038 -0.0502133 -0.0500276 -0.0500469
internal_weight=197.545 196.938 189.532 188.658 188.027 7.40606 187.05 7.08025 6.79683 6.55044 0.977257 0.873378 0.607061 0.485688 0.66245 0.6009 0.246394 0.160011 0.283418 0.325808 0.0778436 0.260466 0.0532365 0.0410329 0.272572 0.0151766 0.257395 0.064557
internal_count=14256 13796 9559 8452 8400 4237 7944 2137 1875 1701 456 1107 460 459 1104 1103 174 429 262 2100 415 260 120 118 1980 47 1933 413
is_linear=0
shrinkage=0.05


end of trees

feature_importances:
height_ratio=778
gap_above_ratio=748
gap_below_ratio=743
left_frac=639
y_center_frac=637
math_frac=632
char_count=530
font_size_ratio=512
mean_char_width=459
letter_frac=445
center_offset_frac=423
right_gap_frac=379
width_frac=376
digit_frac=293
baseline_dispersion=291
cell_count=258
baseline_count=111
bold_frac=97
size_max_med_ratio=61
italic_frac=36

parameters:
[boosting: gbdt]
[objective: binary]
[metric: binary_logloss]
[tree_learner: serial]
[device_type: cpu]
[data_sample_strategy: bagging]
[data: ]
[valid: ]
[num_iterations: 300]
[learning_rate: 0.05]
[num_leaves: 31]
[num_threads: 1]
[seed: 20260806]
[deterministic: 1]
[force_col_wise: 0]
[force_row_wise: 1]
[histogram_pool_size: -1]
[max_depth: 6]
[min_data_in_leaf: 20]
[min_sum_hessian_in_leaf: 0.001]
[bagging_fraction: 0.9]
[pos_bagging_fraction: 1]
[neg_bagging_fraction: 1]
[bagging_freq: 1]
[bagging_seed: 7702]
[bagging_by_query: 0]
[feature_fraction: 0.9]
[feature_fraction_bynode: 1]
[feature_fraction_seed: 5118]
[extra_trees: 0]
[extra_seed: 18829]
[early_stopping_round: 0]
[early_stopping_min_delta: 0]
[first_metric_only: 0]
[max_delta_step: 0]
[lambda_l1: 0]
[lambda_l2: 0]
[linear_lambda: 0]
[min_gain_to_split: 0]
[drop_rate: 0.1]
[max_drop: 50]
[skip_drop: 0.5]
[xgboost_dart_mode: 0]
[uniform_drop: 0]
[drop_seed: 17889]
[top_rate: 0.2]
[other_rate: 0.1]
[min_data_per_group: 100]
[max_cat_threshold: 32]
[cat_l2: 10]
[cat_smooth: 10]
[max_cat_to_onehot: 4]
[top_k: 20]
[monotone_constraints: ]
[monotone_constraints_method: basic]
[monotone_penalty: 0]
[feature_contri: ]
[forcedsplits_filename: ]
[refit_decay_rate: 0.9]
[cegb_tradeoff: 1]
[cegb_penalty_split: 0]
[cegb_penalty_feature_lazy: ]
[cegb_penalty_feature_coupled: ]
[path_smooth: 0]
[interaction_constraints: ]
[verbosity: -1]
[saved_feature_importance_type: 0]
[use_quantized_grad: 0]
[num_grad_quant_bins: 4]
[quant_train_renew_leaf: 0]
[stochastic_rounding: 1]
[linear_tree: 0]
[max_bin: 255]
[max_bin_by_feature: ]
[min_data_in_bin: 3]
[bin_construct_sample_cnt: 200000]
[data_random_seed: 4713]
[is_enable_sparse: 1]
[enable_bundle: 1]
[use_missing: 1]
[zero_as_missing: 0]
[feature_pre_filter: 1]
[pre_partition: 0]
[two_round: 0]
[header: 0]
[label_column: ]
[weight_column: ]
[group_column: ]
[ignore_column: ]
[categorical_feature: ]
[forcedbins_filename: ]
[precise_float_parser: 0]
[parser_config_file: ]
[objective_seed: 10077]
[num_class: 1]
[is_unbalance: 0]
[scale_pos_weight: 1]
[sigmoid: 1]
[boost_from_average: 1]
[reg_sqrt: 0]
[alpha: 0.9]
[fair_c: 1]
[poisson_max_delta_step: 0.7]
[tweedie_variance_power: 1.5]
[lambdarank_truncation_level: 30]
[lambdarank_norm: 1]
[label_gain: ]
[lambdarank_position_bias_regularization: 0]
[eval_at: ]
[multi_error_top_k: 1]
[auc_mu_weights: ]
[num_machines: 1]
[local_listen_port: 12400]
[time_out: 120]
[machine_list_filename: ]
[machines: ]
[gpu_platform_id: -1]
[gpu_device_id: -1]
[gpu_device_id_list: ]
[gpu_use_dp: 0]
[num_gpu: 1]

end of parameters

pandas_categorical:null
